{
  "gt_count": 10292,
  "mean_obj_recall": 0.05170943873061331,
  "mean_scene_recall": 0.048970073843762146,
  "obj_recalls": {"1": 0.1977124183006536, "2": 0.04531410916580844, "3": 0.0006997900629811056, "4": 0.043542435424354244, "5": 0.020356234096692113, "6": 0.04209621993127148, "7": 0.05292702485966319, "8": 0.011027278003482298},
  "recall": 0.048970073843762146,
  "scene_recalls": {"1": 0.048970073843762146},
  "targets_count": 10292,
  "tp_count": 504
}