{
  "gt_count": 10292,
  "mean_obj_recall": 0.05658621048975078,
  "mean_scene_recall": 0.05373105324523902,
  "obj_recalls": {"1": 0.20506535947712418, "2": 0.04943357363542739, "3": 0.0013995801259622112, "4": 0.047232472324723246, "5": 0.027989821882951654, "6": 0.04553264604810996, "7": 0.06094627105052125, "8": 0.015089959373186303},
  "recall": 0.05373105324523902,
  "scene_recalls": {"1": 0.05373105324523902},
  "targets_count": 10292,
  "tp_count": 553
}