{
  "gt_count": 10292,
  "mean_obj_recall": 0.025999819901366628,
  "mean_scene_recall": 0.024485036921881073,
  "obj_recalls": {"1": 0.11437908496732026, "2": 0.021627188465499485, "3": 0.0, "4": 0.02730627306273063, "5": 0.004240882103477523, "6": 0.020618556701030927, "7": 0.019246190858059342, "8": 0.0005803830528148578},
  "recall": 0.024485036921881073,
  "scene_recalls": {"1": 0.024485036921881073},
  "targets_count": 10292,
  "tp_count": 252
}