{
  "gt_count": 10292,
  "mean_obj_recall": 0.0600890114598814,
  "mean_scene_recall": 0.0571317528177225,
  "obj_recalls": {"1": 0.20669934640522875, "2": 0.05458290422245108, "3": 0.002099370188943317, "4": 0.047232472324723246, "5": 0.033927056827820185, "6": 0.04725085910652921, "7": 0.06976744186046512, "8": 0.019152640742890307},
  "recall": 0.0571317528177225,
  "scene_recalls": {"1": 0.0571317528177225},
  "targets_count": 10292,
  "tp_count": 588
}