{
  "gt_count": 10292,
  "mean_obj_recall": 0.04367033344294697,
  "mean_scene_recall": 0.041294209094442286,
  "obj_recalls": {"1": 0.17320261437908496, "2": 0.037075180226570546, "3": 0.0, "4": 0.04206642066420664, "5": 0.01102629346904156, "6": 0.03608247422680412, "7": 0.044105854049719326, "8": 0.005803830528148578},
  "recall": 0.041294209094442286,
  "scene_recalls": {"1": 0.041294209094442286},
  "targets_count": 10292,
  "tp_count": 425
}