{
  "gt_count": 10292,
  "mean_obj_recall": 0.01711966705486094,
  "mean_scene_recall": 0.016031869413136418,
  "obj_recalls": {"1": 0.08415032679738563, "2": 0.016477857878475798, "3": 0.0, "4": 0.016236162361623615, "5": 0.0008481764206955047, "6": 0.012027491408934709, "7": 0.007217321571772253, "8": 0.0},
  "recall": 0.016031869413136418,
  "scene_recalls": {"1": 0.016031869413136418},
  "targets_count": 10292,
  "tp_count": 165
}