{
  "gt_count": 10292,
  "mean_obj_recall": 0.03459555237088103,
  "mean_scene_recall": 0.03264671589584143,
  "obj_recalls": {"1": 0.14052287581699346, "2": 0.028836251287332648, "3": 0.0, "4": 0.037638376383763834, "5": 0.005937234944868533, "6": 0.029209621993127148, "7": 0.03287890938251804, "8": 0.0017411491584445734},
  "recall": 0.03264671589584143,
  "scene_recalls": {"1": 0.03264671589584143},
  "targets_count": 10292,
  "tp_count": 336
}