{
  "gt_count": 10292,
  "mean_obj_recall": 0.013147165537555346,
  "mean_scene_recall": 0.012339681305868636,
  "obj_recalls": {"1": 0.0718954248366013, "2": 0.010298661174047374, "3": 0.0, "4": 0.01107011070110701, "5": 0.0, "6": 0.010309278350515464, "7": 0.0016038492381716118, "8": 0.0},
  "recall": 0.012339681305868636,
  "scene_recalls": {"1": 0.012339681305868636},
  "targets_count": 10292,
  "tp_count": 127
}