{
  "gt_count": 10292,
  "mean_obj_recall": 0.0444214882455253,
  "mean_scene_recall": 0.04236300038865138,
  "obj_recalls": {"1": 0.2622549019607843, "2": 0.02265705458290422, "3": 0.034289713086074175, "4": 0.0014760147601476014, "5": 0.006785411365564037, "6": 0.01632302405498282, "7": 0.010425020048115477, "8": 0.0011607661056297156},
  "recall": 0.04236300038865138,
  "scene_recalls": {"1": 0.04236300038865138},
  "targets_count": 10292,
  "tp_count": 436
}