{
  "gt_count": 10292,
  "mean_obj_recall": 0.001838235294117647,
  "mean_scene_recall": 0.001748931208705791,
  "obj_recalls": {"1": 0.014705882352941176, "2": 0.0, "3": 0.0, "4": 0.0, "5": 0.0, "6": 0.0, "7": 0.0, "8": 0.0},
  "recall": 0.001748931208705791,
  "scene_recalls": {"1": 0.001748931208705791},
  "targets_count": 10292,
  "tp_count": 18
}