{
  "gt_count": 10292,
  "mean_obj_recall": 0.05085697308779202,
  "mean_scene_recall": 0.04838709677419355,
  "obj_recalls": {"1": 0.28513071895424835, "2": 0.029866117404737384, "3": 0.0363890832750175, "4": 0.0014760147601476014, "5": 0.007633587786259542, "6": 0.019759450171821305, "7": 0.024859663191659984, "8": 0.0017411491584445734},
  "recall": 0.04838709677419355,
  "scene_recalls": {"1": 0.04838709677419355},
  "targets_count": 10292,
  "tp_count": 498
}