{
  "gt_count": 10292,
  "mean_obj_recall": 0.030084368850210125,
  "mean_scene_recall": 0.02885736494364555,
  "obj_recalls": {"1": 0.18790849673202614, "2": 0.01132852729145211, "3": 0.02799160251924423, "4": 0.0014760147601476014, "5": 0.0, "6": 0.011168384879725086, "7": 0.0008019246190858059, "8": 0.0},
  "recall": 0.02885736494364555,
  "scene_recalls": {"1": 0.02885736494364555},
  "targets_count": 10292,
  "tp_count": 297
}