{
  "gt_count": 10292,
  "mean_obj_recall": 0.023910085630644846,
  "mean_scene_recall": 0.02293043140303148,
  "obj_recalls": {"1": 0.15604575163398693, "2": 0.007209062821833162, "3": 0.020293911826452064, "4": 0.0, "5": 0.0, "6": 0.007731958762886598, "7": 0.0, "8": 0.0},
  "recall": 0.02293043140303148,
  "scene_recalls": {"1": 0.02293043140303148},
  "targets_count": 10292,
  "tp_count": 236
}