{
  "gt_count": 10292,
  "mean_obj_recall": 0.0730624031040361,
  "mean_scene_recall": 0.06986008550330354,
  "obj_recalls": {"1": 0.32516339869281047, "2": 0.04016477857878476, "3": 0.03848845346396081, "4": 0.0036900369003690036, "5": 0.07039864291772689, "6": 0.02663230240549828, "7": 0.06255012028869286, "8": 0.017411491584445733},
  "recall": 0.06986008550330354,
  "scene_recalls": {"1": 0.06986008550330354},
  "targets_count": 10292,
  "tp_count": 719
}