{
  "gt_count": 10292,
  "mean_obj_recall": 0.05785671802507674,
  "mean_scene_recall": 0.05509133307423241,
  "obj_recalls": {"1": 0.30718954248366015, "2": 0.035015447991761074, "3": 0.0363890832750175, "4": 0.0014760147601476014, "5": 0.017811704834605598, "6": 0.02147766323024055, "7": 0.03769045709703288, "8": 0.005803830528148578},
  "recall": 0.05509133307423241,
  "scene_recalls": {"1": 0.05509133307423241},
  "targets_count": 10292,
  "tp_count": 567
}