{
  "gt_count": 10292,
  "mean_obj_recall": 0.06576058551528348,
  "mean_scene_recall": 0.06286436066848038,
  "obj_recalls": {"1": 0.3202614379084967, "2": 0.03604531410916581, "3": 0.0370888733379986, "4": 0.0036900369003690036, "5": 0.03816793893129771, "6": 0.02491408934707904, "7": 0.053728949478749, "8": 0.012188044109112013},
  "recall": 0.06286436066848038,
  "scene_recalls": {"1": 0.06286436066848038},
  "targets_count": 10292,
  "tp_count": 647
}