{
  "gt_count": 10292,
  "mean_obj_recall": 0.03782448875225164,
  "mean_scene_recall": 0.03614457831325301,
  "obj_recalls": {"1": 0.22794117647058823, "2": 0.017507723995880537, "3": 0.031490552834149754, "4": 0.0014760147601476014, "5": 0.004240882103477523, "6": 0.013745704467353952, "7": 0.0056134723336006415, "8": 0.0005803830528148578},
  "recall": 0.03614457831325301,
  "scene_recalls": {"1": 0.03614457831325301},
  "targets_count": 10292,
  "tp_count": 372
}