{
  "gt_count": 10292,
  "mean_obj_recall": 0.017043802475803636,
  "mean_scene_recall": 0.016226195102992617,
  "obj_recalls": {"1": 0.12908496732026145, "2": 0.0010298661174047373, "3": 0.0027991602519244225, "4": 0.0, "5": 0.0, "6": 0.003436426116838488, "7": 0.0, "8": 0.0},
  "recall": 0.016226195102992617,
  "scene_recalls": {"1": 0.016226195102992617},
  "targets_count": 10292,
  "tp_count": 167
}