{
  "gt_count": 10279,
  "mean_obj_recall": 0.5724201473188455,
  "mean_scene_recall": 0.6317302377003869,
  "obj_recalls": {"1": 0.9330065359477124, "2": 0.7744593202883625, "3": 0.4541637508747376, "4": 0.6553505535055351, "5": 0.7099236641221374, "6": 0.6572164948453608, "7": 0.0, "8": 0.3952408589669182},
  "recall": 0.6317302377003869,
  "scene_recalls": {"1": 0.6317302377003869},
  "targets_count": 9045,
  "tp_count": 5714
}