{
  "gt_count": 10279,
  "mean_obj_recall": 0.6111763152956186,
  "mean_scene_recall": 0.6758430071862908,
  "obj_recalls": {"1": 0.9468954248366013, "2": 0.835221421215242, "3": 0.509447165850245, "4": 0.6745387453874538, "5": 0.7871077184054284, "6": 0.6881443298969072, "7": 0.0, "8": 0.4480557167730702},
  "recall": 0.6758430071862908,
  "scene_recalls": {"1": 0.6758430071862908},
  "targets_count": 9045,
  "tp_count": 6113
}