{
  "gt_count": 10279,
  "mean_obj_recall": 0.5163723320562792,
  "mean_scene_recall": 0.5690436705362079,
  "obj_recalls": {"1": 0.9256535947712419, "2": 0.6972193614830072, "3": 0.40307907627711687, "4": 0.6280442804428045, "5": 0.5207803223070399, "6": 0.6288659793814433, "7": 0.0, "8": 0.3273360417875798},
  "recall": 0.5690436705362079,
  "scene_recalls": {"1": 0.5690436705362079},
  "targets_count": 9045,
  "tp_count": 5147
}