{
  "gt_count": 10279,
  "mean_obj_recall": 0.11520628464593863,
  "mean_scene_recall": 0.12415699281370923,
  "obj_recalls": {"1": 0.3333333333333333, "2": 0.15550978372811536, "3": 0.1357592722183345, "4": 0.11586715867158671, "5": 0.032230703986429174, "6": 0.14604810996563575, "7": 0.0, "8": 0.002901915264074289},
  "recall": 0.12415699281370923,
  "scene_recalls": {"1": 0.12415699281370923},
  "targets_count": 9045,
  "tp_count": 1123
}