{
  "gt_count": 10279,
  "mean_obj_recall": 0.2927809475598017,
  "mean_scene_recall": 0.3181868435599779,
  "obj_recalls": {"1": 0.6985294117647058, "2": 0.3964984552008239, "3": 0.258222533240028, "4": 0.39114391143911437, "5": 0.16963528413910092, "6": 0.3556701030927835, "7": 0.0, "8": 0.07254788160185723},
  "recall": 0.3181868435599779,
  "scene_recalls": {"1": 0.3181868435599779},
  "targets_count": 9045,
  "tp_count": 2878
}