{
  "gt_count": 10279,
  "mean_obj_recall": 0.2022944122377126,
  "mean_scene_recall": 0.2181315644002211,
  "obj_recalls": {"1": 0.5302287581699346, "2": 0.27703398558187436, "3": 0.20783764870538837, "4": 0.23468634686346865, "5": 0.10517387616624257, "6": 0.24656357388316152, "7": 0.0, "8": 0.016831108531630876},
  "recall": 0.2181315644002211,
  "scene_recalls": {"1": 0.2181315644002211},
  "targets_count": 9045,
  "tp_count": 1973
}