{
  "gt_count": 10279,
  "mean_obj_recall": 0.10489361538561816,
  "mean_scene_recall": 0.11332227750138198,
  "obj_recalls": {"1": 0.3112745098039216, "2": 0.13697219361483007, "3": 0.13226032190342898, "4": 0.07380073800738007, "5": 0.1102629346904156, "6": 0.06529209621993128, "7": 0.0, "8": 0.009286128845037725},
  "recall": 0.11332227750138198,
  "scene_recalls": {"1": 0.11332227750138198},
  "targets_count": 9045,
  "tp_count": 1025
}