{
  "gt_count": 10279,
  "mean_obj_recall": 0.15621863506746042,
  "mean_scene_recall": 0.16694306246545051,
  "obj_recalls": {"1": 0.4673202614379085, "2": 0.2451081359423275, "3": 0.14135759272218335, "4": 0.08782287822878229, "5": 0.16539440203562342, "6": 0.11082474226804123, "7": 0.0, "8": 0.03192106790481718},
  "recall": 0.16694306246545051,
  "scene_recalls": {"1": 0.16694306246545051},
  "targets_count": 9045,
  "tp_count": 1510
}