{
  "gt_count": 10279,
  "mean_obj_recall": 0.35478730601478603,
  "mean_scene_recall": 0.39601990049751246,
  "obj_recalls": {"1": 0.6560457516339869, "2": 0.4191555097837281, "3": 0.18894331700489853, "4": 0.16605166051660517, "5": 0.724342663273961, "6": 0.2774914089347079, "7": 0.0, "8": 0.4062681369704005},
  "recall": 0.39601990049751246,
  "scene_recalls": {"1": 0.39601990049751246},
  "targets_count": 9045,
  "tp_count": 3582
}