{
  "gt_count": 10279,
  "mean_obj_recall": 0.2042963144971209,
  "mean_scene_recall": 0.21978993919292428,
  "obj_recalls": {"1": 0.553921568627451, "2": 0.33161688980432547, "3": 0.1490552834149755, "4": 0.12177121771217712, "5": 0.24257845631891434, "6": 0.14604810996563575, "7": 0.0, "8": 0.0893789901334881},
  "recall": 0.21978993919292428,
  "scene_recalls": {"1": 0.21978993919292428},
  "targets_count": 9045,
  "tp_count": 1988
}