{
  "gt_count": 10279,
  "mean_obj_recall": 0.336737147335895,
  "mean_scene_recall": 0.3742399115533444,
  "obj_recalls": {"1": 0.6446078431372549, "2": 0.407826982492276, "3": 0.17634709587123862, "4": 0.15793357933579336, "5": 0.6878710771840543, "6": 0.25773195876288657, "7": 0.0, "8": 0.3615786419036564},
  "recall": 0.3742399115533444,
  "scene_recalls": {"1": 0.3742399115533444},
  "targets_count": 9045,
  "tp_count": 3385
}