{
  "gt_count": 10279,
  "mean_obj_recall": 0.2530137386039981,
  "mean_scene_recall": 0.2767274737423991,
  "obj_recalls": {"1": 0.6078431372549019, "2": 0.36560247167868176, "3": 0.15395381385584325, "4": 0.14243542435424356, "5": 0.3757421543681086, "6": 0.18642611683848798, "7": 0.0, "8": 0.19210679048171794},
  "recall": 0.2767274737423991,
  "scene_recalls": {"1": 0.2767274737423991},
  "targets_count": 9045,
  "tp_count": 2503
}