{
  "gt_count": 10279,
  "mean_obj_recall": 0.05626140944436886,
  "mean_scene_recall": 0.06135986733001658,
  "obj_recalls": {"1": 0.1781045751633987, "2": 0.05870236869207003, "3": 0.08467459762071379, "4": 0.045018450184501846, "5": 0.04664970313825276, "6": 0.036941580756013746, "7": 0.0, "8": 0.0},
  "recall": 0.06135986733001658,
  "scene_recalls": {"1": 0.06135986733001658},
  "targets_count": 9045,
  "tp_count": 555
}