{
  "gt_count": 10279,
  "mean_obj_recall": 0.30099848861098344,
  "mean_scene_recall": 0.3326699834162521,
  "obj_recalls": {"1": 0.6274509803921569, "2": 0.388259526261586, "3": 0.16445066480055984, "4": 0.15129151291512916, "5": 0.5581000848176421, "6": 0.22766323024054982, "7": 0.0, "8": 0.2907719094602438},
  "recall": 0.3326699834162521,
  "scene_recalls": {"1": 0.3326699834162521},
  "targets_count": 9045,
  "tp_count": 3009
}