{
  "gt_count": 10292,
  "mean_obj_recall": 0.1875939357891926,
  "mean_scene_recall": 0.17712786630392538,
  "obj_recalls": {"1": 0.4673202614379085, "2": 0.2451081359423275, "3": 0.14135759272218335, "4": 0.08782287822878229, "5": 0.16539440203562342, "6": 0.11082474226804123, "7": 0.25100240577385724, "8": 0.03192106790481718},
  "recall": 0.17712786630392538,
  "scene_recalls": {"1": 0.17712786630392538},
  "targets_count": 10292,
  "tp_count": 1823
}