{
  "gt_count": 10292,
  "mean_obj_recall": 0.09246684590706819,
  "mean_scene_recall": 0.09356781966575982,
  "obj_recalls": {"1": 0.4166666666666667, "2": 0.004119464469618949, "3": 0.055283414975507345, "4": 0.0036900369003690036, "5": 0.03477523324851569, "6": 0.10223367697594501, "7": 0.014434643143544507, "8": 0.1085316308763784},
  "recall": 0.09356781966575982,
  "scene_recalls": {"1": 0.09356781966575982},
  "targets_count": 10292,
  "tp_count": 963
}