{
  "gt_count": 10279,
  "mean_obj_recall": 0.09066251551412513,
  "mean_scene_recall": 0.1044776119402985,
  "obj_recalls": {"1": 0.4166666666666667, "2": 0.004119464469618949, "3": 0.055283414975507345, "4": 0.0036900369003690036, "5": 0.03477523324851569, "6": 0.10223367697594501, "7": 0.0, "8": 0.1085316308763784},
  "recall": 0.1044776119402985,
  "scene_recalls": {"1": 0.1044776119402985},
  "targets_count": 9045,
  "tp_count": 945
}