{
  "gt_count": 10292,
  "mean_obj_recall": 0.009110108820160367,
  "mean_scene_recall": 0.008647493198600855,
  "obj_recalls": {"1": 0.06944444444444445, "2": 0.0, "3": 0.0, "4": 0.0, "5": 0.0, "6": 0.003436426116838488, "7": 0.0, "8": 0.0},
  "recall": 0.008647493198600855,
  "scene_recalls": {"1": 0.008647493198600855},
  "targets_count": 10292,
  "tp_count": 89
}