{
  "gt_count": 10279,
  "mean_obj_recall": 0.002042483660130719,
  "mean_scene_recall": 0.002211166390270868,
  "obj_recalls": {"1": 0.016339869281045753, "2": 0.0, "3": 0.0, "4": 0.0, "5": 0.0, "6": 0.0, "7": 0.0, "8": 0.0},
  "recall": 0.002211166390270868,
  "scene_recalls": {"1": 0.002211166390270868},
  "targets_count": 9045,
  "tp_count": 20
}