{
  "gt_count": 10279,
  "mean_obj_recall": 0.015912109161941825,
  "mean_scene_recall": 0.017468214483139857,
  "obj_recalls": {"1": 0.10947712418300654, "2": 0.0, "3": 0.00979706088173548, "4": 0.0, "5": 0.0008481764206955047, "6": 0.006013745704467354, "7": 0.0, "8": 0.0011607661056297156},
  "recall": 0.017468214483139857,
  "scene_recalls": {"1": 0.017468214483139857},
  "targets_count": 9045,
  "tp_count": 158
}