{
  "gt_count": 10279,
  "mean_obj_recall": 0.05303576843398574,
  "mean_scene_recall": 0.06025428413488115,
  "obj_recalls": {"1": 0.3022875816993464, "2": 0.0, "3": 0.0363890832750175, "4": 0.002952029520295203, "5": 0.005089058524173028, "6": 0.036941580756013746, "7": 0.0, "8": 0.04062681369704005},
  "recall": 0.06025428413488115,
  "scene_recalls": {"1": 0.06025428413488115},
  "targets_count": 9045,
  "tp_count": 545
}