{
  "gt_count": 10279,
  "mean_obj_recall": 0.07988037510759127,
  "mean_scene_recall": 0.0919845218352681,
  "obj_recalls": {"1": 0.3954248366013072, "2": 0.003089598352214212, "3": 0.05038488453463961, "4": 0.0036900369003690036, "5": 0.02374893977947413, "6": 0.07216494845360824, "7": 0.0, "8": 0.09053975623911782},
  "recall": 0.0919845218352681,
  "scene_recalls": {"1": 0.0919845218352681},
  "targets_count": 9045,
  "tp_count": 832
}