{
  "gt_count": 10292,
  "mean_obj_recall": 0.038639939755338935,
  "mean_scene_recall": 0.037990672366886906,
  "obj_recalls": {"1": 0.2361111111111111, "2": 0.0, "3": 0.02799160251924423, "4": 0.0007380073800738007, "5": 0.0033927056827820186, "6": 0.024054982817869417, "7": 0.0, "8": 0.016831108531630876},
  "recall": 0.037990672366886906,
  "scene_recalls": {"1": 0.037990672366886906},
  "targets_count": 10292,
  "tp_count": 391
}