{
  "gt_count": 10279,
  "mean_obj_recall": 0.024567535001907125,
  "mean_scene_recall": 0.027418463239358763,
  "obj_recalls": {"1": 0.14869281045751634, "2": 0.0, "3": 0.02239328201539538, "4": 0.0007380073800738007, "5": 0.0008481764206955047, "6": 0.01632302405498282, "7": 0.0, "8": 0.0075449796865931515},
  "recall": 0.027418463239358763,
  "scene_recalls": {"1": 0.027418463239358763},
  "targets_count": 9045,
  "tp_count": 248
}