{
  "gt_count": 10292,
  "mean_obj_recall": 0.07259804579827339,
  "mean_scene_recall": 0.07335794792071512,
  "obj_recalls": {"1": 0.3790849673202614, "2": 0.0010298661174047373, "3": 0.0489853044086774, "4": 0.002952029520295203, "5": 0.016115351993214587, "6": 0.054982817869415807, "7": 0.0016038492381716118, "8": 0.07603017991874637},
  "recall": 0.07335794792071512,
  "scene_recalls": {"1": 0.07335794792071512},
  "targets_count": 10292,
  "tp_count": 755
}