{
  "gt_count": 10279,
  "mean_obj_recall": 0.07239756464350194,
  "mean_scene_recall": 0.08325041459369818,
  "obj_recalls": {"1": 0.3790849673202614, "2": 0.0010298661174047373, "3": 0.0489853044086774, "4": 0.002952029520295203, "5": 0.016115351993214587, "6": 0.054982817869415807, "7": 0.0, "8": 0.07603017991874637},
  "recall": 0.08325041459369818,
  "scene_recalls": {"1": 0.08325041459369818},
  "targets_count": 9045,
  "tp_count": 753
}