{
  "gt_count": 10292,
  "mean_obj_recall": 0.006418389152086832,
  "mean_scene_recall": 0.006024096385542169,
  "obj_recalls": {"1": 0.0457516339869281, "2": 0.004119464469618949, "3": 0.0, "4": 0.0014760147601476014, "5": 0.0, "6": 0.0, "7": 0.0, "8": 0.0},
  "recall": 0.006024096385542169,
  "scene_recalls": {"1": 0.006024096385542169},
  "targets_count": 10292,
  "tp_count": 62
}