{
  "gt_count": 10292,
  "mean_obj_recall": 0.021565139428715678,
  "mean_scene_recall": 0.020404197434900895,
  "obj_recalls": {"1": 0.10866013071895425, "2": 0.018537590113285273, "3": 0.013995801259622114, "4": 0.006642066420664207, "5": 0.005089058524173028, "6": 0.00859106529209622, "7": 0.010425020048115477, "8": 0.0005803830528148578},
  "recall": 0.020404197434900895,
  "scene_recalls": {"1": 0.020404197434900895},
  "targets_count": 10292,
  "tp_count": 210
}