{
  "gt_count": 10292,
  "mean_obj_recall": 0.019371591067138188,
  "mean_scene_recall": 0.018266614846482704,
  "obj_recalls": {"1": 0.10049019607843138, "2": 0.018537590113285273, "3": 0.013296011196641007, "4": 0.0051660516605166054, "5": 0.0033927056827820186, "6": 0.006872852233676976, "7": 0.007217321571772253, "8": 0.0},
  "recall": 0.018266614846482704,
  "scene_recalls": {"1": 0.018266614846482704},
  "targets_count": 10292,
  "tp_count": 188
}