{
  "gt_count": 10292,
  "mean_obj_recall": 0.016462030483913793,
  "mean_scene_recall": 0.01554605518849592,
  "obj_recalls": {"1": 0.08986928104575163, "2": 0.015447991761071062, "3": 0.011896431070678797, "4": 0.0036900369003690036, "5": 0.002544529262086514, "6": 0.003436426116838488, "7": 0.0048115477145148355, "8": 0.0},
  "recall": 0.01554605518849592,
  "scene_recalls": {"1": 0.01554605518849592},
  "targets_count": 10292,
  "tp_count": 160
}