{
  "gt_count": 10292,
  "mean_obj_recall": 0.014254769552218062,
  "mean_scene_recall": 0.01350563544500583,
  "obj_recalls": {"1": 0.08006535947712418, "2": 0.01132852729145211, "3": 0.010496850944716585, "4": 0.002214022140221402, "5": 0.002544529262086514, "6": 0.002577319587628866, "7": 0.0048115477145148355, "8": 0.0},
  "recall": 0.01350563544500583,
  "scene_recalls": {"1": 0.01350563544500583},
  "targets_count": 10292,
  "tp_count": 139
}