{
  "gt_count": 10292,
  "mean_obj_recall": 0.02418727301924973,
  "mean_scene_recall": 0.02283326855810338,
  "obj_recalls": {"1": 0.11683006535947713, "2": 0.02368692070030896, "3": 0.015395381385584325, "4": 0.006642066420664207, "5": 0.005089058524173028, "6": 0.01288659793814433, "7": 0.011226944667201283, "8": 0.0017411491584445734},
  "recall": 0.02283326855810338,
  "scene_recalls": {"1": 0.02283326855810338},
  "targets_count": 10292,
  "tp_count": 235
}