{
  "gt_count": 10292,
  "mean_obj_recall": 0.011199771099329915,
  "mean_scene_recall": 0.010590750097162845,
  "obj_recalls": {"1": 0.06699346405228758, "2": 0.009268795056642637, "3": 0.006997900629811057, "4": 0.002214022140221402, "5": 0.0, "6": 0.001718213058419244, "7": 0.0024057738572574178, "8": 0.0},
  "recall": 0.010590750097162845,
  "scene_recalls": {"1": 0.010590750097162845},
  "targets_count": 10292,
  "tp_count": 109
}