{
  "gt_count": 10292,
  "mean_obj_recall": 0.026702377543436358,
  "mean_scene_recall": 0.02516517683637777,
  "obj_recalls": {"1": 0.12336601307189543, "2": 0.027806385169927908, "3": 0.01609517144856543, "4": 0.010332103321033211, "5": 0.006785411365564037, "6": 0.015463917525773196, "7": 0.012028869286287089, "8": 0.0017411491584445734},
  "recall": 0.02516517683637777,
  "scene_recalls": {"1": 0.02516517683637777},
  "targets_count": 10292,
  "tp_count": 259
}