{
  "gt_count": 10292,
  "mean_obj_recall": 0.007568364246827784,
  "mean_scene_recall": 0.007092887679751263,
  "obj_recalls": {"1": 0.05392156862745098, "2": 0.005149330587023687, "3": 0.0, "4": 0.0014760147601476014, "5": 0.0, "6": 0.0, "7": 0.0, "8": 0.0},
  "recall": 0.007092887679751263,
  "scene_recalls": {"1": 0.007092887679751263},
  "targets_count": 10292,
  "tp_count": 73
}