{
  "gt_count": 10292,
  "mean_obj_recall": 0.04330065359477124,
  "mean_scene_recall": 0.04119704624951419,
  "obj_recalls": {"1": 0.3464052287581699, "2": 0.0, "3": 0.0, "4": 0.0, "5": 0.0, "6": 0.0, "7": 0.0, "8": 0.0},
  "recall": 0.04119704624951419,
  "scene_recalls": {"1": 0.04119704624951419},
  "targets_count": 10292,
  "tp_count": 424
}