{
  "gt_count": 10292,
  "mean_obj_recall": 0.03809232026143791,
  "mean_scene_recall": 0.036241741158181115,
  "obj_recalls": {"1": 0.3047385620915033, "2": 0.0, "3": 0.0, "4": 0.0, "5": 0.0, "6": 0.0, "7": 0.0, "8": 0.0},
  "recall": 0.036241741158181115,
  "scene_recalls": {"1": 0.036241741158181115},
  "targets_count": 10292,
  "tp_count": 373
}