{
  "gt_count": 10292,
  "mean_obj_recall": 0.04217728758169935,
  "mean_scene_recall": 0.040128254955305094,
  "obj_recalls": {"1": 0.3374183006535948, "2": 0.0, "3": 0.0, "4": 0.0, "5": 0.0, "6": 0.0, "7": 0.0, "8": 0.0},
  "recall": 0.040128254955305094,
  "scene_recalls": {"1": 0.040128254955305094},
  "targets_count": 10292,
  "tp_count": 413
}