{
  "gt_count": 10292,
  "mean_obj_recall": 0.019812091503267973,
  "mean_scene_recall": 0.018849591916051303,
  "obj_recalls": {"1": 0.15849673202614378, "2": 0.0, "3": 0.0, "4": 0.0, "5": 0.0, "6": 0.0, "7": 0.0, "8": 0.0},
  "recall": 0.018849591916051303,
  "scene_recalls": {"1": 0.018849591916051303},
  "targets_count": 10292,
  "tp_count": 194
}