{
  "gt_count": 10292,
  "mean_obj_recall": 0.025735294117647058,
  "mean_scene_recall": 0.024485036921881073,
  "obj_recalls": {"1": 0.20588235294117646, "2": 0.0, "3": 0.0, "4": 0.0, "5": 0.0, "6": 0.0, "7": 0.0, "8": 0.0},
  "recall": 0.024485036921881073,
  "scene_recalls": {"1": 0.024485036921881073},
  "targets_count": 10292,
  "tp_count": 252
}