{
  "gt_count": 10292,
  "mean_obj_recall": 0.03390522875816993,
  "mean_scene_recall": 0.03225806451612903,
  "obj_recalls": {"1": 0.27124183006535946, "2": 0.0, "3": 0.0, "4": 0.0, "5": 0.0, "6": 0.0, "7": 0.0, "8": 0.0},
  "recall": 0.03225806451612903,
  "scene_recalls": {"1": 0.03225806451612903},
  "targets_count": 10292,
  "tp_count": 332
}