{
  "gt_count": 10292,
  "mean_obj_recall": 0.01184640522875817,
  "mean_scene_recall": 0.011270890011659542,
  "obj_recalls": {"1": 0.09477124183006536, "2": 0.0, "3": 0.0, "4": 0.0, "5": 0.0, "6": 0.0, "7": 0.0, "8": 0.0},
  "recall": 0.011270890011659542,
  "scene_recalls": {"1": 0.011270890011659542},
  "targets_count": 10292,
  "tp_count": 116
}