{
  "gt_count": 10279,
  "mean_obj_recall": 0.0030595542859917792,
  "mean_scene_recall": 0.0034273079049198453,
  "obj_recalls": {"1": 0.016339869281045753, "2": 0.0010298661174047373, "3": 0.0027991602519244225, "4": 0.0, "5": 0.0008481764206955047, "6": 0.001718213058419244, "7": 0.0, "8": 0.0017411491584445734},
  "recall": 0.0034273079049198453,
  "scene_recalls": {"1": 0.0034273079049198453},
  "targets_count": 9045,
  "tp_count": 31
}