{
  "gt_count": 10279,
  "mean_obj_recall": 0.000495970489898782,
  "mean_scene_recall": 0.000552791597567717,
  "obj_recalls": {"1": 0.0032679738562091504, "2": 0.0, "3": 0.0006997900629811056, "4": 0.0, "5": 0.0, "6": 0.0, "7": 0.0, "8": 0.0},
  "recall": 0.000552791597567717,
  "scene_recalls": {"1": 0.000552791597567717},
  "targets_count": 9045,
  "tp_count": 5
}