{
  "gt_count": 10279,
  "mean_obj_recall": 0.11480644397663368,
  "mean_scene_recall": 0.12238805970149254,
  "obj_recalls": {"1": 0.29330065359477125, "2": 0.22142121524201855, "3": 0.11756473058082575, "4": 0.15940959409594097, "5": 0.032230703986429174, "6": 0.09278350515463918, "7": 0.0, "8": 0.0017411491584445734},
  "recall": 0.12238805970149254,
  "scene_recalls": {"1": 0.12238805970149254},
  "targets_count": 9045,
  "tp_count": 1107
}