{
  "gt_count": 10279,
  "mean_obj_recall": 0.04249978596706463,
  "mean_scene_recall": 0.044665561083471535,
  "obj_recalls": {"1": 0.14705882352941177, "2": 0.08341915550978372, "3": 0.023792862141357594, "4": 0.04797047970479705, "5": 0.0033927056827820186, "6": 0.03436426116838488, "7": 0.0, "8": 0.0},
  "recall": 0.044665561083471535,
  "scene_recalls": {"1": 0.044665561083471535},
  "targets_count": 9045,
  "tp_count": 404
}