{
  "gt_count": 10292,
  "mean_obj_recall": 0.11861558591729127,
  "mean_scene_recall": 0.11125145744267392,
  "obj_recalls": {"1": 0.29330065359477125, "2": 0.22142121524201855, "3": 0.11756473058082575, "4": 0.15940959409594097, "5": 0.032230703986429174, "6": 0.09278350515463918, "7": 0.030473135525260625, "8": 0.0017411491584445734},
  "recall": 0.11125145744267392,
  "scene_recalls": {"1": 0.11125145744267392},
  "targets_count": 10292,
  "tp_count": 1145
}