{
  "gt_count": 10279,
  "mean_obj_recall": 0.5807033989580082,
  "mean_scene_recall": 0.6420121614151465,
  "obj_recalls": {"1": 0.8521241830065359, "2": 0.835221421215242, "3": 0.38558432470258924, "4": 0.7033210332103321, "5": 0.7701441899915182, "6": 0.6314432989690721, "7": 0.0, "8": 0.4677887405687754},
  "recall": 0.6420121614151465,
  "scene_recalls": {"1": 0.6420121614151465},
  "targets_count": 9045,
  "tp_count": 5807
}