{
  "gt_count": 10279,
  "mean_obj_recall": 0.45200888968337705,
  "mean_scene_recall": 0.49386401326699836,
  "obj_recalls": {"1": 0.7761437908496732, "2": 0.6889804325437693, "3": 0.3107067879636109, "4": 0.6634686346863469, "5": 0.42917726887192537, "6": 0.5171821305841925, "7": 0.0, "8": 0.23041207196749855},
  "recall": 0.49386401326699836,
  "scene_recalls": {"1": 0.49386401326699836},
  "targets_count": 9045,
  "tp_count": 4467
}