{
  "gt_count": 10292,
  "mean_obj_recall": 0.22321185027118,
  "mean_scene_recall": 0.2111348620287602,
  "obj_recalls": {"1": 0.4624183006535948, "2": 0.33985581874356335, "3": 0.2092372288313506, "4": 0.2996309963099631, "5": 0.1272264631043257, "6": 0.18384879725085912, "7": 0.15477145148356056, "8": 0.008705745792222866},
  "recall": 0.2111348620287602,
  "scene_recalls": {"1": 0.2111348620287602},
  "targets_count": 10292,
  "tp_count": 2173
}