{
  "gt_count": 10279,
  "mean_obj_recall": 0.20386541883573495,
  "mean_scene_recall": 0.21890547263681592,
  "obj_recalls": {"1": 0.4624183006535948, "2": 0.33985581874356335, "3": 0.2092372288313506, "4": 0.2996309963099631, "5": 0.1272264631043257, "6": 0.18384879725085912, "7": 0.0, "8": 0.008705745792222866},
  "recall": 0.21890547263681592,
  "scene_recalls": {"1": 0.21890547263681592},
  "targets_count": 9045,
  "tp_count": 1980
}