{
  "gt_count": 10279,
  "mean_obj_recall": 0.5248579551221226,
  "mean_scene_recall": 0.578220011055832,
  "obj_recalls": {"1": 0.8129084967320261, "2": 0.7651905252317199, "3": 0.34219734079776065, "4": 0.6870848708487085, "5": 0.640373197625106, "6": 0.5756013745704467, "7": 0.0, "8": 0.375507835171213},
  "recall": 0.578220011055832,
  "scene_recalls": {"1": 0.578220011055832},
  "targets_count": 9045,
  "tp_count": 5230
}