{
  "gt_count": 10292,
  "mean_obj_recall": 0.04340195116353616,
  "mean_scene_recall": 0.040128254955305094,
  "obj_recalls": {"1": 0.14705882352941177, "2": 0.08341915550978372, "3": 0.023792862141357594, "4": 0.04797047970479705, "5": 0.0033927056827820186, "6": 0.03436426116838488, "7": 0.007217321571772253, "8": 0.0},
  "recall": 0.040128254955305094,
  "scene_recalls": {"1": 0.040128254955305094},
  "targets_count": 10292,
  "tp_count": 413
}