{
  "gt_count": 10292,
  "mean_obj_recall": 0.5329030356336577,
  "mean_scene_recall": 0.5124368441507967,
  "obj_recalls": {"1": 0.7761437908496732, "2": 0.6889804325437693, "3": 0.3107067879636109, "4": 0.6634686346863469, "5": 0.42917726887192537, "6": 0.5171821305841925, "7": 0.6471531676022454, "8": 0.23041207196749855},
  "recall": 0.5124368441507967,
  "scene_recalls": {"1": 0.5124368441507967},
  "targets_count": 10292,
  "tp_count": 5274
}