{
  "gt_count": 10279,
  "mean_obj_recall": 0.28921746243803365,
  "mean_scene_recall": 0.31100055279159755,
  "obj_recalls": {"1": 0.619281045751634, "2": 0.4840370751802266, "3": 0.24002799160251925, "4": 0.44575645756457566, "5": 0.1993214588634436, "6": 0.281786941580756, "7": 0.0, "8": 0.04352872896111434},
  "recall": 0.31100055279159755,
  "scene_recalls": {"1": 0.31100055279159755},
  "targets_count": 9045,
  "tp_count": 2813
}