{
  "gt_count": 10279,
  "mean_obj_recall": 0.6130181995584563,
  "mean_scene_recall": 0.6799336650082919,
  "obj_recalls": {"1": 0.8725490196078431, "2": 0.878475798146241, "3": 0.42477256822953113, "4": 0.7114391143911439, "5": 0.8108566581849025, "6": 0.6726804123711341, "7": 0.0, "8": 0.5333720255368544},
  "recall": 0.6799336650082919,
  "scene_recalls": {"1": 0.6799336650082919},
  "targets_count": 9045,
  "tp_count": 6150
}