{
  "gt_count": 10292,
  "mean_obj_recall": 0.1211511404008043,
  "mean_scene_recall": 0.1173727166731442,
  "obj_recalls": {"1": 0.41911764705882354, "2": 0.03398558187435633, "3": 0.10356892932120364, "4": 0.03837638376383764, "5": 0.031382527565733676, "6": 0.16924398625429554, "7": 0.1491579791499599, "8": 0.024376088218224026},
  "recall": 0.1173727166731442,
  "scene_recalls": {"1": 0.1173727166731442},
  "targets_count": 10292,
  "tp_count": 1208
}