{
  "gt_count": 10292,
  "mean_obj_recall": 0.21619898920292868,
  "mean_scene_recall": 0.2124951418577536,
  "obj_recalls": {"1": 0.5228758169934641, "2": 0.06488156539649846, "3": 0.1357592722183345, "4": 0.0974169741697417, "5": 0.1636980491942324, "6": 0.2981099656357388, "7": 0.3191659983961508, "8": 0.1276842716192687},
  "recall": 0.2124951418577536,
  "scene_recalls": {"1": 0.2124951418577536},
  "targets_count": 10292,
  "tp_count": 2187
}