{
  "gt_count": 10292,
  "mean_obj_recall": 0.24264213920629832,
  "mean_scene_recall": 0.23882627283326857,
  "obj_recalls": {"1": 0.5424836601307189, "2": 0.08032955715756952, "3": 0.13925822253324002, "4": 0.1033210332103321, "5": 0.24936386768447838, "6": 0.3127147766323024, "7": 0.3488372093023256, "8": 0.1648287869994196},
  "recall": 0.23882627283326857,
  "scene_recalls": {"1": 0.23882627283326857},
  "targets_count": 10292,
  "tp_count": 2458
}