{
  "gt_count": 10292,
  "mean_obj_recall": 0.26642160505693147,
  "mean_scene_recall": 0.2625340069957248,
  "obj_recalls": {"1": 0.553921568627451, "2": 0.09680741503604531, "3": 0.15255423372988103, "4": 0.11439114391143912, "5": 0.3256997455470738, "6": 0.3238831615120275, "7": 0.3696872493985565, "8": 0.19442832269297736},
  "recall": 0.2625340069957248,
  "scene_recalls": {"1": 0.2625340069957248},
  "targets_count": 10292,
  "tp_count": 2702
}