{
  "gt_count": 10292,
  "mean_obj_recall": 0.15506674052314284,
  "mean_scene_recall": 0.15099106101826662,
  "obj_recalls": {"1": 0.46895424836601307, "2": 0.0411946446961895, "3": 0.11546536039188243, "4": 0.06420664206642067, "5": 0.05597964376590331, "6": 0.22852233676975944, "7": 0.2157177225340818, "8": 0.05049332559489263},
  "recall": 0.15099106101826662,
  "scene_recalls": {"1": 0.15099106101826662},
  "targets_count": 10292,
  "tp_count": 1554
}