{
  "gt_count": 10292,
  "mean_obj_recall": 0.08330597506595833,
  "mean_scene_recall": 0.08074232413525068,
  "obj_recalls": {"1": 0.3137254901960784, "2": 0.01956745623069001, "3": 0.09097270818754374, "4": 0.016974169741697416, "5": 0.015267175572519083, "6": 0.11769759450171821, "7": 0.0817963111467522, "8": 0.01044689495066744},
  "recall": 0.08074232413525068,
  "scene_recalls": {"1": 0.08074232413525068},
  "targets_count": 10292,
  "tp_count": 831
}