{
  "gt_count": 10292,
  "mean_obj_recall": 0.18616263096413876,
  "mean_scene_recall": 0.18208317139525845,
  "obj_recalls": {"1": 0.5049019607843137, "2": 0.046343975283213185, "3": 0.12876137158852344, "4": 0.08044280442804429, "5": 0.09499575911789652, "6": 0.27491408934707906, "7": 0.27826784282277467, "8": 0.08067324434126523},
  "recall": 0.18208317139525845,
  "scene_recalls": {"1": 0.18208317139525845},
  "targets_count": 10292,
  "tp_count": 1874
}