{
  "gt_count": 10292,
  "mean_obj_recall": 0.013987901700424531,
  "mean_scene_recall": 0.013797123979790129,
  "obj_recalls": {"1": 0.07352941176470588, "2": 0.0, "3": 0.02309307207837649, "4": 0.002214022140221402, "5": 0.0, "6": 0.006872852233676976, "7": 0.0056134723336006415, "8": 0.0005803830528148578},
  "recall": 0.013797123979790129,
  "scene_recalls": {"1": 0.013797123979790129},
  "targets_count": 10292,
  "tp_count": 142
}