{
  "gt_count": 10292,
  "mean_obj_recall": 0.05426192427654263,
  "mean_scene_recall": 0.051690633501748934,
  "obj_recalls": {"1": 0.20833333333333334, "2": 0.05252317198764161, "3": 0.0, "4": 0.028782287822878228, "5": 0.033927056827820185, "6": 0.03264604810996564, "7": 0.05292702485966319, "8": 0.024956471271038887},
  "recall": 0.051690633501748934,
  "scene_recalls": {"1": 0.051690633501748934},
  "targets_count": 10292,
  "tp_count": 532
}