{
  "gt_count": 10292,
  "mean_obj_recall": 0.05011778176778067,
  "mean_scene_recall": 0.04799844539448115,
  "obj_recalls": {"1": 0.2042483660130719, "2": 0.037075180226570546, "3": 0.0, "4": 0.021402214022140223, "5": 0.03307888040712468, "6": 0.03264604810996564, "7": 0.048115477145148355, "8": 0.024376088218224026},
  "recall": 0.04799844539448115,
  "scene_recalls": {"1": 0.04799844539448115},
  "targets_count": 10292,
  "tp_count": 494
}