{
  "gt_count": 10292,
  "mean_obj_recall": 0.040754608836450795,
  "mean_scene_recall": 0.0391566265060241,
  "obj_recalls": {"1": 0.1968954248366013, "2": 0.02059732234809475, "3": 0.0, "4": 0.005904059040590406, "5": 0.021204410517387615, "6": 0.03006872852233677, "7": 0.030473135525260625, "8": 0.02089378990133488},
  "recall": 0.0391566265060241,
  "scene_recalls": {"1": 0.0391566265060241},
  "targets_count": 10292,
  "tp_count": 403
}