{
  "gt_count": 10292,
  "mean_obj_recall": 0.0071054632654209415,
  "mean_scene_recall": 0.006801399144966964,
  "obj_recalls": {"1": 0.05065359477124183, "2": 0.0, "3": 0.0, "4": 0.0, "5": 0.0008481764206955047, "6": 0.002577319587628866, "7": 0.0016038492381716118, "8": 0.0011607661056297156},
  "recall": 0.006801399144966964,
  "scene_recalls": {"1": 0.006801399144966964},
  "targets_count": 10292,
  "tp_count": 70
}