{
  "gt_count": 10292,
  "mean_obj_recall": 0.025339526088572612,
  "mean_scene_recall": 0.02458219976680917,
  "obj_recalls": {"1": 0.1576797385620915, "2": 0.0, "3": 0.0, "4": 0.0, "5": 0.01102629346904156, "6": 0.014604810996563574, "7": 0.007217321571772253, "8": 0.012188044109112013},
  "recall": 0.02458219976680917,
  "scene_recalls": {"1": 0.02458219976680917},
  "targets_count": 10292,
  "tp_count": 253
}