{
  "gt_count": 10292,
  "mean_obj_recall": 0.046713233420073226,
  "mean_scene_recall": 0.04479207151185387,
  "obj_recalls": {"1": 0.20098039215686275, "2": 0.030895983522142123, "3": 0.0, "4": 0.015498154981549815, "5": 0.029686174724342665, "6": 0.030927835051546393, "7": 0.042502004811547714, "8": 0.023215322112594312},
  "recall": 0.04479207151185387,
  "scene_recalls": {"1": 0.04479207151185387},
  "targets_count": 10292,
  "tp_count": 461
}