{
  "gt_count": 10292,
  "mean_obj_recall": 0.05851924106027042,
  "mean_scene_recall": 0.05557714729887291,
  "obj_recalls": {"1": 0.2099673202614379, "2": 0.06385169927909372, "3": 0.0, "4": 0.03837638376383764, "5": 0.03477523324851569, "6": 0.03608247422680412, "7": 0.060144346431435444, "8": 0.024956471271038887},
  "recall": 0.05557714729887291,
  "scene_recalls": {"1": 0.05557714729887291},
  "targets_count": 10292,
  "tp_count": 572
}