{
  "gt_count": 10292,
  "mean_obj_recall": 0.04395156924892529,
  "mean_scene_recall": 0.04226583754372328,
  "obj_recalls": {"1": 0.20016339869281047, "2": 0.02265705458290422, "3": 0.0, "4": 0.01107011070110701, "5": 0.02544529262086514, "6": 0.030927835051546393, "7": 0.03929430633520449, "8": 0.022054556006964595},
  "recall": 0.04226583754372328,
  "scene_recalls": {"1": 0.04226583754372328},
  "targets_count": 10292,
  "tp_count": 435
}