{
  "gt_count": 10292,
  "mean_obj_recall": 0.03804691389014525,
  "mean_scene_recall": 0.03663039253789351,
  "obj_recalls": {"1": 0.19526143790849673, "2": 0.016477857878475798, "3": 0.0, "4": 0.0014760147601476014, "5": 0.018659881255301103, "6": 0.028350515463917526, "7": 0.023255813953488372, "8": 0.02089378990133488},
  "recall": 0.03663039253789351,
  "scene_recalls": {"1": 0.03663039253789351},
  "targets_count": 10292,
  "tp_count": 377
}