{
  "gt_count": 10292,
  "mean_obj_recall": 0.03313254499241603,
  "mean_scene_recall": 0.032160901671200934,
  "obj_recalls": {"1": 0.18627450980392157, "2": 0.005149330587023687, "3": 0.0, "4": 0.0007380073800738007, "5": 0.016115351993214587, "6": 0.023195876288659795, "7": 0.014434643143544507, "8": 0.019152640742890307},
  "recall": 0.032160901671200934,
  "scene_recalls": {"1": 0.032160901671200934},
  "targets_count": 10292,
  "tp_count": 331
}