{
  "gt_count": 10279,
  "mean_obj_recall": 0.1880236495846359,
  "mean_scene_recall": 0.2074074074074074,
  "obj_recalls": {"1": 0.6299019607843137, "2": 0.10298661174047374, "3": 0.198740377886634, "4": 0.11881918819188192, "5": 0.0899067005937235, "6": 0.30927835051546393, "7": 0.0, "8": 0.054556006964596636},
  "recall": 0.2074074074074074,
  "scene_recalls": {"1": 0.2074074074074074},
  "targets_count": 9045,
  "tp_count": 1876
}