{
  "gt_count": 10279,
  "mean_obj_recall": 0.3986525899710738,
  "mean_scene_recall": 0.4487562189054726,
  "obj_recalls": {"1": 0.8578431372549019, "2": 0.266735324407827, "3": 0.317704688593422, "4": 0.2952029520295203, "5": 0.5301102629346904, "6": 0.5670103092783505, "7": 0.0, "8": 0.3546140452698781},
  "recall": 0.4487562189054726,
  "scene_recalls": {"1": 0.4487562189054726},
  "targets_count": 9045,
  "tp_count": 4059
}