{
  "gt_count": 10279,
  "mean_obj_recall": 0.1339747050359804,
  "mean_scene_recall": 0.14637921503593146,
  "obj_recalls": {"1": 0.49264705882352944, "2": 0.07826982492276004, "3": 0.15605318404478657, "4": 0.05830258302583026, "5": 0.04834605597964377, "6": 0.22250859106529208, "7": 0.0, "8": 0.01567034242600116},
  "recall": 0.14637921503593146,
  "scene_recalls": {"1": 0.14637921503593146},
  "targets_count": 9045,
  "tp_count": 1324
}