{
  "gt_count": 10279,
  "mean_obj_recall": 0.24403567639789675,
  "mean_scene_recall": 0.27097844112769487,
  "obj_recalls": {"1": 0.7312091503267973, "2": 0.13388259526261587, "3": 0.23163051084674596, "4": 0.17269372693726937, "5": 0.1484308736217133, "6": 0.42010309278350516, "7": 0.0, "8": 0.114335461404527},
  "recall": 0.27097844112769487,
  "scene_recalls": {"1": 0.27097844112769487},
  "targets_count": 9045,
  "tp_count": 2451
}