{
  "gt_count": 10279,
  "mean_obj_recall": 0.3297492279558135,
  "mean_scene_recall": 0.3699281370923162,
  "obj_recalls": {"1": 0.8333333333333334, "2": 0.19052523171987643, "3": 0.26871938418474456, "4": 0.24944649446494466, "5": 0.31721798134011875, "6": 0.5309278350515464, "7": 0.0, "8": 0.2478235635519443},
  "recall": 0.3699281370923162,
  "scene_recalls": {"1": 0.3699281370923162},
  "targets_count": 9045,
  "tp_count": 3346
}