{
  "gt_count": 10279,
  "mean_obj_recall": 0.08062497561064019,
  "mean_scene_recall": 0.08855721393034825,
  "obj_recalls": {"1": 0.3112745098039216, "2": 0.037075180226570546, "3": 0.11546536039188243, "4": 0.03468634686346864, "5": 0.011874469889737066, "6": 0.1323024054982818, "7": 0.0, "8": 0.0023215322112594312},
  "recall": 0.08855721393034825,
  "scene_recalls": {"1": 0.08855721393034825},
  "targets_count": 9045,
  "tp_count": 801
}