{
  "gt_count": 10279,
  "mean_obj_recall": 0.03266708682951368,
  "mean_scene_recall": 0.03559977888336097,
  "obj_recalls": {"1": 0.1781045751633987, "2": 0.004119464469618949, "3": 0.0244926522043387, "4": 0.007380073800738007, "5": 0.0008481764206955047, "6": 0.04639175257731959, "7": 0.0, "8": 0.0},
  "recall": 0.03559977888336097,
  "scene_recalls": {"1": 0.03559977888336097},
  "targets_count": 9045,
  "tp_count": 322
}