{
  "gt_count": 10279,
  "mean_obj_recall": 0.36680861648037044,
  "mean_scene_recall": 0.41238253178551687,
  "obj_recalls": {"1": 0.8480392156862745, "2": 0.23274974253347064, "3": 0.2995101469559132, "4": 0.2686346863468635, "5": 0.4223918575063613, "6": 0.5567010309278351, "7": 0.0, "8": 0.3064422518862449},
  "recall": 0.41238253178551687,
  "scene_recalls": {"1": 0.41238253178551687},
  "targets_count": 9045,
  "tp_count": 3730
}