{
  "gt_count": 10279,
  "mean_obj_recall": 0.28934348550448485,
  "mean_scene_recall": 0.3231619679380873,
  "obj_recalls": {"1": 0.7875816993464052, "2": 0.164778578784758, "3": 0.2498250524842547, "4": 0.22066420664206643, "5": 0.21882951653944022, "6": 0.49140893470790376, "7": 0.0, "8": 0.1816598955310505},
  "recall": 0.3231619679380873,
  "scene_recalls": {"1": 0.3231619679380873},
  "targets_count": 9045,
  "tp_count": 2923
}