{
  "gt_count": 10292,
  "mean_obj_recall": 0.0007876926137844921,
  "mean_scene_recall": 0.000777302759424796,
  "obj_recalls": {"1": 0.004901960784313725, "2": 0.0, "3": 0.0013995801259622112, "4": 0.0, "5": 0.0, "6": 0.0, "7": 0.0, "8": 0.0},
  "recall": 0.000777302759424796,
  "scene_recalls": {"1": 0.000777302759424796},
  "targets_count": 10292,
  "tp_count": 8
}