{
  "gt_count": 10292,
  "mean_obj_recall": 0.016791837183329442,
  "mean_scene_recall": 0.016031869413136418,
  "obj_recalls": {"1": 0.10702614379084967, "2": 0.0, "3": 0.004198740377886634, "4": 0.0, "5": 0.006785411365564037, "6": 0.00429553264604811, "7": 0.012028869286287089, "8": 0.0},
  "recall": 0.016031869413136418,
  "scene_recalls": {"1": 0.016031869413136418},
  "targets_count": 10292,
  "tp_count": 165
}