{
  "gt_count": 10292,
  "mean_obj_recall": 0.007984785356139855,
  "mean_scene_recall": 0.00767586474931986,
  "obj_recalls": {"1": 0.05555555555555555, "2": 0.0, "3": 0.004198740377886634, "4": 0.0, "5": 0.0, "6": 0.001718213058419244, "7": 0.0024057738572574178, "8": 0.0},
  "recall": 0.00767586474931986,
  "scene_recalls": {"1": 0.00767586474931986},
  "targets_count": 10292,
  "tp_count": 79
}