{
  "gt_count": 10292,
  "mean_obj_recall": 0.001425616403246939,
  "mean_scene_recall": 0.0013602798289933929,
  "obj_recalls": {"1": 0.008986928104575163, "2": 0.0, "3": 0.0006997900629811056, "4": 0.0, "5": 0.0, "6": 0.001718213058419244, "7": 0.0, "8": 0.0},
  "recall": 0.0013602798289933929,
  "scene_recalls": {"1": 0.0013602798289933929},
  "targets_count": 10292,
  "tp_count": 14
}