{
  "gt_count": 10292,
  "mean_obj_recall": 0.017504822858754383,
  "mean_scene_recall": 0.01671200932763311,
  "obj_recalls": {"1": 0.1119281045751634, "2": 0.0, "3": 0.004198740377886634, "4": 0.0, "5": 0.006785411365564037, "6": 0.00429553264604811, "7": 0.012830793905372895, "8": 0.0},
  "recall": 0.01671200932763311,
  "scene_recalls": {"1": 0.01671200932763311},
  "targets_count": 10292,
  "tp_count": 172
}