{
  "gt_count": 10292,
  "mean_obj_recall": 0.010649306775373641,
  "mean_scene_recall": 0.010202098717450448,
  "obj_recalls": {"1": 0.0727124183006536, "2": 0.0, "3": 0.004198740377886634, "4": 0.0, "5": 0.0016963528413910093, "6": 0.002577319587628866, "7": 0.00400962309542903, "8": 0.0},
  "recall": 0.010202098717450448,
  "scene_recalls": {"1": 0.010202098717450448},
  "targets_count": 10292,
  "tp_count": 105
}