{
  "gt_count": 10292,
  "mean_obj_recall": 0.0035664570351425736,
  "mean_scene_recall": 0.003400699572483482,
  "obj_recalls": {"1": 0.024509803921568627, "2": 0.0, "3": 0.0006997900629811056, "4": 0.0, "5": 0.0, "6": 0.001718213058419244, "7": 0.0016038492381716118, "8": 0.0},
  "recall": 0.003400699572483482,
  "scene_recalls": {"1": 0.003400699572483482},
  "targets_count": 10292,
  "tp_count": 35
}