{
  "gt_count": 10292,
  "mean_obj_recall": 0.01483490664803715,
  "mean_scene_recall": 0.014185775359502526,
  "obj_recalls": {"1": 0.09803921568627451, "2": 0.0, "3": 0.004198740377886634, "4": 0.0, "5": 0.004240882103477523, "6": 0.002577319587628866, "7": 0.009623095429029671, "8": 0.0},
  "recall": 0.014185775359502526,
  "scene_recalls": {"1": 0.014185775359502526},
  "targets_count": 10292,
  "tp_count": 146
}