{
  "gt_count": 10292,
  "mean_obj_recall": 0.01268425601302112,
  "mean_scene_recall": 0.012145355616012437,
  "obj_recalls": {"1": 0.0857843137254902, "2": 0.0, "3": 0.004198740377886634, "4": 0.0, "5": 0.0016963528413910093, "6": 0.002577319587628866, "7": 0.007217321571772253, "8": 0.0},
  "recall": 0.012145355616012437,
  "scene_recalls": {"1": 0.012145355616012437},
  "targets_count": 10292,
  "tp_count": 125
}