{
  "gt_count": 10292,
  "mean_obj_recall": 0.05265891337253577,
  "mean_scene_recall": 0.04984453944811504,
  "obj_recalls": {"1": 0.18055555555555555, "2": 0.07312049433573635, "3": 0.04338698390482855, "4": 0.012546125461254613, "5": 0.029686174724342665, "6": 0.04896907216494845, "7": 0.014434643143544507, "8": 0.01857225769007545},
  "recall": 0.04984453944811504,
  "scene_recalls": {"1": 0.04984453944811504},
  "targets_count": 10292,
  "tp_count": 513
}