{
  "gt_count": 10292,
  "mean_obj_recall": 0.03919374220516459,
  "mean_scene_recall": 0.037699183832102606,
  "obj_recalls": {"1": 0.16993464052287582, "2": 0.030895983522142123, "3": 0.02939118264520644, "4": 0.004428044280442804, "5": 0.010178117048346057, "6": 0.044673539518900345, "7": 0.007217321571772253, "8": 0.016831108531630876},
  "recall": 0.037699183832102606,
  "scene_recalls": {"1": 0.037699183832102606},
  "targets_count": 10292,
  "tp_count": 388
}