{
  "gt_count": 10292,
  "mean_obj_recall": 0.029033006707355282,
  "mean_scene_recall": 0.028274387874076955,
  "obj_recalls": {"1": 0.13970588235294118, "2": 0.008238928939237899, "3": 0.020293911826452064, "4": 0.0, "5": 0.005937234944868533, "6": 0.036941580756013746, "7": 0.007217321571772253, "8": 0.013929193267556587},
  "recall": 0.028274387874076955,
  "scene_recalls": {"1": 0.028274387874076955},
  "targets_count": 10292,
  "tp_count": 291
}