{
  "gt_count": 10292,
  "mean_obj_recall": 0.061729829225781324,
  "mean_scene_recall": 0.058200544111931596,
  "obj_recalls": {"1": 0.1895424836601307, "2": 0.09886714727085479, "3": 0.05108467459762071, "4": 0.023616236162361623, "5": 0.0364715860899067, "6": 0.0506872852233677, "7": 0.023255813953488372, "8": 0.020313406848520024},
  "recall": 0.058200544111931596,
  "scene_recalls": {"1": 0.058200544111931596},
  "targets_count": 10292,
  "tp_count": 599
}