{
  "gt_count": 10292,
  "mean_obj_recall": 0.06620961491351547,
  "mean_scene_recall": 0.062087057909055575,
  "obj_recalls": {"1": 0.19281045751633988, "2": 0.11740473738414006, "3": 0.05108467459762071, "4": 0.028044280442804426, "5": 0.039016115351993216, "6": 0.054982817869415807, "7": 0.024859663191659984, "8": 0.021474172954149738},
  "recall": 0.062087057909055575,
  "scene_recalls": {"1": 0.062087057909055575},
  "targets_count": 10292,
  "tp_count": 639
}