{
  "gt_count": 10292,
  "mean_obj_recall": 0.058669413332963376,
  "mean_scene_recall": 0.05547998445394481,
  "obj_recalls": {"1": 0.18627450980392157, "2": 0.08856848609680741, "3": 0.0496850944716585, "4": 0.020664206642066422, "5": 0.03477523324851569, "6": 0.04982817869415808, "7": 0.019246190858059342, "8": 0.020313406848520024},
  "recall": 0.05547998445394481,
  "scene_recalls": {"1": 0.05547998445394481},
  "targets_count": 10292,
  "tp_count": 571
}