{
  "gt_count": 10292,
  "mean_obj_recall": 0.008276346072435343,
  "mean_scene_recall": 0.008064516129032258,
  "obj_recalls": {"1": 0.03758169934640523, "2": 0.0, "3": 0.009097270818754374, "4": 0.0, "5": 0.0016963528413910093, "6": 0.01288659793814433, "7": 0.0032076984763432237, "8": 0.0017411491584445734},
  "recall": 0.008064516129032258,
  "scene_recalls": {"1": 0.008064516129032258},
  "targets_count": 10292,
  "tp_count": 83
}