{
  "gt_count": 10292,
  "mean_obj_recall": 0.046985186847034725,
  "mean_scene_recall": 0.04479207151185387,
  "obj_recalls": {"1": 0.1772875816993464, "2": 0.053553038105046344, "3": 0.0370888733379986, "4": 0.00959409594095941, "5": 0.02205258693808312, "6": 0.048109965635738834, "7": 0.009623095429029671, "8": 0.01857225769007545},
  "recall": 0.04479207151185387,
  "scene_recalls": {"1": 0.04479207151185387},
  "targets_count": 10292,
  "tp_count": 461
}