{
  "gt_count": 10292,
  "mean_obj_recall": 0.0560374121637733,
  "mean_scene_recall": 0.05295375048581422,
  "obj_recalls": {"1": 0.1854575163398693, "2": 0.082389289392379, "3": 0.04688593421973408, "4": 0.013284132841328414, "5": 0.03307888040712468, "6": 0.04982817869415808, "7": 0.01764234161988773, "8": 0.019733023795705164},
  "recall": 0.05295375048581422,
  "scene_recalls": {"1": 0.05295375048581422},
  "targets_count": 10292,
  "tp_count": 545
}