{
  "gt_count": 10292,
  "mean_obj_recall": 0.07086205428239768,
  "mean_scene_recall": 0.06636222308589196,
  "obj_recalls": {"1": 0.19362745098039216, "2": 0.13182286302780638, "3": 0.052484254723582924, "4": 0.03911439114391144, "5": 0.04410517387616624, "6": 0.05584192439862543, "7": 0.0272654370489174, "8": 0.022634939059779455},
  "recall": 0.06636222308589196,
  "scene_recalls": {"1": 0.06636222308589196},
  "targets_count": 10292,
  "tp_count": 683
}