{
  "gt_count": 10292,
  "mean_obj_recall": 0.03886524195718473,
  "mean_scene_recall": 0.03701904391760591,
  "obj_recalls": {"1": 0.18218954248366012, "2": 0.016477857878475798, "3": 0.0, "4": 0.016974169741697416, "5": 0.01102629346904156, "6": 0.03865979381443299, "7": 0.03688853247794707, "8": 0.008705745792222866},
  "recall": 0.03701904391760591,
  "scene_recalls": {"1": 0.03701904391760591},
  "targets_count": 10292,
  "tp_count": 381
}