{
  "gt_count": 10292,
  "mean_obj_recall": 0.026609630255117155,
  "mean_scene_recall": 0.02497085114652157,
  "obj_recalls": {"1": 0.136437908496732, "2": 0.015447991761071062, "3": 0.0, "4": 0.008118081180811807, "5": 0.005089058524173028, "6": 0.02577319587628866, "7": 0.020850040096230954, "8": 0.0011607661056297156},
  "recall": 0.02497085114652157,
  "scene_recalls": {"1": 0.02497085114652157},
  "targets_count": 10292,
  "tp_count": 257
}