{
  "gt_count": 10292,
  "mean_obj_recall": 0.0329970713321239,
  "mean_scene_recall": 0.031286436066848035,
  "obj_recalls": {"1": 0.15441176470588236, "2": 0.015447991761071062, "3": 0.0, "4": 0.016236162361623615, "5": 0.005937234944868533, "6": 0.0352233676975945, "7": 0.03207698476343224, "8": 0.0046430644225188625},
  "recall": 0.031286436066848035,
  "scene_recalls": {"1": 0.031286436066848035},
  "targets_count": 10292,
  "tp_count": 322
}