{
  "gt_count": 10292,
  "mean_obj_recall": 0.04378306423439554,
  "mean_scene_recall": 0.04178002331908278,
  "obj_recalls": {"1": 0.19281045751633988, "2": 0.01956745623069001, "3": 0.0006997900629811056, "4": 0.01992619926199262, "5": 0.019508057675996608, "6": 0.041237113402061855, "7": 0.04490777866880513, "8": 0.011607661056297156},
  "recall": 0.04178002331908278,
  "scene_recalls": {"1": 0.04178002331908278},
  "targets_count": 10292,
  "tp_count": 430
}