{
  "gt_count": 10292,
  "mean_obj_recall": 0.02043866575908072,
  "mean_scene_recall": 0.019043917605907502,
  "obj_recalls": {"1": 0.11029411764705882, "2": 0.015447991761071062, "3": 0.0, "4": 0.006642066420664207, "5": 0.002544529262086514, "6": 0.019759450171821305, "7": 0.008821170809943865, "8": 0.0},
  "recall": 0.019043917605907502,
  "scene_recalls": {"1": 0.019043917605907502},
  "targets_count": 10292,
  "tp_count": 196
}