{
  "gt_count": 10292,
  "mean_obj_recall": 0.0467966677338829,
  "mean_scene_recall": 0.04479207151185387,
  "obj_recalls": {"1": 0.19934640522875818, "2": 0.02059732234809475, "3": 0.0006997900629811056, "4": 0.022878228782287822, "5": 0.021204410517387615, "6": 0.04381443298969072, "7": 0.05132317562149158, "8": 0.014509576320371444},
  "recall": 0.04479207151185387,
  "scene_recalls": {"1": 0.04479207151185387},
  "targets_count": 10292,
  "tp_count": 461
}