{
  "gt_count": 10292,
  "mean_obj_recall": 0.014086905824856744,
  "mean_scene_recall": 0.013116984065293432,
  "obj_recalls": {"1": 0.08251633986928104, "2": 0.01132852729145211, "3": 0.0, "4": 0.004428044280442804, "5": 0.0008481764206955047, "6": 0.011168384879725086, "7": 0.0024057738572574178, "8": 0.0},
  "recall": 0.013116984065293432,
  "scene_recalls": {"1": 0.013116984065293432},
  "targets_count": 10292,
  "tp_count": 135
}