{
  "gt_count": 10292,
  "mean_obj_recall": 0.011332729908847325,
  "mean_scene_recall": 0.010590750097162845,
  "obj_recalls": {"1": 0.0718954248366013, "2": 0.006179196704428424, "3": 0.0, "4": 0.0014760147601476014, "5": 0.0, "6": 0.010309278350515464, "7": 0.0008019246190858059, "8": 0.0},
  "recall": 0.010590750097162845,
  "scene_recalls": {"1": 0.010590750097162845},
  "targets_count": 10292,
  "tp_count": 109
}