{
  "gt_count": 10292,
  "mean_obj_recall": 0.12410459532860058,
  "mean_scene_recall": 0.1153322969296541,
  "obj_recalls": {"1": 0.2875816993464052, "2": 0.223480947476828, "3": 0.0748775367389783, "4": 0.07675276752767528, "5": 0.11874469889737066, "6": 0.07903780068728522, "7": 0.11146752205292702, "8": 0.02089378990133488},
  "recall": 0.1153322969296541,
  "scene_recalls": {"1": 0.1153322969296541},
  "targets_count": 10292,
  "tp_count": 1187
}