{
  "gt_count": 10292,
  "mean_obj_recall": 0.01853932541070391,
  "mean_scene_recall": 0.016809172172561213,
  "obj_recalls": {"1": 0.09803921568627451, "2": 0.03913491246138002, "3": 0.002099370188943317, "4": 0.007380073800738007, "5": 0.0, "6": 0.000859106529209622, "7": 0.0008019246190858059, "8": 0.0},
  "recall": 0.016809172172561213,
  "scene_recalls": {"1": 0.016809172172561213},
  "targets_count": 10292,
  "tp_count": 173
}