{
  "gt_count": 10292,
  "mean_obj_recall": 0.053773402087069835,
  "mean_scene_recall": 0.049358725223474544,
  "obj_recalls": {"1": 0.18055555555555555, "2": 0.12976313079299692, "3": 0.03988803358992302, "4": 0.04944649446494465, "5": 0.008481764206955046, "6": 0.006013745704467354, "7": 0.01603849238171612, "8": 0.0},
  "recall": 0.049358725223474544,
  "scene_recalls": {"1": 0.049358725223474544},
  "targets_count": 10292,
  "tp_count": 508
}