{
  "gt_count": 10292,
  "mean_obj_recall": 0.09818696330405643,
  "mean_scene_recall": 0.09045860862806063,
  "obj_recalls": {"1": 0.2581699346405229, "2": 0.2070030895983522, "3": 0.05948215535339398, "4": 0.07380073800738007, "5": 0.04410517387616624, "6": 0.05154639175257732, "7": 0.08500400962309543, "8": 0.006384213580963436},
  "recall": 0.09045860862806063,
  "scene_recalls": {"1": 0.09045860862806063},
  "targets_count": 10292,
  "tp_count": 931
}