{
  "gt_count": 10292,
  "mean_obj_recall": 0.06901437878658707,
  "mean_scene_recall": 0.06296152351340847,
  "obj_recalls": {"1": 0.20751633986928106, "2": 0.17198764160659114, "3": 0.04338698390482855, "4": 0.06051660516605166, "5": 0.015267175572519083, "6": 0.019759450171821305, "7": 0.03368083400160385, "8": 0.0},
  "recall": 0.06296152351340847,
  "scene_recalls": {"1": 0.06296152351340847},
  "targets_count": 10292,
  "tp_count": 648
}