{
  "gt_count": 10292,
  "mean_obj_recall": 0.08437743005422217,
  "mean_scene_recall": 0.0774387874076953,
  "obj_recalls": {"1": 0.22712418300653595, "2": 0.19361483007209063, "3": 0.05318404478656403, "4": 0.07011070110701106, "5": 0.026293469041560644, "6": 0.03865979381443299, "7": 0.06255012028869286, "8": 0.003482298316889147},
  "recall": 0.0774387874076953,
  "scene_recalls": {"1": 0.0774387874076953},
  "targets_count": 10292,
  "tp_count": 797
}