{
  "gt_count": 10292,
  "mean_obj_recall": 0.11209570107152675,
  "mean_scene_recall": 0.10376991838321026,
  "obj_recalls": {"1": 0.27941176470588236, "2": 0.21318228630278063, "3": 0.06578026592022393, "4": 0.07601476014760147, "5": 0.089058524173028, "6": 0.0627147766323024, "7": 0.09783480352846832, "8": 0.012768427161926872},
  "recall": 0.10376991838321026,
  "scene_recalls": {"1": 0.10376991838321026},
  "targets_count": 10292,
  "tp_count": 1068
}