{
  "gt_count": 10292,
  "mean_obj_recall": 0.12919219744761606,
  "mean_scene_recall": 0.12019043917605908,
  "obj_recalls": {"1": 0.2900326797385621, "2": 0.23274974253347064, "3": 0.08117564730580826, "4": 0.07749077490774908, "5": 0.1255301102629347, "6": 0.08247422680412371, "7": 0.12028869286287089, "8": 0.02379570516540917},
  "recall": 0.12019043917605908,
  "scene_recalls": {"1": 0.12019043917605908},
  "targets_count": 10292,
  "tp_count": 1237
}