{
  "gt_count": 10292,
  "mean_obj_recall": 0.03863403677965995,
  "mean_scene_recall": 0.035075787019043916,
  "obj_recalls": {"1": 0.14133986928104575, "2": 0.101956745623069, "3": 0.02589223233030091, "4": 0.025092250922509225, "5": 0.0033927056827820186, "6": 0.002577319587628866, "7": 0.008821170809943865, "8": 0.0},
  "recall": 0.035075787019043916,
  "scene_recalls": {"1": 0.035075787019043916},
  "targets_count": 10292,
  "tp_count": 361
}