{
  "gt_count": 10292,
  "mean_obj_recall": 0.3303237729011833,
  "mean_scene_recall": 0.32015157403808786,
  "obj_recalls": {"1": 0.684640522875817, "2": 0.26364572605561276, "3": 0.0013995801259622112, "4": 0.192619926199262, "5": 0.5351993214588634, "6": 0.42010309278350516, "7": 0.25421010425020046, "8": 0.2907719094602438},
  "recall": 0.32015157403808786,
  "scene_recalls": {"1": 0.32015157403808786},
  "targets_count": 10292,
  "tp_count": 3295
}