{
  "gt_count": 10292,
  "mean_obj_recall": 0.039742386506462585,
  "mean_scene_recall": 0.037213369607462105,
  "obj_recalls": {"1": 0.190359477124183, "2": 0.026776519052523172, "3": 0.0, "4": 0.03394833948339483, "5": 0.007633587786259542, "6": 0.058419243986254296, "7": 0.0008019246190858059, "8": 0.0},
  "recall": 0.037213369607462105,
  "scene_recalls": {"1": 0.037213369607462105},
  "targets_count": 10292,
  "tp_count": 383
}