{
  "gt_count": 10279,
  "mean_obj_recall": 0.07716457887461362,
  "mean_scene_recall": 0.08524046434494195,
  "obj_recalls": {"1": 0.36519607843137253, "2": 0.012358393408856848, "3": 0.072778166550035, "4": 0.012546125461254613, "5": 0.013570822731128074, "6": 0.1211340206185567, "7": 0.0, "8": 0.019733023795705164},
  "recall": 0.08524046434494195,
  "scene_recalls": {"1": 0.08524046434494195},
  "targets_count": 9045,
  "tp_count": 771
}