{
  "gt_count": 10279,
  "mean_obj_recall": 0.030098520706097094,
  "mean_scene_recall": 0.033499170812603646,
  "obj_recalls": {"1": 0.1527777777777778, "2": 0.003089598352214212, "3": 0.04478656403079076, "4": 0.0, "5": 0.0008481764206955047, "6": 0.0352233676975945, "7": 0.0, "8": 0.004062681369704005},
  "recall": 0.033499170812603646,
  "scene_recalls": {"1": 0.033499170812603646},
  "targets_count": 9045,
  "tp_count": 303
}