{
  "gt_count": 10279,
  "mean_obj_recall": 0.10598830903308969,
  "mean_scene_recall": 0.11818684355997788,
  "obj_recalls": {"1": 0.4387254901960784, "2": 0.016477857878475798, "3": 0.08117564730580826, "4": 0.02952029520295203, "5": 0.03986429177268872, "6": 0.18642611683848798, "7": 0.0, "8": 0.05571677307022635},
  "recall": 0.11818684355997788,
  "scene_recalls": {"1": 0.11818684355997788},
  "targets_count": 9045,
  "tp_count": 1069
}