{
  "gt_count": 10279,
  "mean_obj_recall": 0.05311624949638193,
  "mean_scene_recall": 0.05870646766169154,
  "obj_recalls": {"1": 0.25163398692810457, "2": 0.007209062821833162, "3": 0.06298110566829951, "4": 0.0036900369003690036, "5": 0.005937234944868533, "6": 0.08419243986254296, "7": 0.0, "8": 0.009286128845037725},
  "recall": 0.05870646766169154,
  "scene_recalls": {"1": 0.05870646766169154},
  "targets_count": 9045,
  "tp_count": 531
}