{
  "gt_count": 10279,
  "mean_obj_recall": 0.09221503468338857,
  "mean_scene_recall": 0.1021558872305141,
  "obj_recalls": {"1": 0.4117647058823529, "2": 0.015447991761071062, "3": 0.0748775367389783, "4": 0.02214022140221402, "5": 0.02374893977947413, "6": 0.15549828178694158, "7": 0.0, "8": 0.03424260011607661},
  "recall": 0.1021558872305141,
  "scene_recalls": {"1": 0.1021558872305141},
  "targets_count": 9045,
  "tp_count": 924
}