{
  "gt_count": 10279,
  "mean_obj_recall": 0.12038283770677669,
  "mean_scene_recall": 0.13510226644555004,
  "obj_recalls": {"1": 0.4526143790849673, "2": 0.024716786817713696, "3": 0.08537438768369489, "4": 0.03985239852398524, "5": 0.06700593723494487, "6": 0.20876288659793815, "7": 0.0, "8": 0.08473592571096925},
  "recall": 0.13510226644555004,
  "scene_recalls": {"1": 0.13510226644555004},
  "targets_count": 9045,
  "tp_count": 1222
}