{
  "gt_count": 10279,
  "mean_obj_recall": 0.010685074192100326,
  "mean_scene_recall": 0.011940298507462687,
  "obj_recalls": {"1": 0.06209150326797386, "2": 0.0, "3": 0.016794961511546535, "4": 0.0, "5": 0.0, "6": 0.006013745704467354, "7": 0.0, "8": 0.0005803830528148578},
  "recall": 0.011940298507462687,
  "scene_recalls": {"1": 0.011940298507462687},
  "targets_count": 9045,
  "tp_count": 108
}