{
  "gt_count": 10279,
  "mean_obj_recall": 0.483490581633522,
  "mean_scene_recall": 0.5321171918186843,
  "obj_recalls": {"1": 0.7973856209150327, "2": 0.6951596292481977, "3": 0.2960111966410077, "4": 0.6214022140221402, "5": 0.5674300254452926, "6": 0.5481099656357389, "7": 0.0, "8": 0.3424260011607661},
  "recall": 0.5321171918186843,
  "scene_recalls": {"1": 0.5321171918186843},
  "targets_count": 9045,
  "tp_count": 4813
}