{
  "gt_count": 10279,
  "mean_obj_recall": 0.5360739307803012,
  "mean_scene_recall": 0.592260917634052,
  "obj_recalls": {"1": 0.8235294117647058, "2": 0.7651905252317199, "3": 0.3331000699790063, "4": 0.6435424354243543, "5": 0.6972010178117048, "6": 0.5936426116838488, "7": 0.0, "8": 0.4323853743470691},
  "recall": 0.592260917634052,
  "scene_recalls": {"1": 0.592260917634052},
  "targets_count": 9045,
  "tp_count": 5357
}