{
  "gt_count": 10279,
  "mean_obj_recall": 0.420123349022098,
  "mean_scene_recall": 0.458595909342178,
  "obj_recalls": {"1": 0.75, "2": 0.6364572605561277, "3": 0.26801959412176346, "4": 0.5940959409594095, "5": 0.39100932994062765, "6": 0.5008591065292096, "7": 0.0, "8": 0.22054556006964596},
  "recall": 0.458595909342178,
  "scene_recalls": {"1": 0.458595909342178},
  "targets_count": 9045,
  "tp_count": 4148
}