{
  "gt_count": 10279,
  "mean_obj_recall": 0.19260338668401808,
  "mean_scene_recall": 0.2068546158098397,
  "obj_recalls": {"1": 0.4542483660130719, "2": 0.31822863027806386, "3": 0.20083974807557733, "4": 0.27084870848708487, "5": 0.12128922815945717, "6": 0.16666666666666666, "7": 0.0, "8": 0.008705745792222866},
  "recall": 0.2068546158098397,
  "scene_recalls": {"1": 0.2068546158098397},
  "targets_count": 9045,
  "tp_count": 1871
}