{
  "gt_count": 10292,
  "mean_obj_recall": 0.20914308195266285,
  "mean_scene_recall": 0.19782355227361056,
  "obj_recalls": {"1": 0.4542483660130719, "2": 0.31822863027806386, "3": 0.20083974807557733, "4": 0.27084870848708487, "5": 0.12128922815945717, "6": 0.16666666666666666, "7": 0.132317562149158, "8": 0.008705745792222866},
  "recall": 0.19782355227361056,
  "scene_recalls": {"1": 0.19782355227361056},
  "targets_count": 10292,
  "tp_count": 2036
}