{
  "gt_count": 10292,
  "mean_obj_recall": 0.4974088341864925,
  "mean_scene_recall": 0.4779440342013214,
  "obj_recalls": {"1": 0.75, "2": 0.6364572605561277, "3": 0.26801959412176346, "4": 0.5940959409594095, "5": 0.39100932994062765, "6": 0.5008591065292096, "7": 0.6182838813151563, "8": 0.22054556006964596},
  "recall": 0.4779440342013214,
  "scene_recalls": {"1": 0.4779440342013214},
  "targets_count": 10292,
  "tp_count": 4919
}