{
  "gt_count": 10292,
  "mean_obj_recall": 0.4143372077131411,
  "mean_scene_recall": 0.3946754760979401,
  "obj_recalls": {"1": 0.6936274509803921, "2": 0.5798146240988672, "3": 0.2463261021693492, "4": 0.5232472324723247, "5": 0.2748091603053435, "6": 0.3951890034364261, "7": 0.4867682437850842, "8": 0.11491584445734185},
  "recall": 0.3946754760979401,
  "scene_recalls": {"1": 0.3946754760979401},
  "targets_count": 10292,
  "tp_count": 4062
}