{
  "gt_count": 10279,
  "mean_obj_recall": 0.35349117724000556,
  "mean_scene_recall": 0.3819789939192924,
  "obj_recalls": {"1": 0.6936274509803921, "2": 0.5798146240988672, "3": 0.2463261021693492, "4": 0.5232472324723247, "5": 0.2748091603053435, "6": 0.3951890034364261, "7": 0.0, "8": 0.11491584445734185},
  "recall": 0.3819789939192924,
  "scene_recalls": {"1": 0.3819789939192924},
  "targets_count": 9045,
  "tp_count": 3455
}