{
  "gt_count": 10279,
  "mean_obj_recall": 0.2729281432494633,
  "mean_scene_recall": 0.29331122166943063,
  "obj_recalls": {"1": 0.6070261437908496, "2": 0.4552008238928939, "3": 0.22393282015395383, "4": 0.4051660516605166, "5": 0.18914334181509754, "6": 0.2611683848797251, "7": 0.0, "8": 0.04178757980266976},
  "recall": 0.29331122166943063,
  "scene_recalls": {"1": 0.29331122166943063},
  "targets_count": 9045,
  "tp_count": 2653
}