{
  "gt_count": 10279,
  "mean_obj_recall": 0.04071184701736734,
  "mean_scene_recall": 0.04289662797125484,
  "obj_recalls": {"1": 0.14460784313725492, "2": 0.07518022657054584, "3": 0.02239328201539538, "4": 0.045756457564575644, "5": 0.0033927056827820186, "6": 0.03436426116838488, "7": 0.0, "8": 0.0},
  "recall": 0.04289662797125484,
  "scene_recalls": {"1": 0.04289662797125484},
  "targets_count": 9045,
  "tp_count": 388
}