{
  "gt_count": 10292,
  "mean_obj_recall": 0.5696974781852461,
  "mean_scene_recall": 0.5512048192771084,
  "obj_recalls": {"1": 0.7973856209150327, "2": 0.6951596292481977, "3": 0.2960111966410077, "4": 0.6214022140221402, "5": 0.5674300254452926, "6": 0.5481099656357389, "7": 0.6896551724137931, "8": 0.3424260011607661},
  "recall": 0.5512048192771084,
  "scene_recalls": {"1": 0.5512048192771084},
  "targets_count": 10292,
  "tp_count": 5673
}