{
  "gt_count": 10292,
  "mean_obj_recall": 0.10749144462142059,
  "mean_scene_recall": 0.10134084726000778,
  "obj_recalls": {"1": 0.28594771241830064, "2": 0.18331616889804325, "3": 0.1112666200139958, "4": 0.14169741697416974, "5": 0.022900763358778626, "6": 0.08419243986254296, "7": 0.028869286287089013, "8": 0.0017411491584445734},
  "recall": 0.10134084726000778,
  "scene_recalls": {"1": 0.10134084726000778},
  "targets_count": 10292,
  "tp_count": 1043
}