{
  "gt_count": 10292,
  "mean_obj_recall": 0.1729354690781034,
  "mean_scene_recall": 0.16527399922269725,
  "obj_recalls": {"1": 0.48937908496732024, "2": 0.18331616889804325, "3": 0.19034289713086075, "4": 0.15645756457564575, "5": 0.10178117048346055, "6": 0.2104810996563574, "7": 0.02967121090617482, "8": 0.022054556006964595},
  "recall": 0.16527399922269725,
  "scene_recalls": {"1": 0.16527399922269725},
  "targets_count": 10292,
  "tp_count": 1701
}