{
  "gt_count": 10292,
  "mean_obj_recall": 0.36279164956285576,
  "mean_scene_recall": 0.3502720559657987,
  "obj_recalls": {"1": 0.7794117647058824, "2": 0.4047373841400618, "3": 0.28831350594821553, "4": 0.4059040590405904, "5": 0.24173027989821882, "6": 0.43041237113402064, "7": 0.2020850040096231, "8": 0.1497388276262333},
  "recall": 0.3502720559657987,
  "scene_recalls": {"1": 0.3502720559657987},
  "targets_count": 10292,
  "tp_count": 3605
}