{
  "gt_count": 10292,
  "mean_obj_recall": 0.6052421354980924,
  "mean_scene_recall": 0.5907500971628449,
  "obj_recalls": {"1": 0.9330065359477124, "2": 0.6529351184346035, "3": 0.4331700489853044, "4": 0.5446494464944649, "5": 0.6785411365564037, "6": 0.6752577319587629, "7": 0.4867682437850842, "8": 0.4376088218224028},
  "recall": 0.5907500971628449,
  "scene_recalls": {"1": 0.5907500971628449},
  "targets_count": 10292,
  "tp_count": 6080
}