{
  "gt_count": 10292,
  "mean_obj_recall": 0.031141049794347817,
  "mean_scene_recall": 0.029537504858142247,
  "obj_recalls": {"1": 0.16830065359477125, "2": 0.01132852729145211, "3": 0.01819454163750875, "4": 0.006642066420664207, "5": 0.0008481764206955047, "6": 0.04381443298969072, "7": 0.0, "8": 0.0},
  "recall": 0.029537504858142247,
  "scene_recalls": {"1": 0.029537504858142247},
  "targets_count": 10292,
  "tp_count": 304
}