{
  "gt_count": 10292,
  "mean_obj_recall": 0.44990557651647395,
  "mean_scene_recall": 0.43732996502137583,
  "obj_recalls": {"1": 0.8651960784313726, "2": 0.4747682801235839, "3": 0.34289713086074175, "4": 0.48560885608856086, "5": 0.34944868532654794, "6": 0.5300687285223368, "7": 0.3063352044907779, "8": 0.24492164828787},
  "recall": 0.43732996502137583,
  "scene_recalls": {"1": 0.43732996502137583},
  "targets_count": 10292,
  "tp_count": 4501
}