{
  "gt_count": 10292,
  "mean_obj_recall": 0.056178792789732354,
  "mean_scene_recall": 0.054994170229304314,
  "obj_recalls": {"1": 0.2867647058823529, "2": 0.0, "3": 0.055283414975507345, "4": 0.0014760147601476014, "5": 0.006785411365564037, "6": 0.06099656357388316, "7": 0.022453889334402566, "8": 0.01567034242600116},
  "recall": 0.054994170229304314,
  "scene_recalls": {"1": 0.054994170229304314},
  "targets_count": 10292,
  "tp_count": 566
}