{
  "gt_count": 10292,
  "mean_obj_recall": 0.02180822519454973,
  "mean_scene_recall": 0.02108433734939759,
  "obj_recalls": {"1": 0.12173202614379085, "2": 0.0, "3": 0.021693491952414275, "4": 0.0007380073800738007, "5": 0.0008481764206955047, "6": 0.027491408934707903, "7": 0.0008019246190858059, "8": 0.0011607661056297156},
  "recall": 0.02108433734939759,
  "scene_recalls": {"1": 0.02108433734939759},
  "targets_count": 10292,
  "tp_count": 217
}