{
  "gt_count": 10292,
  "mean_obj_recall": 0.01135565764185182,
  "mean_scene_recall": 0.010785075787019044,
  "obj_recalls": {"1": 0.07598039215686274, "2": 0.0, "3": 0.002099370188943317, "4": 0.0007380073800738007, "5": 0.0, "6": 0.012027491408934709, "7": 0.0, "8": 0.0},
  "recall": 0.010785075787019044,
  "scene_recalls": {"1": 0.010785075787019044},
  "targets_count": 10292,
  "tp_count": 111
}