{
  "gt_count": 10292,
  "mean_obj_recall": 0.08764411728509233,
  "mean_scene_recall": 0.08618344345122425,
  "obj_recalls": {"1": 0.4019607843137255, "2": 0.0, "3": 0.06578026592022393, "4": 0.005904059040590406, "5": 0.015267175572519083, "6": 0.11512027491408934, "7": 0.05533279871692061, "8": 0.04178757980266976},
  "recall": 0.08618344345122425,
  "scene_recalls": {"1": 0.08618344345122425},
  "targets_count": 10292,
  "tp_count": 887
}