{
  "gt_count": 10292,
  "mean_obj_recall": 0.13477028762899282,
  "mean_scene_recall": 0.1340847260007773,
  "obj_recalls": {"1": 0.494281045751634, "2": 0.006179196704428424, "3": 0.08117564730580826, "4": 0.016236162361623615, "5": 0.041560644614079725, "6": 0.20189003436426117, "7": 0.12830793905372895, "8": 0.1085316308763784},
  "recall": 0.1340847260007773,
  "scene_recalls": {"1": 0.1340847260007773},
  "targets_count": 10292,
  "tp_count": 1380
}