{
  "gt_count": 10292,
  "mean_obj_recall": 0.11926006667036022,
  "mean_scene_recall": 0.11853867081228138,
  "obj_recalls": {"1": 0.4730392156862745, "2": 0.004119464469618949, "3": 0.07557732680195942, "4": 0.013284132841328414, "5": 0.02883799830364716, "6": 0.16924398625429554, "7": 0.09943865276663993, "8": 0.09053975623911782},
  "recall": 0.11853867081228138,
  "scene_recalls": {"1": 0.11853867081228138},
  "targets_count": 10292,
  "tp_count": 1220
}