{
  "gt_count": 10292,
  "mean_obj_recall": 0.0022368587656464802,
  "mean_scene_recall": 0.002137582588418189,
  "obj_recalls": {"1": 0.01715686274509804, "2": 0.0, "3": 0.0, "4": 0.0007380073800738007, "5": 0.0, "6": 0.0, "7": 0.0, "8": 0.0},
  "recall": 0.002137582588418189,
  "scene_recalls": {"1": 0.002137582588418189},
  "targets_count": 10292,
  "tp_count": 22
}