{
  "gt_count": 10292,
  "mean_obj_recall": 0.03771537162288529,
  "mean_scene_recall": 0.03672755538282161,
  "obj_recalls": {"1": 0.19607843137254902, "2": 0.0, "3": 0.04338698390482855, "4": 0.0007380073800738007, "5": 0.004240882103477523, "6": 0.04381443298969072, "7": 0.008821170809943865, "8": 0.0046430644225188625},
  "recall": 0.03672755538282161,
  "scene_recalls": {"1": 0.03672755538282161},
  "targets_count": 10292,
  "tp_count": 378
}