{
  "gt_count": 10292,
  "mean_obj_recall": 0.07424898861175637,
  "mean_scene_recall": 0.07277497085114652,
  "obj_recalls": {"1": 0.3611111111111111, "2": 0.0, "3": 0.06018194541637509, "4": 0.004428044280442804, "5": 0.01102629346904156, "6": 0.08848797250859107, "7": 0.0408981555733761, "8": 0.027858386535113175},
  "recall": 0.07277497085114652,
  "scene_recalls": {"1": 0.07277497085114652},
  "targets_count": 10292,
  "tp_count": 749
}