{
  "gt_count": 10292,
  "mean_obj_recall": 0.10349568873309614,
  "mean_scene_recall": 0.10211815001943257,
  "obj_recalls": {"1": 0.44362745098039214, "2": 0.0010298661174047373, "3": 0.07137858642407278, "4": 0.010332103321033211, "5": 0.017811704834605598, "6": 0.1486254295532646, "7": 0.07538091419406576, "8": 0.05977945443993035},
  "recall": 0.10211815001943257,
  "scene_recalls": {"1": 0.10211815001943257},
  "targets_count": 10292,
  "tp_count": 1051
}