{
  "gt_count": 10279,
  "mean_obj_recall": 0.013796606560000927,
  "mean_scene_recall": 0.015146489773355445,
  "obj_recalls": {"1": 0.05065359477124183, "2": 0.010298661174047374, "3": 0.016794961511546535, "4": 0.015498154981549815, "5": 0.004240882103477523, "6": 0.01288659793814433, "7": 0.0, "8": 0.0},
  "recall": 0.015146489773355445,
  "scene_recalls": {"1": 0.015146489773355445},
  "targets_count": 9045,
  "tp_count": 137
}