{
  "gt_count": 10292,
  "mean_obj_recall": 0.2403654510074083,
  "mean_scene_recall": 0.22813835989117762,
  "obj_recalls": {"1": 0.548202614379085, "2": 0.31513903192584963, "3": 0.13995801259622112, "4": 0.1099630996309963, "5": 0.2383375742154368, "6": 0.14518900343642613, "7": 0.3408179631114675, "8": 0.0853163087637841},
  "recall": 0.22813835989117762,
  "scene_recalls": {"1": 0.22813835989117762},
  "targets_count": 10292,
  "tp_count": 2348
}