{
  "gt_count": 10279,
  "mean_obj_recall": 0.3466962080275391,
  "mean_scene_recall": 0.38684355997788833,
  "obj_recalls": {"1": 0.6486928104575164, "2": 0.41091658084449023, "3": 0.18334499650104968, "4": 0.15276752767527677, "5": 0.7082273112807463, "6": 0.27147766323024053, "7": 0.0, "8": 0.3981427742309925},
  "recall": 0.38684355997788833,
  "scene_recalls": {"1": 0.38684355997788833},
  "targets_count": 9045,
  "tp_count": 3499
}