{
  "gt_count": 10279,
  "mean_obj_recall": 0.24511222720605486,
  "mean_scene_recall": 0.26843559977888337,
  "obj_recalls": {"1": 0.5980392156862745, "2": 0.34397528321318227, "3": 0.1497550734779566, "4": 0.12767527675276752, "5": 0.36895674300254455, "6": 0.18213058419243985, "7": 0.0, "8": 0.19036564132327335},
  "recall": 0.26843559977888337,
  "scene_recalls": {"1": 0.26843559977888337},
  "targets_count": 9045,
  "tp_count": 2428
}