{
  "gt_count": 10292,
  "mean_obj_recall": 0.18332328558542849,
  "mean_scene_recall": 0.1731441896618733,
  "obj_recalls": {"1": 0.4624183006535948, "2": 0.23274974253347064, "3": 0.13435969209237228, "4": 0.08118081180811808, "5": 0.16539440203562342, "6": 0.10996563573883161, "7": 0.24859663191659984, "8": 0.03192106790481718},
  "recall": 0.1731441896618733,
  "scene_recalls": {"1": 0.1731441896618733},
  "targets_count": 10292,
  "tp_count": 1782
}