{
  "gt_count": 10279,
  "mean_obj_recall": 0.05373358292313167,
  "mean_scene_recall": 0.05848535102266446,
  "obj_recalls": {"1": 0.1781045751633987, "2": 0.053553038105046344, "3": 0.0748775367389783, "4": 0.04059040590405904, "5": 0.04580152671755725, "6": 0.036941580756013746, "7": 0.0, "8": 0.0},
  "recall": 0.05848535102266446,
  "scene_recalls": {"1": 0.05848535102266446},
  "targets_count": 9045,
  "tp_count": 529
}