{
  "gt_count": 10279,
  "mean_obj_recall": 0.19776320561847488,
  "mean_scene_recall": 0.21260364842454393,
  "obj_recalls": {"1": 0.548202614379085, "2": 0.31513903192584963, "3": 0.13995801259622112, "4": 0.1099630996309963, "5": 0.2383375742154368, "6": 0.14518900343642613, "7": 0.0, "8": 0.0853163087637841},
  "recall": 0.21260364842454393,
  "scene_recalls": {"1": 0.21260364842454393},
  "targets_count": 9045,
  "tp_count": 1923
}