{
  "gt_count": 10279,
  "mean_obj_recall": 0.32906729612280977,
  "mean_scene_recall": 0.36594803758982863,
  "obj_recalls": {"1": 0.6388888888888888, "2": 0.3944387229660144, "3": 0.17144856543037088, "4": 0.14538745387453875, "5": 0.6759966072943172, "6": 0.24828178694158076, "7": 0.0, "8": 0.3580963435867673},
  "recall": 0.36594803758982863,
  "scene_recalls": {"1": 0.36594803758982863},
  "targets_count": 9045,
  "tp_count": 3310
}