{
  "gt_count": 10279,
  "mean_obj_recall": 0.29251391302070967,
  "mean_scene_recall": 0.32349364289662796,
  "obj_recalls": {"1": 0.6168300653594772, "2": 0.3717816683831102, "3": 0.158852344296711, "4": 0.13726937269372694, "5": 0.5513146734520781, "6": 0.21735395189003437, "7": 0.0, "8": 0.2867092280905398},
  "recall": 0.32349364289662796,
  "scene_recalls": {"1": 0.32349364289662796},
  "targets_count": 9045,
  "tp_count": 2926
}