{
  "gt_count": 10279,
  "mean_obj_recall": 0.10102354812134978,
  "mean_scene_recall": 0.10912106135986734,
  "obj_recalls": {"1": 0.309640522875817, "2": 0.12564366632337795, "3": 0.12176347095871239, "4": 0.06715867158671587, "5": 0.1102629346904156, "6": 0.06443298969072164, "7": 0.0, "8": 0.009286128845037725},
  "recall": 0.10912106135986734,
  "scene_recalls": {"1": 0.10912106135986734},
  "targets_count": 9045,
  "tp_count": 987
}