{
  "gt_count": 10279,
  "mean_obj_recall": 0.1522487065958535,
  "mean_scene_recall": 0.16274184632393587,
  "obj_recalls": {"1": 0.4624183006535948, "2": 0.23274974253347064, "3": 0.13435969209237228, "4": 0.08118081180811808, "5": 0.16539440203562342, "6": 0.10996563573883161, "7": 0.0, "8": 0.03192106790481718},
  "recall": 0.16274184632393587,
  "scene_recalls": {"1": 0.16274184632393587},
  "targets_count": 9045,
  "tp_count": 1472
}