{
  "gt_count": 10279,
  "mean_obj_recall": 0.01221671446578836,
  "mean_scene_recall": 0.01337755666113875,
  "obj_recalls": {"1": 0.049019607843137254, "2": 0.008238928939237899, "3": 0.013995801259622114, "4": 0.01107011070110701, "5": 0.004240882103477523, "6": 0.011168384879725086, "7": 0.0, "8": 0.0},
  "recall": 0.01337755666113875,
  "scene_recalls": {"1": 0.01337755666113875},
  "targets_count": 9045,
  "tp_count": 121
}