{
  "gt_count": 10292,
  "mean_obj_recall": 0.36778443128641924,
  "mean_scene_recall": 0.35930820054411194,
  "obj_recalls": {"1": 0.6102941176470589, "2": 0.3583934088568486, "3": 0.1469559132260322, "4": 0.12103321033210332, "5": 0.628498727735369, "6": 0.22852233676975944, "7": 0.504410585404972, "8": 0.3441671503192107},
  "recall": 0.35930820054411194,
  "scene_recalls": {"1": 0.35930820054411194},
  "targets_count": 10292,
  "tp_count": 3698
}