{
  "gt_count": 10279,
  "mean_obj_recall": 0.2713483919368385,
  "mean_scene_recall": 0.30027639579878385,
  "obj_recalls": {"1": 0.5915032679738562, "2": 0.329557157569516, "3": 0.1357592722183345, "4": 0.11365313653136531, "5": 0.5199321458863444, "6": 0.20876288659793815, "7": 0.0, "8": 0.2716192687173535},
  "recall": 0.30027639579878385,
  "scene_recalls": {"1": 0.30027639579878385},
  "targets_count": 9045,
  "tp_count": 2716
}