{
  "gt_count": 10292,
  "mean_obj_recall": 0.10974934762623334,
  "mean_scene_recall": 0.10474154683249126,
  "obj_recalls": {"1": 0.3014705882352941, "2": 0.09062821833161688, "3": 0.09727081875437368, "4": 0.053136531365313655, "5": 0.1102629346904156, "6": 0.06357388316151202, "7": 0.15236567762630313, "8": 0.009286128845037725},
  "recall": 0.10474154683249126,
  "scene_recalls": {"1": 0.10474154683249126},
  "targets_count": 10292,
  "tp_count": 1078
}