{
  "gt_count": 10279,
  "mean_obj_recall": 0.3047331081107978,
  "mean_scene_recall": 0.33930348258706466,
  "obj_recalls": {"1": 0.6102941176470589, "2": 0.3583934088568486, "3": 0.1469559132260322, "4": 0.12103321033210332, "5": 0.628498727735369, "6": 0.22852233676975944, "7": 0.0, "8": 0.3441671503192107},
  "recall": 0.33930348258706466,
  "scene_recalls": {"1": 0.33930348258706466},
  "targets_count": 9045,
  "tp_count": 3069
}