{
  "gt_count": 10279,
  "mean_obj_recall": 0.09070363792294545,
  "mean_scene_recall": 0.09817578772802653,
  "obj_recalls": {"1": 0.3014705882352941, "2": 0.09062821833161688, "3": 0.09727081875437368, "4": 0.053136531365313655, "5": 0.1102629346904156, "6": 0.06357388316151202, "7": 0.0, "8": 0.009286128845037725},
  "recall": 0.09817578772802653,
  "scene_recalls": {"1": 0.09817578772802653},
  "targets_count": 9045,
  "tp_count": 888
}