{
  "gt_count": 10292,
  "mean_obj_recall": 0.17036828244046315,
  "mean_scene_recall": 0.16070734551107657,
  "obj_recalls": {"1": 0.44689542483660133, "2": 0.20288362512873326, "3": 0.10146955913226033, "4": 0.06420664206642067, "5": 0.1628498727735369, "6": 0.10652920962199312, "7": 0.24619085805934243, "8": 0.03192106790481718},
  "recall": 0.16070734551107657,
  "scene_recalls": {"1": 0.16070734551107657},
  "targets_count": 10292,
  "tp_count": 1654
}