{
  "gt_count": 10279,
  "mean_obj_recall": 0.3238148374868052,
  "mean_scene_recall": 0.3618573797678275,
  "obj_recalls": {"1": 0.6266339869281046, "2": 0.3728115345005149, "3": 0.158852344296711, "4": 0.12915129151291513, "5": 0.6751484308736218, "6": 0.24312714776632302, "7": 0.0, "8": 0.3847939640162507},
  "recall": 0.3618573797678275,
  "scene_recalls": {"1": 0.3618573797678275},
  "targets_count": 9045,
  "tp_count": 3273
}