{
  "gt_count": 10279,
  "mean_obj_recall": 0.13959442518304535,
  "mean_scene_recall": 0.14892205638474296,
  "obj_recalls": {"1": 0.44689542483660133, "2": 0.20288362512873326, "3": 0.10146955913226033, "4": 0.06420664206642067, "5": 0.1628498727735369, "6": 0.10652920962199312, "7": 0.0, "8": 0.03192106790481718},
  "recall": 0.14892205638474296,
  "scene_recalls": {"1": 0.14892205638474296},
  "targets_count": 9045,
  "tp_count": 1347
}