{
  "gt_count": 10279,
  "mean_obj_recall": 0.04936942292478319,
  "mean_scene_recall": 0.05406301824212272,
  "obj_recalls": {"1": 0.17647058823529413, "2": 0.03604531410916581, "3": 0.06717984604618614, "4": 0.037638376383763834, "5": 0.043256997455470736, "6": 0.03436426116838488, "7": 0.0, "8": 0.0},
  "recall": 0.05406301824212272,
  "scene_recalls": {"1": 0.05406301824212272},
  "targets_count": 9045,
  "tp_count": 489
}