{
  "gt_count": 10279,
  "mean_obj_recall": 0.17927946056118804,
  "mean_scene_recall": 0.19248203427307906,
  "obj_recalls": {"1": 0.5228758169934641, "2": 0.2708547888774459, "3": 0.10846745976207138, "4": 0.08265682656826569, "5": 0.23155216284987276, "6": 0.13831615120274915, "7": 0.0, "8": 0.07951247823563552},
  "recall": 0.19248203427307906,
  "scene_recalls": {"1": 0.19248203427307906},
  "targets_count": 9045,
  "tp_count": 1741
}