{
  "gt_count": 10279,
  "mean_obj_recall": 0.22683174212807425,
  "mean_scene_recall": 0.248424543946932,
  "obj_recalls": {"1": 0.576797385620915, "2": 0.30072090628218334, "3": 0.12876137158852344, "4": 0.1055350553505535, "5": 0.3511450381679389, "6": 0.17525773195876287, "7": 0.0, "8": 0.17643644805571676},
  "recall": 0.248424543946932,
  "scene_recalls": {"1": 0.248424543946932},
  "targets_count": 9045,
  "tp_count": 2247
}