{
  "gt_count": 10292,
  "mean_obj_recall": 0.5171584515050096,
  "mean_scene_recall": 0.5001943256898562,
  "obj_recalls": {"1": 0.8872549019607843, "2": 0.557157569515963, "3": 0.3344996501049685, "4": 0.5431734317343173, "5": 0.34944868532654794, "6": 0.5713058419243986, "7": 0.6535685645549318, "8": 0.240858966918166},
  "recall": 0.5001943256898562,
  "scene_recalls": {"1": 0.5001943256898562},
  "targets_count": 10292,
  "tp_count": 5148
}