{
  "gt_count": 10292,
  "mean_obj_recall": 0.6464961211094367,
  "mean_scene_recall": 0.6274776525456666,
  "obj_recalls": {"1": 0.9272875816993464, "2": 0.7188465499485067, "3": 0.42197340797760674, "4": 0.6125461254612546, "5": 0.6827820186598813, "6": 0.6426116838487973, "7": 0.7770649558941459, "8": 0.3888566453859547},
  "recall": 0.6274776525456666,
  "scene_recalls": {"1": 0.6274776525456666},
  "targets_count": 10292,
  "tp_count": 6458
}