{
  "gt_count": 10292,
  "mean_obj_recall": 0.3257883838165348,
  "mean_scene_recall": 0.31257287213369606,
  "obj_recalls": {"1": 0.6911764705882353, "2": 0.345005149330587, "3": 0.24842547235829252, "4": 0.36014760147601477, "5": 0.1670907548770144, "6": 0.3487972508591065, "7": 0.3736968724939856, "8": 0.07196749854904237},
  "recall": 0.31257287213369606,
  "scene_recalls": {"1": 0.31257287213369606},
  "targets_count": 10292,
  "tp_count": 3217
}