{
  "gt_count": 10292,
  "mean_obj_recall": 0.5883339077126085,
  "mean_scene_recall": 0.5707345511076565,
  "obj_recalls": {"1": 0.9199346405228758, "2": 0.6343975283213182, "3": 0.3820853743876837, "4": 0.5852398523985239, "5": 0.5055131467345207, "6": 0.6237113402061856, "7": 0.731355252606255, "8": 0.3244341265235055},
  "recall": 0.5707345511076565,
  "scene_recalls": {"1": 0.5707345511076565},
  "targets_count": 10292,
  "tp_count": 5874
}