{
  "gt_count": 10292,
  "mean_obj_recall": 0.43035047337647014,
  "mean_scene_recall": 0.41420520792848814,
  "obj_recalls": {"1": 0.815359477124183, "2": 0.46755921730175076, "3": 0.2995101469559132, "4": 0.4752767527675277, "5": 0.23918575063613232, "6": 0.4742268041237113, "7": 0.5300721732157178, "8": 0.1416134648868253},
  "recall": 0.41420520792848814,
  "scene_recalls": {"1": 0.41420520792848814},
  "targets_count": 10292,
  "tp_count": 4263
}