{
  "gt_count": 10292,
  "mean_obj_recall": 0.22079634872349668,
  "mean_scene_recall": 0.2102603964244073,
  "obj_recalls": {"1": 0.5261437908496732, "2": 0.2451081359423275, "3": 0.20713785864240727, "4": 0.20811808118081182, "5": 0.10178117048346055, "6": 0.24312714776632302, "7": 0.2181234963913392, "8": 0.016831108531630876},
  "recall": 0.2102603964244073,
  "scene_recalls": {"1": 0.2102603964244073},
  "targets_count": 10292,
  "tp_count": 2164
}