{
  "gt_count": 10292,
  "mean_obj_recall": 0.6878362021251083,
  "mean_scene_recall": 0.668966187329965,
  "obj_recalls": {"1": 0.9428104575163399, "2": 0.7713697219361483, "3": 0.483554933519944, "4": 0.6273062730627307, "5": 0.7608142493638677, "6": 0.6743986254295533, "7": 0.8019246190858059, "8": 0.4405107370864771},
  "recall": 0.668966187329965,
  "scene_recalls": {"1": 0.668966187329965},
  "targets_count": 10292,
  "tp_count": 6885
}