{
  "gt_count": 10279,
  "mean_obj_recall": 0.017017655475669784,
  "mean_scene_recall": 0.019126589275843008,
  "obj_recalls": {"1": 0.08006535947712418, "2": 0.003089598352214212, "3": 0.028691392582225334, "4": 0.012546125461254613, "5": 0.0, "6": 0.011168384879725086, "7": 0.0, "8": 0.0005803830528148578},
  "recall": 0.019126589275843008,
  "scene_recalls": {"1": 0.019126589275843008},
  "targets_count": 9045,
  "tp_count": 173
}