{
  "gt_count": 10279,
  "mean_obj_recall": 0.05229479221163576,
  "mean_scene_recall": 0.05782200110558319,
  "obj_recalls": {"1": 0.19852941176470587, "2": 0.027806385169927908, "3": 0.07837648705388384, "4": 0.033210332103321034, "5": 0.006785411365564037, "6": 0.06958762886597938, "7": 0.0, "8": 0.004062681369704005},
  "recall": 0.05782200110558319,
  "scene_recalls": {"1": 0.05782200110558319},
  "targets_count": 9045,
  "tp_count": 523
}