{
  "gt_count": 10279,
  "mean_obj_recall": 0.19393341621259474,
  "mean_scene_recall": 0.21437258153676064,
  "obj_recalls": {"1": 0.5196078431372549, "2": 0.121524201853759, "3": 0.19104268719384185, "4": 0.1837638376383764, "5": 0.17726887192536048, "6": 0.2920962199312715, "7": 0.0, "8": 0.0661636680208938},
  "recall": 0.21437258153676064,
  "scene_recalls": {"1": 0.21437258153676064},
  "targets_count": 9045,
  "tp_count": 1939
}