{
  "gt_count": 10279,
  "mean_obj_recall": 0.2658300487569999,
  "mean_scene_recall": 0.296849087893864,
  "obj_recalls": {"1": 0.6078431372549019, "2": 0.16889804325437693, "3": 0.21343596920923724, "4": 0.22361623616236162, "5": 0.36980491942324, "6": 0.36254295532646047, "7": 0.0, "8": 0.1804991294254208},
  "recall": 0.296849087893864,
  "scene_recalls": {"1": 0.296849087893864},
  "targets_count": 9045,
  "tp_count": 2685
}