{
  "gt_count": 10279,
  "mean_obj_recall": 0.10624939399320768,
  "mean_scene_recall": 0.11663902708678828,
  "obj_recalls": {"1": 0.35049019607843135, "2": 0.07003089598352215, "3": 0.14205738278516444, "4": 0.07084870848708487, "5": 0.05004240882103478, "6": 0.15549828178694158, "7": 0.0, "8": 0.011027278003482298},
  "recall": 0.11663902708678828,
  "scene_recalls": {"1": 0.11663902708678828},
  "targets_count": 9045,
  "tp_count": 1055
}