{
  "gt_count": 10279,
  "mean_obj_recall": 0.32400697712277493,
  "mean_scene_recall": 0.3624101713653953,
  "obj_recalls": {"1": 0.6446078431372549, "2": 0.2512873326467559, "3": 0.23372988103568929, "4": 0.2693726937269373, "5": 0.536047497879559, "6": 0.3900343642611684, "7": 0.0, "8": 0.2669762042948346},
  "recall": 0.3624101713653953,
  "scene_recalls": {"1": 0.3624101713653953},
  "targets_count": 9045,
  "tp_count": 3278
}