{
  "gt_count": 10279,
  "mean_obj_recall": 0.29874394118043757,
  "mean_scene_recall": 0.33421779988944167,
  "obj_recalls": {"1": 0.6331699346405228, "2": 0.2059732234809475, "3": 0.2218334499650105, "4": 0.24575645756457565, "5": 0.46904156064461405, "6": 0.38144329896907214, "7": 0.0, "8": 0.232733604178758},
  "recall": 0.33421779988944167,
  "scene_recalls": {"1": 0.33421779988944167},
  "targets_count": 9045,
  "tp_count": 3023
}