{
  "gt_count": 10279,
  "mean_obj_recall": 0.22684457374117906,
  "mean_scene_recall": 0.25218352681039247,
  "obj_recalls": {"1": 0.5571895424836601, "2": 0.1431513903192585, "3": 0.20503848845346395, "4": 0.207380073800738, "5": 0.24427480916030533, "6": 0.34106529209621994, "7": 0.0, "8": 0.11665699361578642},
  "recall": 0.25218352681039247,
  "scene_recalls": {"1": 0.25218352681039247},
  "targets_count": 9045,
  "tp_count": 2281
}