{
  "bop19_average_recall": 0.2893462318039433,
  "bop19_average_recall_mspd": 0.41789939192924275,
  "bop19_average_recall_mssd": 0.27482587064676617,
  "bop19_average_recall_vsd": 0.17531343283582093,
  "bop19_average_time_per_image": -1.0
}