{
  "gt_count": 10279,
  "mean_obj_recall": 0.029778753336563966,
  "mean_scene_recall": 0.031840796019900496,
  "obj_recalls": {"1": 0.18218954248366012, "2": 0.0020597322348094747, "3": 0.0, "4": 0.0007380073800738007, "5": 0.0016963528413910093, "6": 0.05154639175257732, "7": 0.0, "8": 0.0},
  "recall": 0.031840796019900496,
  "scene_recalls": {"1": 0.031840796019900496},
  "targets_count": 9045,
  "tp_count": 288
}