{
  "gt_count": 10292,
  "mean_obj_recall": 0.21941888521514558,
  "mean_scene_recall": 0.21434123591138748,
  "obj_recalls": {"1": 0.6102941176470589, "2": 0.08444902162718847, "3": 0.0, "4": 0.05682656826568266, "5": 0.32230703986429177, "6": 0.3324742268041237, "7": 0.14354450681635927, "8": 0.20545560069645966},
  "recall": 0.21434123591138748,
  "scene_recalls": {"1": 0.21434123591138748},
  "targets_count": 10292,
  "tp_count": 2206
}