{
  "gt_count": 10279,
  "mean_obj_recall": 0.01183932385830136,
  "mean_scene_recall": 0.01271420674405749,
  "obj_recalls": {"1": 0.08251633986928104, "2": 0.0010298661174047373, "3": 0.0, "4": 0.0, "5": 0.0, "6": 0.011168384879725086, "7": 0.0, "8": 0.0},
  "recall": 0.01271420674405749,
  "scene_recalls": {"1": 0.01271420674405749},
  "targets_count": 9045,
  "tp_count": 115
}