{
  "gt_count": 10279,
  "mean_obj_recall": 0.14347250001061143,
  "mean_scene_recall": 0.15787728026533995,
  "obj_recalls": {"1": 0.5408496732026143, "2": 0.05252317198764161, "3": 0.0, "4": 0.03690036900369004, "5": 0.15182357930449533, "6": 0.25773195876288657, "7": 0.0, "8": 0.10795124782356355},
  "recall": 0.15787728026533995,
  "scene_recalls": {"1": 0.15787728026533995},
  "targets_count": 9045,
  "tp_count": 1428
}