{
  "gt_count": 10292,
  "mean_obj_recall": 0.2407471911398849,
  "mean_scene_recall": 0.23552273610571317,
  "obj_recalls": {"1": 0.6209150326797386, "2": 0.10607621009268794, "3": 0.0006997900629811056, "4": 0.06199261992619926, "5": 0.3850720949957591, "6": 0.3445017182130584, "7": 0.16760224538893345, "8": 0.2391178177597214},
  "recall": 0.23552273610571317,
  "scene_recalls": {"1": 0.23552273610571317},
  "targets_count": 10292,
  "tp_count": 2424
}