{
  "gt_count": 10292,
  "mean_obj_recall": 0.05930035650445235,
  "mean_scene_recall": 0.05547998445394481,
  "obj_recalls": {"1": 0.3202614379084967, "2": 0.02368692070030896, "3": 0.0, "4": 0.008118081180811807, "5": 0.016963528413910092, "6": 0.09707903780068729, "7": 0.0048115477145148355, "8": 0.003482298316889147},
  "recall": 0.05547998445394481,
  "scene_recalls": {"1": 0.05547998445394481},
  "targets_count": 10292,
  "tp_count": 571
}