{
  "gt_count": 10279,
  "mean_obj_recall": 0.21979691046626823,
  "mean_scene_recall": 0.2448866777224986,
  "obj_recalls": {"1": 0.6209150326797386, "2": 0.10607621009268794, "3": 0.0006997900629811056, "4": 0.06199261992619926, "5": 0.3850720949957591, "6": 0.3445017182130584, "7": 0.0, "8": 0.2391178177597214},
  "recall": 0.2448866777224986,
  "scene_recalls": {"1": 0.2448866777224986},
  "targets_count": 9045,
  "tp_count": 2215
}