{
  "gt_count": 10292,
  "mean_obj_recall": 0.15530088814212706,
  "mean_scene_recall": 0.1502137582588418,
  "obj_recalls": {"1": 0.5408496732026143, "2": 0.05252317198764161, "3": 0.0, "4": 0.03690036900369004, "5": 0.15182357930449533, "6": 0.25773195876288657, "7": 0.0946271050521251, "8": 0.10795124782356355},
  "recall": 0.1502137582588418,
  "scene_recalls": {"1": 0.1502137582588418},
  "targets_count": 10292,
  "tp_count": 1546
}