{
  "gt_count": 10292,
  "mean_obj_recall": 0.1864398928324409,
  "mean_scene_recall": 0.18179168286047415,
  "obj_recalls": {"1": 0.576797385620915, "2": 0.06282183316168898, "3": 0.0, "4": 0.047232472324723246, "5": 0.2171331636980492, "6": 0.30670103092783507, "7": 0.11948676824378508, "8": 0.16134648868253046},
  "recall": 0.18179168286047415,
  "scene_recalls": {"1": 0.18179168286047415},
  "targets_count": 10292,
  "tp_count": 1871
}