{
  "gt_count": 10279,
  "mean_obj_recall": 0.20147582186310065,
  "mean_scene_recall": 0.22410171365395246,
  "obj_recalls": {"1": 0.6102941176470589, "2": 0.08444902162718847, "3": 0.0, "4": 0.05682656826568266, "5": 0.32230703986429177, "6": 0.3324742268041237, "7": 0.0, "8": 0.20545560069645966},
  "recall": 0.22410171365395246,
  "scene_recalls": {"1": 0.22410171365395246},
  "targets_count": 9045,
  "tp_count": 2027
}