{
  "gt_count": 10279,
  "mean_obj_recall": 0.08916603279928614,
  "mean_scene_recall": 0.0955223880597015,
  "obj_recalls": {"1": 0.4452614379084967, "2": 0.03604531410916581, "3": 0.0, "4": 0.01992619926199262, "5": 0.04749787955894826, "6": 0.14776632302405499, "7": 0.0, "8": 0.016831108531630876},
  "recall": 0.0955223880597015,
  "scene_recalls": {"1": 0.0955223880597015},
  "targets_count": 9045,
  "tp_count": 864
}