{
  "gt_count": 10279,
  "mean_obj_recall": 0.058698913040138,
  "mean_scene_recall": 0.06246545052515202,
  "obj_recalls": {"1": 0.3202614379084967, "2": 0.02368692070030896, "3": 0.0, "4": 0.008118081180811807, "5": 0.016963528413910092, "6": 0.09707903780068729, "7": 0.0, "8": 0.003482298316889147},
  "recall": 0.06246545052515202,
  "scene_recalls": {"1": 0.06246545052515202},
  "targets_count": 9045,
  "tp_count": 565
}