{
  "gt_count": 10292,
  "mean_obj_recall": 0.34122631972598916,
  "mean_scene_recall": 0.3326855810338127,
  "obj_recalls": {"1": 0.6715686274509803, "2": 0.30072090628218334, "3": 0.0, "4": 0.13357933579335793, "5": 0.6191687871077184, "6": 0.3805841924398625, "7": 0.25100240577385724, "8": 0.3731863029599536},
  "recall": 0.3326855810338127,
  "scene_recalls": {"1": 0.3326855810338127},
  "targets_count": 10292,
  "tp_count": 3424
}