{
  "gt_count": 10292,
  "mean_obj_recall": 0.04151745226240415,
  "mean_scene_recall": 0.04178002331908278,
  "obj_recalls": {"1": 0.19607843137254902, "2": 0.0, "3": 0.0, "4": 0.0, "5": 0.031382527565733676, "6": 0.04553264604810996, "7": 0.00400962309542903, "8": 0.05513639001741149},
  "recall": 0.04178002331908278,
  "scene_recalls": {"1": 0.04178002331908278},
  "targets_count": 10292,
  "tp_count": 430
}