{
  "gt_count": 10292,
  "mean_obj_recall": 0.17187892735962668,
  "mean_scene_recall": 0.17061795569374272,
  "obj_recalls": {"1": 0.5318627450980392, "2": 0.02059732234809475, "3": 0.0, "4": 0.004428044280442804, "5": 0.30788804071246817, "6": 0.2345360824742268, "7": 0.0673616680032077, "8": 0.20835751596053395},
  "recall": 0.17061795569374272,
  "scene_recalls": {"1": 0.17061795569374272},
  "targets_count": 10292,
  "tp_count": 1756
}