{
  "gt_count": 10292,
  "mean_obj_recall": 0.24800230758544878,
  "mean_scene_recall": 0.24339292654488923,
  "obj_recalls": {"1": 0.6086601307189542, "2": 0.11122554067971163, "3": 0.0, "4": 0.025092250922509225, "5": 0.48770144189991516, "6": 0.31958762886597936, "7": 0.15316760224538895, "8": 0.2785838653511317},
  "recall": 0.24339292654488923,
  "scene_recalls": {"1": 0.24339292654488923},
  "targets_count": 10292,
  "tp_count": 2505
}