{
  "gt_count": 10279,
  "mean_obj_recall": 0.31831282074010353,
  "mean_scene_recall": 0.354228855721393,
  "obj_recalls": {"1": 0.6241830065359477, "2": 0.3779608650875386, "3": 0.16235129461161651, "4": 0.13357933579335793, "5": 0.6598812553011026, "6": 0.23625429553264604, "7": 0.0, "8": 0.3522925130586187},
  "recall": 0.354228855721393,
  "scene_recalls": {"1": 0.354228855721393},
  "targets_count": 9045,
  "tp_count": 3204
}