{
  "gt_count": 10292,
  "mean_obj_recall": 0.34117796757546437,
  "mean_scene_recall": 0.3317139525845317,
  "obj_recalls": {"1": 0.6045751633986928, "2": 0.35221421215242016, "3": 0.1490552834149755, "4": 0.12324723247232472, "5": 0.5351993214588634, "6": 0.21219931271477663, "7": 0.46912590216519645, "8": 0.2838073128264655},
  "recall": 0.3317139525845317,
  "scene_recalls": {"1": 0.3317139525845317},
  "targets_count": 10292,
  "tp_count": 3414
}