{
  "gt_count": 10292,
  "mean_obj_recall": 0.23204284157662186,
  "mean_scene_recall": 0.22036533229692964,
  "obj_recalls": {"1": 0.5334967320261438, "2": 0.29351184346035014, "3": 0.13086074177746676, "4": 0.1003690036900369, "5": 0.23494486853265478, "6": 0.14175257731958762, "7": 0.3384121892542101, "8": 0.08299477655252467},
  "recall": 0.22036533229692964,
  "scene_recalls": {"1": 0.22036533229692964},
  "targets_count": 10292,
  "tp_count": 2268
}