{
  "gt_count": 10292,
  "mean_obj_recall": 0.3832687148860538,
  "mean_scene_recall": 0.3742712786630393,
  "obj_recalls": {"1": 0.6241830065359477, "2": 0.3779608650875386, "3": 0.16235129461161651, "4": 0.13357933579335793, "5": 0.6598812553011026, "6": 0.23625429553264604, "7": 0.5196471531676022, "8": 0.3522925130586187},
  "recall": 0.3742712786630393,
  "scene_recalls": {"1": 0.3742712786630393},
  "targets_count": 10292,
  "tp_count": 3852
}