{
  "gt_count": 10279,
  "mean_obj_recall": 0.2825372298048149,
  "mean_scene_recall": 0.31276948590381426,
  "obj_recalls": {"1": 0.6045751633986928, "2": 0.35221421215242016, "3": 0.1490552834149755, "4": 0.12324723247232472, "5": 0.5351993214588634, "6": 0.21219931271477663, "7": 0.0, "8": 0.2838073128264655},
  "recall": 0.31276948590381426,
  "scene_recalls": {"1": 0.31276948590381426},
  "targets_count": 9045,
  "tp_count": 2829
}