{
  "gt_count": 10279,
  "mean_obj_recall": 0.2361850804849051,
  "mean_scene_recall": 0.25870646766169153,
  "obj_recalls": {"1": 0.5882352941176471, "2": 0.32028836251287335, "3": 0.1371588523442967, "4": 0.11808118081180811, "5": 0.361323155216285, "6": 0.18041237113402062, "7": 0.0, "8": 0.1839814277423099},
  "recall": 0.25870646766169153,
  "scene_recalls": {"1": 0.25870646766169153},
  "targets_count": 9045,
  "tp_count": 2340
}