{
  "gt_count": 10279,
  "mean_obj_recall": 0.013478275354446161,
  "mean_scene_recall": 0.014814814814814815,
  "obj_recalls": {"1": 0.049836601307189546, "2": 0.009268795056642637, "3": 0.01609517144856543, "4": 0.015498154981549815, "5": 0.004240882103477523, "6": 0.01288659793814433, "7": 0.0, "8": 0.0},
  "recall": 0.014814814814814815,
  "scene_recalls": {"1": 0.014814814814814815},
  "targets_count": 9045,
  "tp_count": 134
}