{
  "gt_count": 10279,
  "mean_obj_recall": 0.18974131791984558,
  "mean_scene_recall": 0.20409065782200111,
  "obj_recalls": {"1": 0.5334967320261438, "2": 0.29351184346035014, "3": 0.13086074177746676, "4": 0.1003690036900369, "5": 0.23494486853265478, "6": 0.14175257731958762, "7": 0.0, "8": 0.08299477655252467},
  "recall": 0.20409065782200111,
  "scene_recalls": {"1": 0.20409065782200111},
  "targets_count": 9045,
  "tp_count": 1846
}