{
  "gt_count": 10292,
  "mean_obj_recall": 0.2884104213028682,
  "mean_scene_recall": 0.27798289933929266,
  "obj_recalls": {"1": 0.5882352941176471, "2": 0.32028836251287335, "3": 0.1371588523442967, "4": 0.11808118081180811, "5": 0.361323155216285, "6": 0.18041237113402062, "7": 0.41780272654370487, "8": 0.1839814277423099},
  "recall": 0.27798289933929266,
  "scene_recalls": {"1": 0.27798289933929266},
  "targets_count": 10292,
  "tp_count": 2861
}