{
  "gt_count": 10279,
  "mean_obj_recall": 0.05174280858061959,
  "mean_scene_recall": 0.05638474295190713,
  "obj_recalls": {"1": 0.1772875816993464, "2": 0.04737384140061792, "3": 0.06997900629811056, "4": 0.03911439114391144, "5": 0.04410517387616624, "6": 0.03608247422680412, "7": 0.0, "8": 0.0},
  "recall": 0.05638474295190713,
  "scene_recalls": {"1": 0.05638474295190713},
  "targets_count": 9045,
  "tp_count": 510
}