{
  "gt_count": 10279,
  "mean_obj_recall": 0.3370743061692386,
  "mean_scene_recall": 0.3762299613045882,
  "obj_recalls": {"1": 0.6397058823529411, "2": 0.3995880535530381, "3": 0.1735479356193142, "4": 0.13874538745387455, "5": 0.6963528413910093, "6": 0.2551546391752577, "7": 0.0, "8": 0.3934997098084736},
  "recall": 0.3762299613045882,
  "scene_recalls": {"1": 0.3762299613045882},
  "targets_count": 9045,
  "tp_count": 3403
}