{
  "gt_count": 10292,
  "mean_obj_recall": 0.05956157361670619,
  "mean_scene_recall": 0.0571317528177225,
  "obj_recalls": {"1": 0.1772875816993464, "2": 0.04737384140061792, "3": 0.06997900629811056, "4": 0.03911439114391144, "5": 0.04410517387616624, "6": 0.03608247422680412, "7": 0.06255012028869286, "8": 0.0},
  "recall": 0.0571317528177225,
  "scene_recalls": {"1": 0.0571317528177225},
  "targets_count": 10292,
  "tp_count": 588
}