{
  "gt_count": 10279,
  "mean_obj_recall": 0.14556917371738223,
  "mean_scene_recall": 0.15533443891652846,
  "obj_recalls": {"1": 0.4550653594771242, "2": 0.2203913491246138, "3": 0.11756473058082575, "4": 0.06937269372693727, "5": 0.1628498727735369, "6": 0.10738831615120274, "7": 0.0, "8": 0.03192106790481718},
  "recall": 0.15533443891652846,
  "scene_recalls": {"1": 0.15533443891652846},
  "targets_count": 9045,
  "tp_count": 1405
}