{
  "gt_count": 10292,
  "mean_obj_recall": 0.12443310483090052,
  "mean_scene_recall": 0.11892732219199378,
  "obj_recalls": {"1": 0.40604575163398693, "2": 0.16889804325437693, "3": 0.10426871938418475, "4": 0.10922509225092251, "5": 0.04410517387616624, "6": 0.029209621993127148, "7": 0.10585404971932638, "8": 0.027858386535113175},
  "recall": 0.11892732219199378,
  "scene_recalls": {"1": 0.11892732219199378},
  "targets_count": 10292,
  "tp_count": 1224
}