{
  "gt_count": 10292,
  "mean_obj_recall": 0.14299483932160273,
  "mean_scene_recall": 0.1369996113486203,
  "obj_recalls": {"1": 0.41094771241830064, "2": 0.1874356333676622, "3": 0.11336599020293912, "4": 0.11660516605166052, "5": 0.10432569974554708, "6": 0.0429553264604811, "7": 0.1218925421010425, "8": 0.046430644225188625},
  "recall": 0.1369996113486203,
  "scene_recalls": {"1": 0.1369996113486203},
  "targets_count": 10292,
  "tp_count": 1410
}