{
  "gt_count": 10292,
  "mean_obj_recall": 0.022912647278497723,
  "mean_scene_recall": 0.021958802953750484,
  "obj_recalls": {"1": 0.1388888888888889, "2": 0.007209062821833162, "3": 0.01469559132260322, "4": 0.006642066420664207, "5": 0.0, "6": 0.009450171821305841, "7": 0.006415396952686447, "8": 0.0},
  "recall": 0.021958802953750484,
  "scene_recalls": {"1": 0.021958802953750484},
  "targets_count": 10292,
  "tp_count": 226
}