{
  "gt_count": 10292,
  "mean_obj_recall": 0.09777661273797303,
  "mean_scene_recall": 0.09317916828604741,
  "obj_recalls": {"1": 0.3431372549019608, "2": 0.13697219361483007, "3": 0.086074177746676, "4": 0.08634686346863468, "5": 0.01441899915182358, "6": 0.019759450171821305, "7": 0.0809943865276664, "8": 0.014509576320371444},
  "recall": 0.09317916828604741,
  "scene_recalls": {"1": 0.09317916828604741},
  "targets_count": 10292,
  "tp_count": 959
}