{
  "gt_count": 10292,
  "mean_obj_recall": 0.07972739542594479,
  "mean_scene_recall": 0.07598134473377381,
  "obj_recalls": {"1": 0.28431372549019607, "2": 0.10710607621009269, "3": 0.08327501749475158, "4": 0.06346863468634686, "5": 0.01102629346904156, "6": 0.015463917525773196, "7": 0.0673616680032077, "8": 0.005803830528148578},
  "recall": 0.07598134473377381,
  "scene_recalls": {"1": 0.07598134473377381},
  "targets_count": 10292,
  "tp_count": 782
}