{
  "gt_count": 10292,
  "mean_obj_recall": 0.004999962808475697,
  "mean_scene_recall": 0.0047609794014768754,
  "obj_recalls": {"1": 0.03758169934640523, "2": 0.0, "3": 0.0006997900629811056, "4": 0.0, "5": 0.0, "6": 0.001718213058419244, "7": 0.0, "8": 0.0},
  "recall": 0.0047609794014768754,
  "scene_recalls": {"1": 0.0047609794014768754},
  "targets_count": 10292,
  "tp_count": 49
}