{
  "gt_count": 10292,
  "mean_obj_recall": 0.060691904701855946,
  "mean_scene_recall": 0.0577147298872911,
  "obj_recalls": {"1": 0.2312091503267974, "2": 0.082389289392379, "3": 0.07837648705388384, "4": 0.02730627306273063, "5": 0.002544529262086514, "6": 0.012027491408934709, "7": 0.05052125100240577, "8": 0.0011607661056297156},
  "recall": 0.0577147298872911,
  "scene_recalls": {"1": 0.0577147298872911},
  "targets_count": 10292,
  "tp_count": 594
}