{
  "gt_count": 10292,
  "mean_obj_recall": 0.13619281741229006,
  "mean_scene_recall": 0.1301010493587252,
  "obj_recalls": {"1": 0.40931372549019607, "2": 0.18331616889804325, "3": 0.10636808957312806, "4": 0.1121771217712177, "5": 0.0916030534351145, "6": 0.03436426116838488, "7": 0.11467522052927025, "8": 0.03772489843296576},
  "recall": 0.1301010493587252,
  "scene_recalls": {"1": 0.1301010493587252},
  "targets_count": 10292,
  "tp_count": 1339
}