{
  "gt_count": 10292,
  "mean_obj_recall": 0.04302192772622457,
  "mean_scene_recall": 0.041002720559657986,
  "obj_recalls": {"1": 0.1772875816993464, "2": 0.053553038105046344, "3": 0.0615815255423373, "4": 0.013284132841328414, "5": 0.0016963528413910093, "6": 0.010309278350515464, "7": 0.026463512429831595, "8": 0.0},
  "recall": 0.041002720559657986,
  "scene_recalls": {"1": 0.041002720559657986},
  "targets_count": 10292,
  "tp_count": 422
}