{
  "gt_count": 10292,
  "mean_obj_recall": 0.11266328363470837,
  "mean_scene_recall": 0.10736494364554994,
  "obj_recalls": {"1": 0.3888888888888889, "2": 0.15756951596292482, "3": 0.09447165850244926, "4": 0.0996309963099631, "5": 0.02714164546225615, "6": 0.024054982817869417, "7": 0.08981555733761026, "8": 0.019733023795705164},
  "recall": 0.10736494364554994,
  "scene_recalls": {"1": 0.10736494364554994},
  "targets_count": 10292,
  "tp_count": 1105
}