{
  "bop19_average_recall": 0.43892958932504217,
  "bop19_average_recall_mspd": 0.6095316750874467,
  "bop19_average_recall_mssd": 0.44484065293431796,
  "bop19_average_recall_vsd": 0.26241643995336184,
  "bop19_average_time_per_image": -1.0
}