scene_id,im_id,obj_id,score,R,t
1,0,1,1.0,"0.9392693638801575, 0.3197930157184601, -0.12452170997858047, -0.22263404726982117, 0.8439416289329529, 0.4880538880825043, 0.2611652910709381, -0.4306912422180176, 0.8638851642608643","-0.05159546807408333, -0.09753834456205368, 0.39388418197631836",-1
1,0,3,1.0,"-0.9853751063346863, -0.17014184594154358, -0.00936602707952261, -0.0816405788064003, 0.5196381211280823, -0.8504769206047058, 0.14956864714622498, -0.8372740745544434, -0.5259289741516113","-0.26009729504585266, -0.13363508880138397, 0.45226967334747314",-1
1,0,6,1.0,"0.7113244533538818, -0.2922373414039612, -0.6392298936843872, -0.2775745987892151, 0.7187402248382568, -0.6374675631523132, 0.6457321047782898, 0.6308802962303162, 0.43013980984687805","-0.24167579412460327, -0.14944307506084442, 0.6129481792449951",-1
1,0,8,1.0,"-0.6615702509880066, -0.6935180425643921, 0.2852327823638916, -0.19575679302215576, -0.2074589729309082, -0.9584571719169617, 0.7238813638687134, -0.6899229884147644, 0.0014878064393997192","-0.09577066451311111, -0.1225702241063118, 0.5810001492500305",-1
