scene_id,im_id,obj_id,score,R,t
1,0,1,1.0,0.939263641834259 0.3197994530200958 -0.1245473325252533 -0.2226889729499817 0.844042956829071 0.48785337805747986 0.26113855838775635 -0.43048763275146484 0.8639947772026062,-51.59159004688263 -97.53556549549103 393.86528730392456,-1
1,0,3,1.0,0.7204890251159668 0.629316508769989 -0.29130110144615173 -0.27642926573753357 0.6458818912506104 0.7116344571113586 0.6359894275665283 -0.43220067024230957 0.6393122673034668,-244.26785111427307 -171.9997376203537 612.4977469444275,-1
1,0,6,1.0,-0.6471658945083618 -0.6915867924690247 0.32075539231300354 -0.2032916396856308 -0.24895301461219788 -0.9469398260116577 0.7347439527511597 -0.6780340671539307 0.02052011340856552,-95.88104486465454 -124.80614334344864 580.4714560508728,-1
1,0,8,1.0,-0.986120343208313 -0.16586869955062866 -0.007370384410023689 -0.08090274780988693 0.5187989473342896 -0.8510594964027405 0.14498786628246307 -0.8386508226394653 -0.5250173807144165,-260.063111782074 -133.5759460926056 452.17475295066833,-1
