{
  "gt_count": 10292,
  "mean_obj_recall": 0.002354451633283492,
  "mean_scene_recall": 0.002331908278274388,
  "obj_recalls": {"1": 0.008986928104575163, "2": 0.003089598352214212, "3": 0.005598320503848845, "4": 0.0, "5": 0.0, "6": 0.0, "7": 0.0, "8": 0.0011607661056297156},
  "recall": 0.002331908278274388,
  "scene_recalls": {"1": 0.002331908278274388},
  "targets_count": 10292,
  "tp_count": 24
}