{
  "gt_count": 10292,
  "mean_obj_recall": 0.0008844332595935496,
  "mean_scene_recall": 0.0008744656043528955,
  "obj_recalls": {"1": 0.0008169934640522876, "2": 0.0020597322348094747, "3": 0.004198740377886634, "4": 0.0, "5": 0.0, "6": 0.0, "7": 0.0, "8": 0.0},
  "recall": 0.0008744656043528955,
  "scene_recalls": {"1": 0.0008744656043528955},
  "targets_count": 10292,
  "tp_count": 9
}