{
  "gt_count": 10292,
  "mean_obj_recall": 0.24739976277298298,
  "mean_scene_recall": 0.23493975903614459,
  "obj_recalls": {"1": 0.553921568627451, "2": 0.33161688980432547, "3": 0.1490552834149755, "4": 0.12177121771217712, "5": 0.24257845631891434, "6": 0.14604810996563575, "7": 0.3448275862068966, "8": 0.0893789901334881},
  "recall": 0.23493975903614459,
  "scene_recalls": {"1": 0.23493975903614459},
  "targets_count": 10292,
  "tp_count": 2418
}