{
  "gt_count": 10292,
  "mean_obj_recall": 0.12424004682106322,
  "mean_scene_recall": 0.11834434512242518,
  "obj_recalls": {"1": 0.3112745098039216, "2": 0.13697219361483007, "3": 0.13226032190342898, "4": 0.07380073800738007, "5": 0.1102629346904156, "6": 0.06529209621993128, "7": 0.15477145148356056, "8": 0.009286128845037725},
  "recall": 0.11834434512242518,
  "scene_recalls": {"1": 0.11834434512242518},
  "targets_count": 10292,
  "tp_count": 1218
}