{
  "gt_count": 10292,
  "mean_obj_recall": 0.018657149994218993,
  "mean_scene_recall": 0.017975126311698408,
  "obj_recalls": {"1": 0.05065359477124183, "2": 0.012358393408856848, "3": 0.016794961511546535, "4": 0.016236162361623615, "5": 0.004240882103477523, "6": 0.01288659793814433, "7": 0.03608660785886127, "8": 0.0},
  "recall": 0.017975126311698408,
  "scene_recalls": {"1": 0.017975126311698408},
  "targets_count": 10292,
  "tp_count": 185
}