{
  "gt_count": 10279,
  "mean_obj_recall": 0.3788026559367522,
  "mean_scene_recall": 0.41636263128800444,
  "obj_recalls": {"1": 0.6062091503267973, "2": 0.5427394438722966, "3": 0.21973407977606718, "4": 0.24501845018450186, "5": 0.6581849024597116, "6": 0.41494845360824745, "7": 0.0, "8": 0.3435867672663958},
  "recall": 0.41636263128800444,
  "scene_recalls": {"1": 0.41636263128800444},
  "targets_count": 9045,
  "tp_count": 3766
}