{
  "gt_count": 10279,
  "mean_obj_recall": 0.284689718198254,
  "mean_scene_recall": 0.30779436152570483,
  "obj_recalls": {"1": 0.46977124183006536, "2": 0.451081359423275, "3": 0.14415675297410777, "4": 0.13874538745387455, "5": 0.4732824427480916, "6": 0.3857388316151203, "7": 0.0, "8": 0.2147417295414974},
  "recall": 0.30779436152570483,
  "scene_recalls": {"1": 0.30779436152570483},
  "targets_count": 9045,
  "tp_count": 2784
}