{
  "gt_count": 10279,
  "mean_obj_recall": 0.42749642289898826,
  "mean_scene_recall": 0.4695411829740188,
  "obj_recalls": {"1": 0.6413398692810458, "2": 0.6879505664263645, "3": 0.28901329601119663, "4": 0.3202952029520295, "5": 0.6785411365564037, "6": 0.422680412371134, "7": 0.0, "8": 0.3801508995937319},
  "recall": 0.4695411829740188,
  "scene_recalls": {"1": 0.4695411829740188},
  "targets_count": 9045,
  "tp_count": 4247
}