{
  "gt_count": 10279,
  "mean_obj_recall": 0.12819244023510992,
  "mean_scene_recall": 0.13609729132117193,
  "obj_recalls": {"1": 0.21241830065359477, "2": 0.1822863027806385, "3": 0.07627711686494051, "4": 0.04870848708487085, "5": 0.19592875318066158, "6": 0.2611683848797251, "7": 0.0, "8": 0.04875217643644805},
  "recall": 0.13609729132117193,
  "scene_recalls": {"1": 0.13609729132117193},
  "targets_count": 9045,
  "tp_count": 1231
}