{
  "gt_count": 10279,
  "mean_obj_recall": 0.3583792235801019,
  "mean_scene_recall": 0.39226091763405196,
  "obj_recalls": {"1": 0.576797385620915, "2": 0.5149330587023687, "3": 0.185444366689993, "4": 0.21918819188191882, "5": 0.6446140797285835, "6": 0.41323024054982815, "7": 0.0, "8": 0.3128264654672084},
  "recall": 0.39226091763405196,
  "scene_recalls": {"1": 0.39226091763405196},
  "targets_count": 9045,
  "tp_count": 3548
}