{
  "gt_count": 10279,
  "mean_obj_recall": 0.5401766870102093,
  "mean_scene_recall": 0.5995577667219458,
  "obj_recalls": {"1": 0.6584967320261438, "2": 0.9052523171987642, "3": 0.5878236529041287, "4": 0.5276752767527675, "5": 0.7116200169635284, "6": 0.4639175257731959, "7": 0.0, "8": 0.4666279744631457},
  "recall": 0.5995577667219458,
  "scene_recalls": {"1": 0.5995577667219458},
  "targets_count": 9045,
  "tp_count": 5423
}