{
  "gt_count": 10292,
  "mean_obj_recall": 0.635451834628087,
  "mean_scene_recall": 0.6189273221919938,
  "obj_recalls": {"1": 0.934640522875817, "2": 0.733264675592173, "3": 0.4555633310006998, "4": 0.5992619926199262, "5": 0.7039864291772688, "6": 0.6872852233676976, "7": 0.5244587008821171, "8": 0.4451538015089959},
  "recall": 0.6189273221919938,
  "scene_recalls": {"1": 0.6189273221919938},
  "targets_count": 10292,
  "tp_count": 6370
}