{
  "gt_count": 10292,
  "mean_obj_recall": 0.47583326325820796,
  "mean_scene_recall": 0.4607462106490478,
  "obj_recalls": {"1": 0.8725490196078431, "2": 0.5695159629248198, "3": 0.36529041287613717, "4": 0.5350553505535055, "5": 0.3570822731128075, "6": 0.5395189003436426, "7": 0.32157177225340816, "8": 0.2460824143934997},
  "recall": 0.4607462106490478,
  "scene_recalls": {"1": 0.4607462106490478},
  "targets_count": 10292,
  "tp_count": 4742
}