{
  "gt_count": 10292,
  "mean_obj_recall": 0.5637020655680964,
  "mean_scene_recall": 0.5481927710843374,
  "obj_recalls": {"1": 0.9166666666666666, "2": 0.6529351184346035, "3": 0.4079776067179846, "4": 0.5749077490774908, "5": 0.5351993214588634, "6": 0.6262886597938144, "7": 0.43464314354450684, "8": 0.3609982588508416},
  "recall": 0.5481927710843374,
  "scene_recalls": {"1": 0.5481927710843374},
  "targets_count": 10292,
  "tp_count": 5642
}