{
  "gt_count": 10292,
  "mean_obj_recall": 0.028134606869857186,
  "mean_scene_recall": 0.02691410804508356,
  "obj_recalls": {"1": 0.18137254901960784, "2": 0.0, "3": 0.0027991602519244225, "4": 0.0, "5": 0.016115351993214587, "6": 0.006872852233676976, "7": 0.014434643143544507, "8": 0.003482298316889147},
  "recall": 0.02691410804508356,
  "scene_recalls": {"1": 0.02691410804508356},
  "targets_count": 10292,
  "tp_count": 277
}