{
  "gt_count": 10292,
  "mean_obj_recall": 0.03765112858074664,
  "mean_scene_recall": 0.03575592693354061,
  "obj_recalls": {"1": 0.21650326797385622, "2": 0.009268795056642637, "3": 0.00489853044086774, "4": 0.0014760147601476014, "5": 0.022900763358778626, "6": 0.01804123711340206, "7": 0.024057738572574178, "8": 0.004062681369704005},
  "recall": 0.03575592693354061,
  "scene_recalls": {"1": 0.03575592693354061},
  "targets_count": 10292,
  "tp_count": 368
}