{
  "gt_count": 10292,
  "mean_obj_recall": 0.042083992865787206,
  "mean_scene_recall": 0.039836766420520794,
  "obj_recalls": {"1": 0.2246732026143791, "2": 0.015447991761071062, "3": 0.006997900629811057, "4": 0.002214022140221402, "5": 0.031382527565733676, "6": 0.020618556701030927, "7": 0.03127506014434643, "8": 0.004062681369704005},
  "recall": 0.039836766420520794,
  "scene_recalls": {"1": 0.039836766420520794},
  "targets_count": 10292,
  "tp_count": 410
}