{
  "gt_count": 10292,
  "mean_obj_recall": 0.03983888705947723,
  "mean_scene_recall": 0.037796346677030704,
  "obj_recalls": {"1": 0.22058823529411764, "2": 0.01132852729145211, "3": 0.006298110566829951, "4": 0.0014760147601476014, "5": 0.027989821882951654, "6": 0.018900343642611683, "7": 0.028067361668003207, "8": 0.004062681369704005},
  "recall": 0.037796346677030704,
  "scene_recalls": {"1": 0.037796346677030704},
  "targets_count": 10292,
  "tp_count": 389
}