{
  "gt_count": 10292,
  "mean_obj_recall": 0.04617902532722173,
  "mean_scene_recall": 0.04382044306257287,
  "obj_recalls": {"1": 0.23202614379084968, "2": 0.018537590113285273, "3": 0.01119664100769769, "4": 0.0036900369003690036, "5": 0.035623409669211195, "6": 0.027491408934707903, "7": 0.034482758620689655, "8": 0.006384213580963436},
  "recall": 0.04382044306257287,
  "scene_recalls": {"1": 0.04382044306257287},
  "targets_count": 10292,
  "tp_count": 451
}