{
  "gt_count": 10292,
  "mean_obj_recall": 0.044585631452926246,
  "mean_scene_recall": 0.04226583754372328,
  "obj_recalls": {"1": 0.22875816993464052, "2": 0.016477857878475798, "3": 0.009097270818754374, "4": 0.0036900369003690036, "5": 0.033927056827820185, "6": 0.02663230240549828, "7": 0.03287890938251804, "8": 0.00522344747533372},
  "recall": 0.04226583754372328,
  "scene_recalls": {"1": 0.04226583754372328},
  "targets_count": 10292,
  "tp_count": 435
}