{
  "gt_count": 10292,
  "mean_obj_recall": 0.043157052727135305,
  "mean_scene_recall": 0.04090555771472989,
  "obj_recalls": {"1": 0.22630718954248366, "2": 0.016477857878475798, "3": 0.007697690692792162, "4": 0.002952029520295203, "5": 0.031382527565733676, "6": 0.022336769759450172, "7": 0.03287890938251804, "8": 0.00522344747533372},
  "recall": 0.04090555771472989,
  "scene_recalls": {"1": 0.04090555771472989},
  "targets_count": 10292,
  "tp_count": 421
}