{
  "gt_count": 10292,
  "mean_obj_recall": 0.03414122897532958,
  "mean_scene_recall": 0.03254955305091333,
  "obj_recalls": {"1": 0.20506535947712418, "2": 0.003089598352214212, "3": 0.004198740377886634, "4": 0.0007380073800738007, "5": 0.020356234096692113, "6": 0.013745704467353952, "7": 0.022453889334402566, "8": 0.003482298316889147},
  "recall": 0.03254955305091333,
  "scene_recalls": {"1": 0.03254955305091333},
  "targets_count": 10292,
  "tp_count": 335
}