{
  "gt_count": 10292,
  "mean_obj_recall": 0.013624050918530896,
  "mean_scene_recall": 0.013019821220365333,
  "obj_recalls": {"1": 0.08986928104575163, "2": 0.0, "3": 0.0, "4": 0.0, "5": 0.006785411365564037, "6": 0.002577319587628866, "7": 0.00801924619085806, "8": 0.0017411491584445734},
  "recall": 0.013019821220365333,
  "scene_recalls": {"1": 0.013019821220365333},
  "targets_count": 10292,
  "tp_count": 134
}