{
  "gt_count": 10292,
  "mean_obj_recall": 0.04760708671095612,
  "mean_scene_recall": 0.045180722891566265,
  "obj_recalls": {"1": 0.23366013071895425, "2": 0.018537590113285273, "3": 0.012596221133659902, "4": 0.004428044280442804, "5": 0.037319762510602206, "6": 0.03264604810996564, "7": 0.03528468323977546, "8": 0.006384213580963436},
  "recall": 0.045180722891566265,
  "scene_recalls": {"1": 0.045180722891566265},
  "targets_count": 10292,
  "tp_count": 465
}