{
  "gt_count": 10292,
  "mean_obj_recall": 0.11835290827105237,
  "mean_scene_recall": 0.11717839098328799,
  "obj_recalls": {"1": 0.5588235294117647, "2": 0.007209062821833162, "3": 0.09587123862841147, "4": 0.006642066420664207, "5": 0.03307888040712468, "6": 0.16065292096219932, "7": 0.0056134723336006415, "8": 0.07893209518282066},
  "recall": 0.11717839098328799,
  "scene_recalls": {"1": 0.11717839098328799},
  "targets_count": 10292,
  "tp_count": 1206
}