{
  "gt_count": 10292,
  "mean_obj_recall": 0.06751195060908535,
  "mean_scene_recall": 0.06577924601632336,
  "obj_recalls": {"1": 0.35947712418300654, "2": 0.006179196704428424, "3": 0.06927921623512946, "4": 0.002952029520295203, "5": 0.013570822731128074, "6": 0.07216494845360824, "7": 0.0008019246190858059, "8": 0.01567034242600116},
  "recall": 0.06577924601632336,
  "scene_recalls": {"1": 0.06577924601632336},
  "targets_count": 10292,
  "tp_count": 677
}