{
  "gt_count": 10292,
  "mean_obj_recall": 0.18010761487966725,
  "mean_scene_recall": 0.18072289156626506,
  "obj_recalls": {"1": 0.6348039215686274, "2": 0.013388259526261586, "3": 0.11616515045486354, "4": 0.016236162361623615, "5": 0.11620016963528414, "6": 0.30326460481099654, "7": 0.048115477145148355, "8": 0.1926871735345328},
  "recall": 0.18072289156626506,
  "scene_recalls": {"1": 0.18072289156626506},
  "targets_count": 10292,
  "tp_count": 1860
}