{
  "gt_count": 10292,
  "mean_obj_recall": 0.14000666534581993,
  "mean_scene_recall": 0.13904003109211038,
  "obj_recalls": {"1": 0.5898692810457516, "2": 0.01132852729145211, "3": 0.10356892932120364, "4": 0.008118081180811807, "5": 0.05173876166242578, "6": 0.22336769759450173, "7": 0.020048115477145148, "8": 0.11201392919326755},
  "recall": 0.13904003109211038,
  "scene_recalls": {"1": 0.13904003109211038},
  "targets_count": 10292,
  "tp_count": 1431
}