{
  "gt_count": 10292,
  "mean_obj_recall": 0.018142864328738895,
  "mean_scene_recall": 0.01719782355227361,
  "obj_recalls": {"1": 0.12826797385620914, "2": 0.0010298661174047373, "3": 0.002099370188943317, "4": 0.0, "5": 0.0, "6": 0.013745704467353952, "7": 0.0, "8": 0.0},
  "recall": 0.01719782355227361,
  "scene_recalls": {"1": 0.01719782355227361},
  "targets_count": 10292,
  "tp_count": 177
}