{
  "gt_count": 10292,
  "mean_obj_recall": 0.035906001911792954,
  "mean_scene_recall": 0.03575592693354061,
  "obj_recalls": {"1": 0.20588235294117646, "2": 0.0, "3": 0.0, "4": 0.0, "5": 0.008481764206955046, "6": 0.030927835051546393, "7": 0.0048115477145148355, "8": 0.0371445153801509},
  "recall": 0.03575592693354061,
  "scene_recalls": {"1": 0.03575592693354061},
  "targets_count": 10292,
  "tp_count": 368
}