{
  "gt_count": 10292,
  "mean_obj_recall": 0.042836631839620734,
  "mean_scene_recall": 0.04294597745821998,
  "obj_recalls": {"1": 0.22875816993464052, "2": 0.0, "3": 0.0, "4": 0.0014760147601476014, "5": 0.009329940627650551, "6": 0.04381443298969072, "7": 0.008821170809943865, "8": 0.05049332559489263},
  "recall": 0.04294597745821998,
  "scene_recalls": {"1": 0.04294597745821998},
  "targets_count": 10292,
  "tp_count": 442
}