{
  "gt_count": 10279,
  "mean_obj_recall": 0.4179843708634424,
  "mean_scene_recall": 0.4615809839690437,
  "obj_recalls": {"1": 0.7647058823529411, "2": 0.5829042224510813, "3": 0.30370888733379986, "4": 0.2177121771217712, "5": 0.6174724342663274, "6": 0.46735395189003437, "7": 0.0, "8": 0.3900174114915844},
  "recall": 0.4615809839690437,
  "scene_recalls": {"1": 0.4615809839690437},
  "targets_count": 9045,
  "tp_count": 4175
}