{
  "gt_count": 10279,
  "mean_obj_recall": 0.09790578767034337,
  "mean_scene_recall": 0.10978441127694859,
  "obj_recalls": {"1": 0.3088235294117647, "2": 0.04531410916580844, "3": 0.021693491952414275, "4": 0.016974169741697416, "5": 0.1670907548770144, "6": 0.11597938144329897, "7": 0.0, "8": 0.1073708647707487},
  "recall": 0.10978441127694859,
  "scene_recalls": {"1": 0.10978441127694859},
  "targets_count": 9045,
  "tp_count": 993
}