{
  "gt_count": 10279,
  "mean_obj_recall": 0.5187368943479014,
  "mean_scene_recall": 0.5773355444997236,
  "obj_recalls": {"1": 0.8145424836601307, "2": 0.8032955715756952, "3": 0.3463960811756473, "4": 0.3948339483394834, "5": 0.7056827820186599, "6": 0.5128865979381443, "7": 0.0, "8": 0.5722576900754498},
  "recall": 0.5773355444997236,
  "scene_recalls": {"1": 0.5773355444997236},
  "targets_count": 9045,
  "tp_count": 5222
}