{
  "gt_count": 10279,
  "mean_obj_recall": 0.46313847369923905,
  "mean_scene_recall": 0.5100055279159756,
  "obj_recalls": {"1": 0.7892156862745098, "2": 0.7209062821833162, "3": 0.33240027991602517, "4": 0.2612546125461255, "5": 0.6717557251908397, "6": 0.49312714776632305, "7": 0.0, "8": 0.4364480557167731},
  "recall": 0.5100055279159756,
  "scene_recalls": {"1": 0.5100055279159756},
  "targets_count": 9045,
  "tp_count": 4613
}