{
  "gt_count": 10279,
  "mean_obj_recall": 0.24255002727923874,
  "mean_scene_recall": 0.27296849087893865,
  "obj_recalls": {"1": 0.565359477124183, "2": 0.18640576725025745, "3": 0.17774667599720084, "4": 0.08265682656826569, "5": 0.38761662425784565, "6": 0.28350515463917525, "7": 0.0, "8": 0.257109692396982},
  "recall": 0.27296849087893865,
  "scene_recalls": {"1": 0.27296849087893865},
  "targets_count": 9045,
  "tp_count": 2469
}