{
  "gt_count": 10279,
  "mean_obj_recall": 0.4828828006456048,
  "mean_scene_recall": 0.5320066334991708,
  "obj_recalls": {"1": 0.7973856209150327, "2": 0.7734294541709578, "3": 0.34009797060881736, "4": 0.3025830258302583, "5": 0.6887192536047498, "6": 0.49828178694158076, "7": 0.0, "8": 0.4625652930934417},
  "recall": 0.5320066334991708,
  "scene_recalls": {"1": 0.5320066334991708},
  "targets_count": 9045,
  "tp_count": 4812
}