{
  "gt_count": 10279,
  "mean_obj_recall": 0.3811004564500228,
  "mean_scene_recall": 0.42211166390270866,
  "obj_recalls": {"1": 0.7320261437908496, "2": 0.4768280123583934, "3": 0.27851644506648005, "4": 0.1918819188191882, "5": 0.5742154368108566, "6": 0.44072164948453607, "7": 0.0, "8": 0.3546140452698781},
  "recall": 0.42211166390270866,
  "scene_recalls": {"1": 0.42211166390270866},
  "targets_count": 9045,
  "tp_count": 3818
}