{
  "bop19_average_recall": 0.029851664723409766,
  "bop19_average_recall_mspd": 0.07542751651768363,
  "bop19_average_recall_mssd": 0.013845705402254178,
  "bop19_average_recall_vsd": 0.0002817722502914885,
  "bop19_average_time_per_image": -1.0
}