{
  "gt_count": 10292,
  "mean_obj_recall": 0.04669307486175126,
  "mean_scene_recall": 0.044889234356781965,
  "obj_recalls": {"1": 0.16013071895424835, "2": 0.03810504634397528, "3": 0.052484254723582924, "4": 0.016236162361623615, "5": 0.010178117048346057, "6": 0.059278350515463915, "7": 0.0272654370489174, "8": 0.009866511897852582},
  "recall": 0.044889234356781965,
  "scene_recalls": {"1": 0.044889234356781965},
  "targets_count": 10292,
  "tp_count": 462
}