{
  "gt_count": 10292,
  "mean_obj_recall": 0.035844754674843084,
  "mean_scene_recall": 0.03410415856976292,
  "obj_recalls": {"1": 0.136437908496732, "2": 0.028836251287332648, "3": 0.041287613715885234, "4": 0.008856088560885609, "5": 0.002544529262086514, "6": 0.04896907216494845, "7": 0.019246190858059342, "8": 0.0005803830528148578},
  "recall": 0.03410415856976292,
  "scene_recalls": {"1": 0.03410415856976292},
  "targets_count": 10292,
  "tp_count": 351
}