{
  "gt_count": 10292,
  "mean_obj_recall": 0.039416917556856196,
  "mean_scene_recall": 0.0376020209871745,
  "obj_recalls": {"1": 0.1437908496732026, "2": 0.03192584963954686, "3": 0.04548635409377187, "4": 0.012546125461254613, "5": 0.004240882103477523, "6": 0.05154639175257732, "7": 0.024057738572574178, "8": 0.0017411491584445734},
  "recall": 0.0376020209871745,
  "scene_recalls": {"1": 0.0376020209871745},
  "targets_count": 10292,
  "tp_count": 387
}