{
  "gt_count": 10292,
  "mean_obj_recall": 0.013844966549460738,
  "mean_scene_recall": 0.013602798289933929,
  "obj_recalls": {"1": 0.07516339869281045, "2": 0.0010298661174047373, "3": 0.0244926522043387, "4": 0.0007380073800738007, "5": 0.0, "6": 0.007731958762886598, "7": 0.0016038492381716118, "8": 0.0},
  "recall": 0.013602798289933929,
  "scene_recalls": {"1": 0.013602798289933929},
  "targets_count": 10292,
  "tp_count": 140
}