{
  "gt_count": 10292,
  "mean_obj_recall": 0.006219331285547965,
  "mean_scene_recall": 0.006121259230470268,
  "obj_recalls": {"1": 0.03839869281045752, "2": 0.0, "3": 0.010496850944716585, "4": 0.0, "5": 0.0, "6": 0.000859106529209622, "7": 0.0, "8": 0.0},
  "recall": 0.006121259230470268,
  "scene_recalls": {"1": 0.006121259230470268},
  "targets_count": 10292,
  "tp_count": 63
}