{
  "gt_count": 10292,
  "mean_obj_recall": 0.041954151648497286,
  "mean_scene_recall": 0.04022541780023319,
  "obj_recalls": {"1": 0.1511437908496732, "2": 0.03192584963954686, "3": 0.04758572428271519, "4": 0.012546125461254613, "5": 0.006785411365564037, "6": 0.054982817869415807, "7": 0.024859663191659984, "8": 0.005803830528148578},
  "recall": 0.04022541780023319,
  "scene_recalls": {"1": 0.04022541780023319},
  "targets_count": 10292,
  "tp_count": 414
}