{
  "gt_count": 10292,
  "mean_obj_recall": 0.044398293278638,
  "mean_scene_recall": 0.04255732607850758,
  "obj_recalls": {"1": 0.1568627450980392, "2": 0.037075180226570546, "3": 0.0496850944716585, "4": 0.014022140221402213, "5": 0.007633587786259542, "6": 0.05670103092783505, "7": 0.02566158781074579, "8": 0.0075449796865931515},
  "recall": 0.04255732607850758,
  "scene_recalls": {"1": 0.04255732607850758},
  "targets_count": 10292,
  "tp_count": 438
}