{
  "gt_count": 10292,
  "mean_obj_recall": 0.022555014603729565,
  "mean_scene_recall": 0.021570151574038087,
  "obj_recalls": {"1": 0.10049019607843138, "2": 0.018537590113285273, "3": 0.03358992302309307, "4": 0.0014760147601476014, "5": 0.0, "6": 0.022336769759450172, "7": 0.00400962309542903, "8": 0.0},
  "recall": 0.021570151574038087,
  "scene_recalls": {"1": 0.021570151574038087},
  "targets_count": 10292,
  "tp_count": 222
}