{
  "gt_count": 10292,
  "mean_obj_recall": 0.030244033649107195,
  "mean_scene_recall": 0.02876020209871745,
  "obj_recalls": {"1": 0.12091503267973856, "2": 0.025746652935118436, "3": 0.03848845346396081, "4": 0.004428044280442804, "5": 0.002544529262086514, "6": 0.037800687285223365, "7": 0.012028869286287089, "8": 0.0},
  "recall": 0.02876020209871745,
  "scene_recalls": {"1": 0.02876020209871745},
  "targets_count": 10292,
  "tp_count": 296
}