{
  "gt_count": 10292,
  "mean_obj_recall": 0.003487481423864747,
  "mean_scene_recall": 0.003692188107267781,
  "obj_recalls": {"1": 0.008986928104575163, "2": 0.005149330587023687, "3": 0.004198740377886634, "4": 0.0, "5": 0.0, "6": 0.000859106529209622, "7": 0.0, "8": 0.008705745792222866},
  "recall": 0.003692188107267781,
  "scene_recalls": {"1": 0.003692188107267781},
  "targets_count": 10292,
  "tp_count": 38
}