{
  "gt_count": 10292,
  "mean_obj_recall": 0.0011068319823171874,
  "mean_scene_recall": 0.0010687912942090945,
  "obj_recalls": {"1": 0.007352941176470588, "2": 0.0, "3": 0.0006997900629811056, "4": 0.0, "5": 0.0, "6": 0.0, "7": 0.0008019246190858059, "8": 0.0},
  "recall": 0.0010687912942090945,
  "scene_recalls": {"1": 0.0010687912942090945},
  "targets_count": 10292,
  "tp_count": 11
}