{
  "gt_count": 10292,
  "mean_obj_recall": 0.2718525929873699,
  "mean_scene_recall": 0.2652545666537116,
  "obj_recalls": {"1": 0.5571895424836601, "2": 0.1431513903192585, "3": 0.20503848845346395, "4": 0.207380073800738, "5": 0.24427480916030533, "6": 0.34106529209621994, "7": 0.36006415396952685, "8": 0.11665699361578642},
  "recall": 0.2652545666537116,
  "scene_recalls": {"1": 0.2652545666537116},
  "targets_count": 10292,
  "tp_count": 2730
}