{
  "gt_count": 10292,
  "mean_obj_recall": 0.3168525026463343,
  "mean_scene_recall": 0.31033812670034977,
  "obj_recalls": {"1": 0.6078431372549019, "2": 0.16889804325437693, "3": 0.21343596920923724, "4": 0.22361623616236162, "5": 0.36980491942324, "6": 0.36254295532646047, "7": 0.4081796311146752, "8": 0.1804991294254208},
  "recall": 0.31033812670034977,
  "scene_recalls": {"1": 0.31033812670034977},
  "targets_count": 10292,
  "tp_count": 3194
}