{
  "gt_count": 10292,
  "mean_obj_recall": 0.35497890509382973,
  "mean_scene_recall": 0.34823163622230857,
  "obj_recalls": {"1": 0.6331699346405228, "2": 0.2059732234809475, "3": 0.2218334499650105, "4": 0.24575645756457565, "5": 0.46904156064461405, "6": 0.38144329896907214, "7": 0.4498797113071371, "8": 0.232733604178758},
  "recall": 0.34823163622230857,
  "scene_recalls": {"1": 0.34823163622230857},
  "targets_count": 10292,
  "tp_count": 3584
}