{
  "gt_count": 10292,
  "mean_obj_recall": 0.1779195069796169,
  "mean_scene_recall": 0.1719782355227361,
  "obj_recalls": {"1": 0.4550653594771242, "2": 0.10092687950566426, "3": 0.17144856543037088, "4": 0.14538745387453875, "5": 0.1085665818490246, "6": 0.23024054982817868, "7": 0.18444266238973536, "8": 0.027278003482298318},
  "recall": 0.1719782355227361,
  "scene_recalls": {"1": 0.1719782355227361},
  "targets_count": 10292,
  "tp_count": 1770
}