{
  "gt_count": 10292,
  "mean_obj_recall": 0.2292180994523702,
  "mean_scene_recall": 0.22260007773027593,
  "obj_recalls": {"1": 0.5196078431372549, "2": 0.121524201853759, "3": 0.19104268719384185, "4": 0.1837638376383764, "5": 0.17726887192536048, "6": 0.2920962199312715, "7": 0.2822774659182037, "8": 0.0661636680208938},
  "recall": 0.22260007773027593,
  "scene_recalls": {"1": 0.22260007773027593},
  "targets_count": 10292,
  "tp_count": 2291
}