{
  "bop19_average_recall": 0.05059755149630781,
  "bop19_average_recall_mspd": 0.0708802953750486,
  "bop19_average_recall_mssd": 0.04637582588418189,
  "bop19_average_recall_vsd": 0.03453653322969296,
  "bop19_average_time_per_image": -1.0
}