{
  "gt_count": 10292,
  "mean_obj_recall": 0.13388997068141445,
  "mean_scene_recall": 0.12786630392537893,
  "obj_recalls": {"1": 0.39869281045751637, "2": 0.09062821833161688, "3": 0.08257522743177047, "4": 0.028782287822878228, "5": 0.14079728583545378, "6": 0.08161512027491409, "7": 0.22133119486768243, "8": 0.026697620429483458},
  "recall": 0.12786630392537893,
  "scene_recalls": {"1": 0.12786630392537893},
  "targets_count": 10292,
  "tp_count": 1316
}