{
  "gt_count": 10292,
  "mean_obj_recall": 0.17531663978788437,
  "mean_scene_recall": 0.16770307034589974,
  "obj_recalls": {"1": 0.4632352941176471, "2": 0.14933058702368693, "3": 0.086074177746676, "4": 0.037638376383763834, "5": 0.19168787107718405, "6": 0.11512027491408934, "7": 0.29270248596631915, "8": 0.06674405107370865},
  "recall": 0.16770307034589974,
  "scene_recalls": {"1": 0.16770307034589974},
  "targets_count": 10292,
  "tp_count": 1726
}