{
  "gt_count": 10292,
  "mean_obj_recall": 0.014377324724875871,
  "mean_scene_recall": 0.013894286824718228,
  "obj_recalls": {"1": 0.04656862745098039, "2": 0.005149330587023687, "3": 0.01119664100769769, "4": 0.007380073800738007, "5": 0.0008481764206955047, "6": 0.00859106529209622, "7": 0.03528468323977546, "8": 0.0},
  "recall": 0.013894286824718228,
  "scene_recalls": {"1": 0.013894286824718228},
  "targets_count": 10292,
  "tp_count": 143
}