{
  "gt_count": 10292,
  "mean_obj_recall": 0.255081134197438,
  "mean_scene_recall": 0.24825106879129422,
  "obj_recalls": {"1": 0.5351307189542484, "2": 0.22142121524201855, "3": 0.09517144856543037, "4": 0.05092250922509225, "5": 0.366412213740458, "6": 0.16752577319587628, "7": 0.3945469125902165, "8": 0.20951828206616366},
  "recall": 0.24825106879129422,
  "scene_recalls": {"1": 0.24825106879129422},
  "targets_count": 10292,
  "tp_count": 2555
}