{
  "gt_count": 10292,
  "mean_obj_recall": 0.08574441249732037,
  "mean_scene_recall": 0.08249125534395647,
  "obj_recalls": {"1": 0.27532679738562094, "2": 0.03398558187435633, "3": 0.07697690692792163, "4": 0.01992619926199262, "5": 0.07718405428329092, "6": 0.05240549828178694, "7": 0.14434643143544507, "8": 0.005803830528148578},
  "recall": 0.08249125534395647,
  "scene_recalls": {"1": 0.08249125534395647},
  "targets_count": 10292,
  "tp_count": 849
}