{
  "gt_count": 10292,
  "mean_obj_recall": 0.2883015186859197,
  "mean_scene_recall": 0.28177225029148856,
  "obj_recalls": {"1": 0.5506535947712419, "2": 0.2399588053553038, "3": 0.0979706088173548, "4": 0.06346863468634686, "5": 0.48261238337574214, "6": 0.18127147766323023, "7": 0.42582197273456296, "8": 0.2646546720835752},
  "recall": 0.28177225029148856,
  "scene_recalls": {"1": 0.28177225029148856},
  "targets_count": 10292,
  "tp_count": 2900
}