{
  "gt_count": 10292,
  "mean_obj_recall": 0.04224021088460177,
  "mean_scene_recall": 0.04090555771472989,
  "obj_recalls": {"1": 0.15849673202614378, "2": 0.015447991761071062, "3": 0.05038488453463961, "4": 0.014022140221402213, "5": 0.016115351993214587, "6": 0.02491408934707904, "7": 0.05854049719326383, "8": 0.0},
  "recall": 0.04090555771472989,
  "scene_recalls": {"1": 0.04090555771472989},
  "targets_count": 10292,
  "tp_count": 421
}