{
  "gt_count": 10292,
  "mean_obj_recall": 0.023437164664037564,
  "mean_scene_recall": 0.022444617178390983,
  "obj_recalls": {"1": 0.16176470588235295, "2": 0.0020597322348094747, "3": 0.00979706088173548, "4": 0.0, "5": 0.0, "6": 0.010309278350515464, "7": 0.0024057738572574178, "8": 0.0011607661056297156},
  "recall": 0.022444617178390983,
  "scene_recalls": {"1": 0.022444617178390983},
  "targets_count": 10292,
  "tp_count": 231
}