{
  "gt_count": 10292,
  "mean_obj_recall": 0.007771966174786066,
  "mean_scene_recall": 0.007384376214535562,
  "obj_recalls": {"1": 0.06045751633986928, "2": 0.0, "3": 0.0, "4": 0.0, "5": 0.0, "6": 0.001718213058419244, "7": 0.0, "8": 0.0},
  "recall": 0.007384376214535562,
  "scene_recalls": {"1": 0.007384376214535562},
  "targets_count": 10292,
  "tp_count": 76
}