{
  "gt_count": 10292,
  "mean_obj_recall": 0.011098112938600059,
  "mean_scene_recall": 0.010590750097162845,
  "obj_recalls": {"1": 0.08496732026143791, "2": 0.0, "3": 0.002099370188943317, "4": 0.0, "5": 0.0, "6": 0.001718213058419244, "7": 0.0, "8": 0.0},
  "recall": 0.010590750097162845,
  "scene_recalls": {"1": 0.010590750097162845},
  "targets_count": 10292,
  "tp_count": 109
}