{
  "gt_count": 10292,
  "mean_obj_recall": 0.01558816801341243,
  "mean_scene_recall": 0.014963078118927322,
  "obj_recalls": {"1": 0.11029411764705882, "2": 0.0, "3": 0.008397480755773267, "4": 0.0, "5": 0.0, "6": 0.006013745704467354, "7": 0.0, "8": 0.0},
  "recall": 0.014963078118927322,
  "scene_recalls": {"1": 0.014963078118927322},
  "targets_count": 10292,
  "tp_count": 154
}