{
  "gt_count": 10292,
  "mean_obj_recall": 0.024908819755742315,
  "mean_scene_recall": 0.023804897007384376,
  "obj_recalls": {"1": 0.16666666666666666, "2": 0.004119464469618949, "3": 0.00979706088173548, "4": 0.0, "5": 0.0, "6": 0.010309278350515464, "7": 0.007217321571772253, "8": 0.0011607661056297156},
  "recall": 0.023804897007384376,
  "scene_recalls": {"1": 0.023804897007384376},
  "targets_count": 10292,
  "tp_count": 245
}