{
  "gt_count": 10292,
  "mean_obj_recall": 0.013272734813374463,
  "mean_scene_recall": 0.012728332685581033,
  "obj_recalls": {"1": 0.09558823529411764, "2": 0.0, "3": 0.006298110566829951, "4": 0.0, "5": 0.0, "6": 0.00429553264604811, "7": 0.0, "8": 0.0},
  "recall": 0.012728332685581033,
  "scene_recalls": {"1": 0.012728332685581033},
  "targets_count": 10292,
  "tp_count": 131
}