{
  "gt_count": 10292,
  "mean_obj_recall": 0.026966035453985977,
  "mean_scene_recall": 0.025845316750874467,
  "obj_recalls": {"1": 0.17565359477124182, "2": 0.005149330587023687, "3": 0.01119664100769769, "4": 0.0, "5": 0.0016963528413910093, "6": 0.010309278350515464, "7": 0.008821170809943865, "8": 0.002901915264074289},
  "recall": 0.025845316750874467,
  "scene_recalls": {"1": 0.025845316750874467},
  "targets_count": 10292,
  "tp_count": 266
}