{
  "gt_count": 10292,
  "mean_obj_recall": 0.017693813263155778,
  "mean_scene_recall": 0.01700349786241741,
  "obj_recalls": {"1": 0.125, "2": 0.0, "3": 0.009097270818754374, "4": 0.0, "5": 0.0, "6": 0.006872852233676976, "7": 0.0, "8": 0.0005803830528148578},
  "recall": 0.01700349786241741,
  "scene_recalls": {"1": 0.01700349786241741},
  "targets_count": 10292,
  "tp_count": 175
}