{
  "gt_count": 10292,
  "mean_obj_recall": 0.2596134784107052,
  "mean_scene_recall": 0.2502914885347843,
  "obj_recalls": {"1": 0.5571895424836601, "2": 0.2646755921730175, "3": 0.10426871938418475, "4": 0.08265682656826569, "5": 0.33587786259541985, "6": 0.16924398625429554, "7": 0.39294306335204493, "8": 0.17005223447475334},
  "recall": 0.2502914885347843,
  "scene_recalls": {"1": 0.2502914885347843},
  "targets_count": 10292,
  "tp_count": 2576
}