{
  "gt_count": 10292,
  "mean_obj_recall": 0.31011771755291184,
  "mean_scene_recall": 0.30159347065682085,
  "obj_recalls": {"1": 0.5751633986928104, "2": 0.29660144181256437, "3": 0.11966410076976906, "4": 0.0996309963099631, "5": 0.49363867684478374, "6": 0.2027491408934708, "7": 0.43464314354450684, "8": 0.2588508415554266},
  "recall": 0.30159347065682085,
  "scene_recalls": {"1": 0.30159347065682085},
  "targets_count": 10292,
  "tp_count": 3104
}