{
  "gt_count": 10292,
  "mean_obj_recall": 0.16144345611376637,
  "mean_scene_recall": 0.1529343179168286,
  "obj_recalls": {"1": 0.434640522875817, "2": 0.16683831101956745, "3": 0.09727081875437368, "4": 0.05608856088560885, "5": 0.1594571670907549, "6": 0.10395189003436427, "7": 0.2413793103448276, "8": 0.03192106790481718},
  "recall": 0.1529343179168286,
  "scene_recalls": {"1": 0.1529343179168286},
  "targets_count": 10292,
  "tp_count": 1574
}