{
  "gt_count": 10292,
  "mean_obj_recall": 0.10386598939729595,
  "mean_scene_recall": 0.09959191605130198,
  "obj_recalls": {"1": 0.29411764705882354, "2": 0.06797116374871266, "3": 0.09237228831350595, "4": 0.04944649446494465, "5": 0.10517387616624257, "6": 0.06099656357388316, "7": 0.15156375300721733, "8": 0.009286128845037725},
  "recall": 0.09959191605130198,
  "scene_recalls": {"1": 0.09959191605130198},
  "targets_count": 10292,
  "tp_count": 1025
}