{
  "gt_count": 10279,
  "mean_obj_recall": 0.0699087779815816,
  "mean_scene_recall": 0.0779436152570481,
  "obj_recalls": {"1": 0.2818627450980392, "2": 0.042224510813594233, "3": 0.02729181245626312, "4": 0.0036900369003690036, "5": 0.08651399491094147, "6": 0.05326460481099656, "7": 0.0, "8": 0.06442251886244922},
  "recall": 0.0779436152570481,
  "scene_recalls": {"1": 0.0779436152570481},
  "targets_count": 9045,
  "tp_count": 705
}