{
  "gt_count": 10292,
  "mean_obj_recall": 0.06274520989492341,
  "mean_scene_recall": 0.06101826661484648,
  "obj_recalls": {"1": 0.24754901960784315, "2": 0.008238928939237899, "3": 0.025192442267319804, "4": 0.002214022140221402, "5": 0.037319762510602206, "6": 0.02663230240549828, "7": 0.1339214113873296, "8": 0.02089378990133488},
  "recall": 0.06101826661484648,
  "scene_recalls": {"1": 0.06101826661484648},
  "targets_count": 10292,
  "tp_count": 628
}