{
  "gt_count": 10292,
  "mean_obj_recall": 0.009925810206800499,
  "mean_scene_recall": 0.009521958802953751,
  "obj_recalls": {"1": 0.04656862745098039, "2": 0.0, "3": 0.0027991602519244225, "4": 0.0, "5": 0.002544529262086514, "6": 0.003436426116838488, "7": 0.024057738572574178, "8": 0.0},
  "recall": 0.009521958802953751,
  "scene_recalls": {"1": 0.009521958802953751},
  "targets_count": 10292,
  "tp_count": 98
}