{
  "gt_count": 10279,
  "mean_obj_recall": 0.046005033471507195,
  "mean_scene_recall": 0.0509673852957435,
  "obj_recalls": {"1": 0.24754901960784315, "2": 0.008238928939237899, "3": 0.025192442267319804, "4": 0.002214022140221402, "5": 0.037319762510602206, "6": 0.02663230240549828, "7": 0.0, "8": 0.02089378990133488},
  "recall": 0.0509673852957435,
  "scene_recalls": {"1": 0.0509673852957435},
  "targets_count": 9045,
  "tp_count": 461
}