{
  "gt_count": 10279,
  "mean_obj_recall": 0.0006086229391946516,
  "mean_scene_recall": 0.0006633499170812604,
  "obj_recalls": {"1": 0.0024509803921568627, "2": 0.0, "3": 0.0006997900629811056, "4": 0.0, "5": 0.0, "6": 0.001718213058419244, "7": 0.0, "8": 0.0},
  "recall": 0.0006633499170812604,
  "scene_recalls": {"1": 0.0006633499170812604},
  "targets_count": 9045,
  "tp_count": 6
}