{
  "gt_count": 10279,
  "mean_obj_recall": 0.06206743421276522,
  "mean_scene_recall": 0.06909894969596463,
  "obj_recalls": {"1": 0.27450980392156865, "2": 0.032955715756951595, "3": 0.026592022393282014, "4": 0.002952029520295203, "5": 0.0720949957591179, "6": 0.036941580756013746, "7": 0.0, "8": 0.05049332559489263},
  "recall": 0.06909894969596463,
  "scene_recalls": {"1": 0.06909894969596463},
  "targets_count": 9045,
  "tp_count": 625
}