{
  "gt_count": 10279,
  "mean_obj_recall": 0.0396464025811996,
  "mean_scene_recall": 0.04378109452736319,
  "obj_recalls": {"1": 0.22630718954248366, "2": 0.005149330587023687, "3": 0.0244926522043387, "4": 0.0014760147601476014, "5": 0.021204410517387615, "6": 0.02577319587628866, "7": 0.0, "8": 0.012768427161926872},
  "recall": 0.04378109452736319,
  "scene_recalls": {"1": 0.04378109452736319},
  "targets_count": 9045,
  "tp_count": 396
}