{
  "gt_count": 10279,
  "mean_obj_recall": 0.054387045042324306,
  "mean_scene_recall": 0.06036484245439469,
  "obj_recalls": {"1": 0.26552287581699346, "2": 0.02368692070030896, "3": 0.02589223233030091, "4": 0.002214022140221402, "5": 0.05258693808312129, "6": 0.029209621993127148, "7": 0.0, "8": 0.035983749274521186},
  "recall": 0.06036484245439469,
  "scene_recalls": {"1": 0.06036484245439469},
  "targets_count": 9045,
  "tp_count": 546
}