{
  "gt_count": 10279,
  "mean_obj_recall": 0.016616045939253903,
  "mean_scene_recall": 0.018131564400221116,
  "obj_recalls": {"1": 0.10866013071895425, "2": 0.0010298661174047373, "3": 0.008397480755773267, "4": 0.0, "5": 0.005089058524173028, "6": 0.00859106529209622, "7": 0.0, "8": 0.0011607661056297156},
  "recall": 0.018131564400221116,
  "scene_recalls": {"1": 0.018131564400221116},
  "targets_count": 9045,
  "tp_count": 164
}