{
  "gt_count": 10279,
  "mean_obj_recall": 0.006918592885228727,
  "mean_scene_recall": 0.007517965726920951,
  "obj_recalls": {"1": 0.04656862745098039, "2": 0.0, "3": 0.0027991602519244225, "4": 0.0, "5": 0.002544529262086514, "6": 0.003436426116838488, "7": 0.0, "8": 0.0},
  "recall": 0.007517965726920951,
  "scene_recalls": {"1": 0.007517965726920951},
  "targets_count": 9045,
  "tp_count": 68
}