{
  "gt_count": 10279,
  "mean_obj_recall": 0.03183426273296932,
  "mean_scene_recall": 0.03504698728579326,
  "obj_recalls": {"1": 0.1919934640522876, "2": 0.004119464469618949, "3": 0.02239328201539538, "4": 0.0007380073800738007, "5": 0.01272264631043257, "6": 0.01632302405498282, "7": 0.0, "8": 0.006384213580963436},
  "recall": 0.03504698728579326,
  "scene_recalls": {"1": 0.03504698728579326},
  "targets_count": 9045,
  "tp_count": 317
}