{
  "gt_count": 10292,
  "mean_obj_recall": 0.010468079398284548,
  "mean_scene_recall": 0.009910610182666148,
  "obj_recalls": {"1": 0.0718954248366013, "2": 0.0, "3": 0.0, "4": 0.0007380073800738007, "5": 0.0, "6": 0.010309278350515464, "7": 0.0008019246190858059, "8": 0.0},
  "recall": 0.009910610182666148,
  "scene_recalls": {"1": 0.009910610182666148},
  "targets_count": 10292,
  "tp_count": 102
}