{
  "gt_count": 10292,
  "mean_obj_recall": 0.013244299714998686,
  "mean_scene_recall": 0.012339681305868636,
  "obj_recalls": {"1": 0.08169934640522876, "2": 0.009268795056642637, "3": 0.0, "4": 0.002214022140221402, "5": 0.0, "6": 0.011168384879725086, "7": 0.0016038492381716118, "8": 0.0},
  "recall": 0.012339681305868636,
  "scene_recalls": {"1": 0.012339681305868636},
  "targets_count": 10292,
  "tp_count": 127
}