{
  "gt_count": 10292,
  "mean_obj_recall": 0.04205274715230159,
  "mean_scene_recall": 0.040128254955305094,
  "obj_recalls": {"1": 0.1895424836601307, "2": 0.01956745623069001, "3": 0.0006997900629811056, "4": 0.014022140221402213, "5": 0.018659881255301103, "6": 0.03865979381443299, "7": 0.042502004811547714, "8": 0.012768427161926872},
  "recall": 0.040128254955305094,
  "scene_recalls": {"1": 0.040128254955305094},
  "targets_count": 10292,
  "tp_count": 413
}