{
  "gt_count": 10292,
  "mean_obj_recall": 0.034104405392421405,
  "mean_scene_recall": 0.03245239020598523,
  "obj_recalls": {"1": 0.16830065359477125, "2": 0.015447991761071062, "3": 0.0, "4": 0.012546125461254613, "5": 0.006785411365564037, "6": 0.03436426116838488, "7": 0.0272654370489174, "8": 0.00812536273940801},
  "recall": 0.03245239020598523,
  "scene_recalls": {"1": 0.03245239020598523},
  "targets_count": 10292,
  "tp_count": 334
}