{
  "gt_count": 10292,
  "mean_obj_recall": 0.03857152346921512,
  "mean_scene_recall": 0.03672755538282161,
  "obj_recalls": {"1": 0.184640522875817, "2": 0.01956745623069001, "3": 0.0, "4": 0.014022140221402213, "5": 0.009329940627650551, "6": 0.03608247422680412, "7": 0.034482758620689655, "8": 0.01044689495066744},
  "recall": 0.03672755538282161,
  "scene_recalls": {"1": 0.03672755538282161},
  "targets_count": 10292,
  "tp_count": 378
}