{
  "gt_count": 10292,
  "mean_obj_recall": 0.005556818947510275,
  "mean_scene_recall": 0.005246793626117373,
  "obj_recalls": {"1": 0.03758169934640523, "2": 0.0, "3": 0.0, "4": 0.0, "5": 0.0, "6": 0.006872852233676976, "7": 0.0, "8": 0.0},
  "recall": 0.005246793626117373,
  "scene_recalls": {"1": 0.005246793626117373},
  "targets_count": 10292,
  "tp_count": 54
}