{
  "gt_count": 10292,
  "mean_obj_recall": 0.018098506733621095,
  "mean_scene_recall": 0.016906335017489314,
  "obj_recalls": {"1": 0.10784313725490197, "2": 0.010298661174047374, "3": 0.0, "4": 0.0036900369003690036, "5": 0.0008481764206955047, "6": 0.018900343642611683, "7": 0.0032076984763432237, "8": 0.0},
  "recall": 0.016906335017489314,
  "scene_recalls": {"1": 0.016906335017489314},
  "targets_count": 10292,
  "tp_count": 174
}