{
  "gt_count": 10292,
  "mean_obj_recall": 0.023803948164747683,
  "mean_scene_recall": 0.022347454333462885,
  "obj_recalls": {"1": 0.13071895424836602, "2": 0.012358393408856848, "3": 0.0, "4": 0.005904059040590406, "5": 0.002544529262086514, "6": 0.02491408934707904, "7": 0.012830793905372895, "8": 0.0011607661056297156},
  "recall": 0.022347454333462885,
  "scene_recalls": {"1": 0.022347454333462885},
  "targets_count": 10292,
  "tp_count": 230
}