{
  "gt_count": 10292,
  "mean_obj_recall": 0.029337803935841573,
  "mean_scene_recall": 0.027691410804508355,
  "obj_recalls": {"1": 0.14787581699346405, "2": 0.015447991761071062, "3": 0.0, "4": 0.008856088560885609, "5": 0.005937234944868533, "6": 0.03006872852233677, "7": 0.022453889334402566, "8": 0.004062681369704005},
  "recall": 0.027691410804508355,
  "scene_recalls": {"1": 0.027691410804508355},
  "targets_count": 10292,
  "tp_count": 285
}