{
  "camera_model": "OPENCV",
  "camera_angle_x": 0.9541974293750203,
  "camera_angle_y": 0.8153892871575948,
  "fl_x": 2272.0732421875,
  "fl_y": 2266.7646484375,
  "k1": 0,
  "k2": 0,
  "p1": 0,
  "p2": 0,
  "k3": 0,
  "is_fisheye": false,
  "cx": 1230.7086869042832,
  "cy": 983.870198581717,
  "w": 2349,
  "h": 1958
}