{
  "gt_count": 10292,
  "mean_obj_recall": 0.07846557872110961,
  "mean_scene_recall": 0.07559269335406141,
  "obj_recalls": {"1": 0.3104575163398693, "2": 0.05664263645726056, "3": 0.0496850944716585, "4": 0.03173431734317343, "5": 0.02374893977947413, "6": 0.06701030927835051, "7": 0.061748195669607056, "8": 0.026697620429483458},
  "recall": 0.07559269335406141,
  "scene_recalls": {"1": 0.07559269335406141},
  "targets_count": 10292,
  "tp_count": 778
}