{
  "d01_controller": [
    [
      0.9992508482513768,
      -0.01678460196483748,
      -0.034871469797139225,
      1.8823598905372099
    ],
    [
      -0.034876807994731536,
      -2.534015297701499e-05,
      -0.9993916187471167,
      13.422810712381057
    ],
    [
      0.016773506879285662,
      0.9998591283249708,
      -0.0006107145093527158,
      33.98206804932118
    ],
    [
      0.0,
      0.0,
      0.0,
      1.0
    ]
  ],
  "d02_servo": [
    [
      0.999847578476528,
      -0.00047310084772124694,
      -0.01745267859703313,
      -6.666030137129896
    ],
    [
      -0.01745266684789671,
      2.895169539100327e-05,
      -0.9998476901917115,
      19.12033495139766
    ],
    [
      0.0004735340744552445,
      0.9999998876686876,
      2.069041104799967e-05,
      5.990663488190482
    ],
    [
      0.0,
      0.0,
      0.0,
      1.0
    ]
  ],
  "d03_main": [
    [
      0.9999619892543804,
      0.0005338464797929113,
      -0.008702588948273388,
      -3.835461398413182
    ],
    [
      -0.008702576151372847,
      -2.628940704294947e-05,
      -0.9999621315215985,
      19.033473236456953
    ],
    [
      -0.0005340550497423838,
      0.9999998571584046,
      -2.1642568119171726e-05,
      14.021283032563568
    ],
    [
      0.0,
      0.0,
      0.0,
      1.0
    ]
  ],
  "d04_motor": [
    [
      0.9993898391530693,
      -0.03491145135963285,
      -0.0010676898344818258,
      -9.435350822644043
    ],
    [
      -0.001068960227209051,
      -1.7723847203454542e-05,
      -0.9999994285047975,
      18.000946171311018
    ],
    [
      0.034911412484333465,
      0.9993904093245397,
      -5.5031985783805424e-05,
      26.692353402318005
    ],
    [
      0.0,
      0.0,
      0.0,
      1.0
    ]
  ],
  "d05_axle_front": [
    [
      0.9842331827304512,
      0.034987554211676514,
      -0.17338083245439465,
      -8.4034309865388
    ],
    [
      -0.17106092963117486,
      -0.06098859275596158,
      -0.9833710133552739,
      15.402275296829643
    ],
    [
      -0.04497999962221083,
      0.9975250686594014,
      -0.05404199320948184,
      24.29133520044017
    ],
    [
      0.0,
      0.0,
      0.0,
      1.0
    ]
  ],
  "d06_battery": [
    [
      0.9974062862848008,
      0.017647469712805956,
      0.06978013250424903,
      -27.451528214416346
    ],
    [
      0.069789410187465,
      9.033218788496799e-05,
      -0.9975617424830374,
      13.082603552810445
    ],
    [
      -0.01761074402916333,
      0.9998442672000688,
      -0.0011415086105073975,
      30.493007030705492
    ],
    [
      0.0,
      0.0,
      0.0,
      1.0
    ]
  ],
  "d08_chassis": [
    [
      -0.9901235391059312,
      -0.13910497713985107,
      -0.017469477475581183,
      -9.731027331268006
    ],
    [
      -0.139126433330318,
      0.9902746262423796,
      1.3011641578872336e-05,
      18.998565966009394
    ],
    [
      0.017297770293676105,
      0.0024433492259318015,
      -0.9998473969498741,
      -19.828707756689777
    ],
    [
      0.0,
      0.0,
      0.0,
      1.0
    ]
  ]
}