{
  "gt_count": 10279,
  "mean_obj_recall": 0.32461508679914025,
  "mean_scene_recall": 0.3607517965726921,
  "obj_recalls": {"1": 0.6584967320261438, "2": 0.2955715756951596, "3": 0.2498250524842547, "4": 0.34833948339483395, "5": 0.43765903307888043, "6": 0.3951890034364261, "7": 0.0, "8": 0.2118398142774231},
  "recall": 0.3607517965726921,
  "scene_recalls": {"1": 0.3607517965726921},
  "targets_count": 9045,
  "tp_count": 3263
}