{
  "gt_count": 10279,
  "mean_obj_recall": 0.2783226569851397,
  "mean_scene_recall": 0.3087893864013267,
  "obj_recalls": {"1": 0.6209150326797386, "2": 0.2399588053553038, "3": 0.23862841147655703, "4": 0.3239852398523985, "5": 0.29431721798134014, "6": 0.3642611683848797, "7": 0.0, "8": 0.1445153801508996},
  "recall": 0.3087893864013267,
  "scene_recalls": {"1": 0.3087893864013267},
  "targets_count": 9045,
  "tp_count": 2793
}