{
  "gt_count": 10279,
  "mean_obj_recall": 0.23408888026887117,
  "mean_scene_recall": 0.25848535102266446,
  "obj_recalls": {"1": 0.5661764705882353, "2": 0.20288362512873326, "3": 0.22043386983904828, "4": 0.2959409594095941, "5": 0.1993214588634436, "6": 0.30670103092783507, "7": 0.0, "8": 0.0812536273940801},
  "recall": 0.25848535102266446,
  "scene_recalls": {"1": 0.25848535102266446},
  "targets_count": 9045,
  "tp_count": 2338
}