{
  "gt_count": 10279,
  "mean_obj_recall": 0.13307083568499156,
  "mean_scene_recall": 0.14615809839690436,
  "obj_recalls": {"1": 0.3660130718954248, "2": 0.10916580844490216, "3": 0.17074877536738978, "4": 0.15276752767527677, "5": 0.090754877014419, "6": 0.1640893470790378, "7": 0.0, "8": 0.011027278003482298},
  "recall": 0.14615809839690436,
  "scene_recalls": {"1": 0.14615809839690436},
  "targets_count": 9045,
  "tp_count": 1322
}