{
  "gt_count": 10279,
  "mean_obj_recall": 0.0010940651628041,
  "mean_scene_recall": 0.0012161415146489773,
  "obj_recalls": {"1": 0.007352941176470588, "2": 0.0, "3": 0.0013995801259622112, "4": 0.0, "5": 0.0, "6": 0.0, "7": 0.0, "8": 0.0},
  "recall": 0.0012161415146489773,
  "scene_recalls": {"1": 0.0012161415146489773},
  "targets_count": 9045,
  "tp_count": 11
}