{
  "gt_count": 10279,
  "mean_obj_recall": 0.1878285956093929,
  "mean_scene_recall": 0.2060807075732449,
  "obj_recalls": {"1": 0.48856209150326796, "2": 0.15859938208032956, "3": 0.1994401679496151, "4": 0.23690036900369005, "5": 0.14927905004240882, "6": 0.24140893470790378, "7": 0.0, "8": 0.028438769587928032},
  "recall": 0.2060807075732449,
  "scene_recalls": {"1": 0.2060807075732449},
  "targets_count": 9045,
  "tp_count": 1864
}