{
  "gt_count": 10279,
  "mean_obj_recall": 0.3930304910264457,
  "mean_scene_recall": 0.4379215035931454,
  "obj_recalls": {"1": 0.6895424836601307, "2": 0.40679711637487126, "3": 0.28481455563331, "4": 0.3756457564575646, "5": 0.6437659033078881, "6": 0.41924398625429554, "7": 0.0, "8": 0.3244341265235055},
  "recall": 0.4379215035931454,
  "scene_recalls": {"1": 0.4379215035931454},
  "targets_count": 9045,
  "tp_count": 3961
}