{
  "gt_count": 10279,
  "mean_obj_recall": 0.018294495109563557,
  "mean_scene_recall": 0.02045328911000553,
  "obj_recalls": {"1": 0.08169934640522876, "2": 0.006179196704428424, "3": 0.02939118264520644, "4": 0.014760147601476014, "5": 0.0, "6": 0.013745704467353952, "7": 0.0, "8": 0.0005803830528148578},
  "recall": 0.02045328911000553,
  "scene_recalls": {"1": 0.02045328911000553},
  "targets_count": 9045,
  "tp_count": 185
}