{
  "gt_count": 10292,
  "mean_obj_recall": 0.06357127023261416,
  "mean_scene_recall": 0.06121259230470268,
  "obj_recalls": {"1": 0.28022875816993464, "2": 0.021627188465499485, "3": 0.07977606717984605, "4": 0.010332103321033211, "5": 0.01272264631043257, "6": 0.09879725085910653, "7": 0.0016038492381716118, "8": 0.003482298316889147},
  "recall": 0.06121259230470268,
  "scene_recalls": {"1": 0.06121259230470268},
  "targets_count": 10292,
  "tp_count": 630
}