{
  "gt_count": 10292,
  "mean_obj_recall": 0.15622724625252232,
  "mean_scene_recall": 0.1520598523124757,
  "obj_recalls": {"1": 0.5825163398692811, "2": 0.06694129763130793, "3": 0.16864940517844645, "4": 0.03690036900369004, "5": 0.056827820186598814, "6": 0.2620274914089347, "7": 0.014434643143544507, "8": 0.061520603598374926},
  "recall": 0.1520598523124757,
  "scene_recalls": {"1": 0.1520598523124757},
  "targets_count": 10292,
  "tp_count": 1565
}