{
  "gt_count": 10292,
  "mean_obj_recall": 0.25327567893352504,
  "mean_scene_recall": 0.2498056743101438,
  "obj_recalls": {"1": 0.7508169934640523, "2": 0.0937178166838311, "3": 0.21763470958712386, "4": 0.06789667896678966, "5": 0.178117048346056, "6": 0.42439862542955326, "7": 0.1090617481956696, "8": 0.1845618107951248},
  "recall": 0.2498056743101438,
  "scene_recalls": {"1": 0.2498056743101438},
  "targets_count": 10292,
  "tp_count": 2571
}