{
  "gt_count": 10292,
  "mean_obj_recall": 0.20492736665329664,
  "mean_scene_recall": 0.20054411193159735,
  "obj_recalls": {"1": 0.6838235294117647, "2": 0.08444902162718847, "3": 0.1966410076976907, "4": 0.04944649446494465, "5": 0.12213740458015267, "6": 0.33419243986254293, "7": 0.056134723336006415, "8": 0.11259431224608242},
  "recall": 0.20054411193159735,
  "scene_recalls": {"1": 0.20054411193159735},
  "targets_count": 10292,
  "tp_count": 2064
}