{
  "gt_count": 10292,
  "mean_obj_recall": 0.10962594379653248,
  "mean_scene_recall": 0.10581033812670035,
  "obj_recalls": {"1": 0.4493464052287582, "2": 0.04943357363542739, "3": 0.12876137158852344, "4": 0.020664206642066422, "5": 0.031382527565733676, "6": 0.17353951890034364, "7": 0.0024057738572574178, "8": 0.021474172954149738},
  "recall": 0.10581033812670035,
  "scene_recalls": {"1": 0.10581033812670035},
  "targets_count": 10292,
  "tp_count": 1089
}