{
  "gt_count": 10292,
  "mean_obj_recall": 0.37395238378366547,
  "mean_scene_recall": 0.371064904780412,
  "obj_recalls": {"1": 0.8439542483660131, "2": 0.15550978372811536, "3": 0.2708187543736879, "4": 0.11291512915129151, "5": 0.4631043256997455, "6": 0.5584192439862543, "7": 0.23576583801122694, "8": 0.351131746952989},
  "recall": 0.371064904780412,
  "scene_recalls": {"1": 0.371064904780412},
  "targets_count": 10292,
  "tp_count": 3819
}