{
  "gt_count": 10292,
  "mean_obj_recall": 0.30212820378681776,
  "mean_scene_recall": 0.29906723668869023,
  "obj_recalls": {"1": 0.8031045751633987, "2": 0.10504634397528322, "3": 0.23093072078376486, "4": 0.08413284132841328, "5": 0.2765055131467345, "6": 0.4879725085910653, "7": 0.17802726543704891, "8": 0.2513058618688334},
  "recall": 0.29906723668869023,
  "scene_recalls": {"1": 0.29906723668869023},
  "targets_count": 10292,
  "tp_count": 3078
}