{
  "gt_count": 10292,
  "mean_obj_recall": 0.0007148692810457516,
  "mean_scene_recall": 0.0006801399144966964,
  "obj_recalls": {"1": 0.005718954248366013, "2": 0.0, "3": 0.0, "4": 0.0, "5": 0.0, "6": 0.0, "7": 0.0, "8": 0.0},
  "recall": 0.0006801399144966964,
  "scene_recalls": {"1": 0.0006801399144966964},
  "targets_count": 10292,
  "tp_count": 7
}