{
  "gt_count": 10292,
  "mean_obj_recall": 0.005002856367491474,
  "mean_scene_recall": 0.0047609794014768754,
  "obj_recalls": {"1": 0.03676470588235294, "2": 0.0, "3": 0.0, "4": 0.0007380073800738007, "5": 0.0, "6": 0.001718213058419244, "7": 0.0008019246190858059, "8": 0.0},
  "recall": 0.0047609794014768754,
  "scene_recalls": {"1": 0.0047609794014768754},
  "targets_count": 10292,
  "tp_count": 49
}