{
  "gt_count": 10292,
  "mean_obj_recall": 0.0029498444410714217,
  "mean_scene_recall": 0.0028177225029148855,
  "obj_recalls": {"1": 0.022058823529411766, "2": 0.0, "3": 0.0, "4": 0.0007380073800738007, "5": 0.0, "6": 0.0, "7": 0.0008019246190858059, "8": 0.0},
  "recall": 0.0028177225029148855,
  "scene_recalls": {"1": 0.0028177225029148855},
  "targets_count": 10292,
  "tp_count": 29
}