{
  "gt_count": 10292,
  "mean_obj_recall": 0.0027554693355556605,
  "mean_scene_recall": 0.0026233968130586864,
  "obj_recalls": {"1": 0.021241830065359478, "2": 0.0, "3": 0.0, "4": 0.0, "5": 0.0, "6": 0.0, "7": 0.0008019246190858059, "8": 0.0},
  "recall": 0.0026233968130586864,
  "scene_recalls": {"1": 0.0026233968130586864},
  "targets_count": 10292,
  "tp_count": 27
}