{
  "gt_count": 10292,
  "mean_obj_recall": 0.008514937964461278,
  "mean_scene_recall": 0.008161678973960357,
  "obj_recalls": {"1": 0.059640522875817, "2": 0.0, "3": 0.0, "4": 0.0014760147601476014, "5": 0.0, "6": 0.003436426116838488, "7": 0.0024057738572574178, "8": 0.0011607661056297156},
  "recall": 0.008161678973960357,
  "scene_recalls": {"1": 0.008161678973960357},
  "targets_count": 10292,
  "tp_count": 84
}