{
  "gt_count": 10292,
  "mean_obj_recall": 0.0016339869281045752,
  "mean_scene_recall": 0.001554605518849592,
  "obj_recalls": {"1": 0.013071895424836602, "2": 0.0, "3": 0.0, "4": 0.0, "5": 0.0, "6": 0.0, "7": 0.0, "8": 0.0},
  "recall": 0.001554605518849592,
  "scene_recalls": {"1": 0.001554605518849592},
  "targets_count": 10292,
  "tp_count": 16
}