{
  "gt_count": 10292,
  "mean_obj_recall": 0.00776170623057099,
  "mean_scene_recall": 0.007384376214535562,
  "obj_recalls": {"1": 0.056372549019607844, "2": 0.0, "3": 0.0, "4": 0.0007380073800738007, "5": 0.0, "6": 0.002577319587628866, "7": 0.0024057738572574178, "8": 0.0},
  "recall": 0.007384376214535562,
  "scene_recalls": {"1": 0.007384376214535562},
  "targets_count": 10292,
  "tp_count": 76
}