{
  "gt_count": 10292,
  "mean_obj_recall": 0.006636843295596049,
  "mean_scene_recall": 0.006315584920326467,
  "obj_recalls": {"1": 0.049836601307189546, "2": 0.0, "3": 0.0, "4": 0.0007380073800738007, "5": 0.0, "6": 0.001718213058419244, "7": 0.0008019246190858059, "8": 0.0},
  "recall": 0.006315584920326467,
  "scene_recalls": {"1": 0.006315584920326467},
  "targets_count": 10292,
  "tp_count": 65
}