{
  "gt_count": 10292,
  "mean_obj_recall": 0.04036614021007186,
  "mean_scene_recall": 0.0382821609016712,
  "obj_recalls": {"1": 0.12336601307189543, "2": 0.053553038105046344, "3": 0.05878236529041288, "4": 0.01992619926199262, "5": 0.004240882103477523, "6": 0.04381443298969072, "7": 0.019246190858059342, "8": 0.0},
  "recall": 0.0382821609016712,
  "scene_recalls": {"1": 0.0382821609016712},
  "targets_count": 10292,
  "tp_count": 394
}