{
  "gt_count": 10292,
  "mean_obj_recall": 0.016205906580253896,
  "mean_scene_recall": 0.015643218033424017,
  "obj_recalls": {"1": 0.0784313725490196, "2": 0.01132852729145211, "3": 0.02589223233030091, "4": 0.002952029520295203, "5": 0.0008481764206955047, "6": 0.00859106529209622, "7": 0.0016038492381716118, "8": 0.0},
  "recall": 0.015643218033424017,
  "scene_recalls": {"1": 0.015643218033424017},
  "targets_count": 10292,
  "tp_count": 161
}