{
  "gt_count": 10292,
  "mean_obj_recall": 0.05235070433662642,
  "mean_scene_recall": 0.05003886513797124,
  "obj_recalls": {"1": 0.1527777777777778, "2": 0.05973223480947477, "3": 0.06927921623512946, "4": 0.03173431734317343, "5": 0.008481764206955046, "6": 0.059278350515463915, "7": 0.03287890938251804, "8": 0.0046430644225188625},
  "recall": 0.05003886513797124,
  "scene_recalls": {"1": 0.05003886513797124},
  "targets_count": 10292,
  "tp_count": 515
}