{
  "gt_count": 10292,
  "mean_obj_recall": 0.05847864261903676,
  "mean_scene_recall": 0.05596579867858531,
  "obj_recalls": {"1": 0.1781045751633987, "2": 0.06385169927909372, "3": 0.0734779566130161, "4": 0.03468634686346864, "5": 0.01102629346904156, "6": 0.06443298969072164, "7": 0.03528468323977546, "8": 0.006964596633778294},
  "recall": 0.05596579867858531,
  "scene_recalls": {"1": 0.05596579867858531},
  "targets_count": 10292,
  "tp_count": 576
}