{
  "gt_count": 10292,
  "mean_obj_recall": 0.00728715719438399,
  "mean_scene_recall": 0.007190050524679362,
  "obj_recalls": {"1": 0.041666666666666664, "2": 0.0, "3": 0.011896431070678797, "4": 0.002214022140221402, "5": 0.0, "6": 0.001718213058419244, "7": 0.0008019246190858059, "8": 0.0},
  "recall": 0.007190050524679362,
  "scene_recalls": {"1": 0.007190050524679362},
  "targets_count": 10292,
  "tp_count": 74
}