{
  "gt_count": 10292,
  "mean_obj_recall": 0.06253740543325464,
  "mean_scene_recall": 0.05985231247570929,
  "obj_recalls": {"1": 0.18872549019607843, "2": 0.06797116374871266, "3": 0.0741777466759972, "4": 0.03616236162361624, "5": 0.020356234096692113, "6": 0.0661512027491409, "7": 0.03688853247794707, "8": 0.009866511897852582},
  "recall": 0.05985231247570929,
  "scene_recalls": {"1": 0.05985231247570929},
  "targets_count": 10292,
  "tp_count": 616
}