{
  "gt_count": 10292,
  "mean_obj_recall": 0.06668847597468483,
  "mean_scene_recall": 0.06383598911776137,
  "obj_recalls": {"1": 0.19362745098039216, "2": 0.07209062821833162, "3": 0.07557732680195942, "4": 0.03985239852398524, "5": 0.029686174724342665, "6": 0.06958762886597938, "7": 0.0408981555733761, "8": 0.012188044109112013},
  "recall": 0.06383598911776137,
  "scene_recalls": {"1": 0.06383598911776137},
  "targets_count": 10292,
  "tp_count": 657
}