{
  "gt_count": 10292,
  "mean_obj_recall": 0.047179714007640226,
  "mean_scene_recall": 0.044889234356781965,
  "obj_recalls": {"1": 0.13970588235294118, "2": 0.05664263645726056, "3": 0.06438068579426172, "4": 0.025830258302583026, "5": 0.007633587786259542, "6": 0.05584192439862543, "7": 0.02566158781074579, "8": 0.0017411491584445734},
  "recall": 0.044889234356781965,
  "scene_recalls": {"1": 0.044889234356781965},
  "targets_count": 10292,
  "tp_count": 462
}