{
  "gt_count": 10292,
  "mean_obj_recall": 0.030153999837382466,
  "mean_scene_recall": 0.028468713563933153,
  "obj_recalls": {"1": 0.10457516339869281, "2": 0.044284243048403706, "3": 0.04828551434569629, "4": 0.004428044280442804, "5": 0.002544529262086514, "6": 0.027491408934707903, "7": 0.009623095429029671, "8": 0.0},
  "recall": 0.028468713563933153,
  "scene_recalls": {"1": 0.028468713563933153},
  "targets_count": 10292,
  "tp_count": 293
}