{
  "gt_count": 10292,
  "mean_obj_recall": 0.2239779962010019,
  "mean_scene_recall": 0.21813058686358336,
  "obj_recalls": {"1": 0.6143790849673203, "2": 0.08753861997940268, "3": 0.0, "4": 0.08044280442804429, "5": 0.3138252756573367, "6": 0.3436426116838488, "7": 0.16279069767441862, "8": 0.18920487521764365},
  "recall": 0.21813058686358336,
  "scene_recalls": {"1": 0.21813058686358336},
  "targets_count": 10292,
  "tp_count": 2245
}