{
  "gt_count": 10292,
  "mean_obj_recall": 0.18603571816308503,
  "mean_scene_recall": 0.17984842596191217,
  "obj_recalls": {"1": 0.5661764705882353, "2": 0.07312049433573635, "3": 0.0, "4": 0.07084870848708487, "5": 0.2179813401187447, "6": 0.2981099656357388, "7": 0.13552526062550121, "8": 0.126523505513639},
  "recall": 0.17984842596191217,
  "scene_recalls": {"1": 0.17984842596191217},
  "targets_count": 10292,
  "tp_count": 1851
}