{
  "gt_count": 10292,
  "mean_obj_recall": 0.28234119721839807,
  "mean_scene_recall": 0.27613680528565876,
  "obj_recalls": {"1": 0.6552287581699346, "2": 0.1431513903192585, "3": 0.0006997900629811056, "4": 0.0959409594095941, "5": 0.47921967769296014, "6": 0.3848797250859107, "7": 0.2181234963913392, "8": 0.281485780615206},
  "recall": 0.27613680528565876,
  "scene_recalls": {"1": 0.27613680528565876},
  "targets_count": 10292,
  "tp_count": 2842
}