{
  "gt_count": 10292,
  "mean_obj_recall": 0.01225308472347217,
  "mean_scene_recall": 0.01156237854644384,
  "obj_recalls": {"1": 0.08496732026143791, "2": 0.0010298661174047373, "3": 0.0, "4": 0.0, "5": 0.0, "6": 0.012027491408934709, "7": 0.0, "8": 0.0},
  "recall": 0.01156237854644384,
  "scene_recalls": {"1": 0.01156237854644384},
  "targets_count": 10292,
  "tp_count": 119
}