{
  "gt_count": 10279,
  "mean_obj_recall": 0.3579347978873877,
  "mean_scene_recall": 0.3982310668877833,
  "obj_recalls": {"1": 0.8513071895424836, "2": 0.30690010298661174, "3": 0.2918124562631211, "4": 0.3335793357933579, "5": 0.3299406276505513, "6": 0.5154639175257731, "7": 0.0, "8": 0.23447475333720255},
  "recall": 0.3982310668877833,
  "scene_recalls": {"1": 0.3982310668877833},
  "targets_count": 9045,
  "tp_count": 3602
}