{
  "gt_count": 10292,
  "mean_obj_recall": 0.31364491300823705,
  "mean_scene_recall": 0.30470268169452003,
  "obj_recalls": {"1": 0.7712418300653595, "2": 0.2533470648815654, "3": 0.26731980405878236, "4": 0.2656826568265683, "5": 0.22900763358778625, "6": 0.41494845360824745, "7": 0.16599839615076184, "8": 0.1416134648868253},
  "recall": 0.30470268169452003,
  "scene_recalls": {"1": 0.30470268169452003},
  "targets_count": 10292,
  "tp_count": 3136
}