{
  "gt_count": 10279,
  "mean_obj_recall": 0.1479819417870547,
  "mean_scene_recall": 0.16163626312880044,
  "obj_recalls": {"1": 0.4869281045751634, "2": 0.12976313079299692, "3": 0.1847445766270119, "4": 0.09151291512915129, "5": 0.07039864291772689, "6": 0.19845360824742267, "7": 0.0, "8": 0.022054556006964595},
  "recall": 0.16163626312880044,
  "scene_recalls": {"1": 0.16163626312880044},
  "targets_count": 9045,
  "tp_count": 1462
}