{
  "gt_count": 10279,
  "mean_obj_recall": 0.2928951134893918,
  "mean_scene_recall": 0.3238253178551686,
  "obj_recalls": {"1": 0.7712418300653595, "2": 0.2533470648815654, "3": 0.26731980405878236, "4": 0.2656826568265683, "5": 0.22900763358778625, "6": 0.41494845360824745, "7": 0.0, "8": 0.1416134648868253},
  "recall": 0.3238253178551686,
  "scene_recalls": {"1": 0.3238253178551686},
  "targets_count": 9045,
  "tp_count": 2929
}