{
  "gt_count": 10292,
  "mean_obj_recall": 0.08032321017985969,
  "mean_scene_recall": 0.0764671589584143,
  "obj_recalls": {"1": 0.2965686274509804, "2": 0.07209062821833162, "3": 0.09657102869139259, "4": 0.03616236162361624, "5": 0.020356234096692113, "6": 0.11254295532646048, "7": 0.0048115477145148355, "8": 0.003482298316889147},
  "recall": 0.0764671589584143,
  "scene_recalls": {"1": 0.0764671589584143},
  "targets_count": 10292,
  "tp_count": 787
}