{
  "gt_count": 10279,
  "mean_obj_recall": 0.5125623584539423,
  "mean_scene_recall": 0.575787728026534,
  "obj_recalls": {"1": 0.9338235294117647, "2": 0.4819773429454171, "3": 0.4352694191742477, "4": 0.4317343173431734, "5": 0.6743002544529262, "6": 0.6709621993127147, "7": 0.0, "8": 0.4724318049912943},
  "recall": 0.575787728026534,
  "scene_recalls": {"1": 0.575787728026534},
  "targets_count": 9045,
  "tp_count": 5208
}