{
  "gt_count": 10279,
  "mean_obj_recall": 0.2249318713201202,
  "mean_scene_recall": 0.24698728579325593,
  "obj_recalls": {"1": 0.6437908496732027, "2": 0.1956745623069001, "3": 0.2344296710986704, "4": 0.1837638376383764, "5": 0.16115351993214588, "6": 0.31099656357388317, "7": 0.0, "8": 0.06964596633778293},
  "recall": 0.24698728579325593,
  "scene_recalls": {"1": 0.24698728579325593},
  "targets_count": 9045,
  "tp_count": 2234
}