{
  "gt_count": 10292,
  "mean_obj_recall": 0.23455496674914986,
  "mean_scene_recall": 0.22638942868247183,
  "obj_recalls": {"1": 0.6437908496732027, "2": 0.1956745623069001, "3": 0.2344296710986704, "4": 0.1837638376383764, "5": 0.16115351993214588, "6": 0.31099656357388317, "7": 0.07698476343223737, "8": 0.06964596633778293},
  "recall": 0.22638942868247183,
  "scene_recalls": {"1": 0.22638942868247183},
  "targets_count": 10292,
  "tp_count": 2330
}