{
  "gt_count": 10279,
  "mean_obj_recall": 0.4764629795561686,
  "mean_scene_recall": 0.5334438916528469,
  "obj_recalls": {"1": 0.9133986928104575, "2": 0.4294541709577755, "3": 0.3827851644506648, "4": 0.40369003690036903, "5": 0.6208651399491094, "6": 0.6529209621993127, "7": 0.0, "8": 0.4085896691816599},
  "recall": 0.5334438916528469,
  "scene_recalls": {"1": 0.5334438916528469},
  "targets_count": 9045,
  "tp_count": 4825
}