{
  "gt_count": 10279,
  "mean_obj_recall": 0.6409359046135483,
  "mean_scene_recall": 0.713322277501382,
  "obj_recalls": {"1": 0.8929738562091504, "2": 0.9773429454170958, "3": 0.6717984604618614, "4": 0.6206642066420665, "5": 0.7514843087362172, "6": 0.6572164948453608, "7": 0.0, "8": 0.5560069645966338},
  "recall": 0.713322277501382,
  "scene_recalls": {"1": 0.713322277501382},
  "targets_count": 9045,
  "tp_count": 6452
}