{
  "gt_count": 10279,
  "mean_obj_recall": 0.5875010539013756,
  "mean_scene_recall": 0.6474295190713101,
  "obj_recalls": {"1": 0.875, "2": 0.9598352214212152, "3": 0.5773268019594122, "4": 0.44501845018450187, "5": 0.732824427480916, "6": 0.6288659793814433, "7": 0.0, "8": 0.4811375507835171},
  "recall": 0.6474295190713101,
  "scene_recalls": {"1": 0.6474295190713101},
  "targets_count": 9045,
  "tp_count": 5856
}