{
  "gt_count": 10279,
  "mean_obj_recall": 0.6615837545684163,
  "mean_scene_recall": 0.7393034825870647,
  "obj_recalls": {"1": 0.8954248366013072, "2": 0.9835221421215242, "3": 0.7368789363191043, "4": 0.6619926199261993, "5": 0.7608142493638677, "6": 0.6649484536082474, "7": 0.0, "8": 0.5890887986070806},
  "recall": 0.7393034825870647,
  "scene_recalls": {"1": 0.7393034825870647},
  "targets_count": 9045,
  "tp_count": 6687
}