{
  "gt_count": 10279,
  "mean_obj_recall": 0.6262566628365112,
  "mean_scene_recall": 0.6946379215035932,
  "obj_recalls": {"1": 0.8888888888888888, "2": 0.9752832131822863, "3": 0.6389083275017495, "4": 0.581549815498155, "5": 0.7480916030534351, "6": 0.6503436426116839, "7": 0.0, "8": 0.5269878119558908},
  "recall": 0.6946379215035932,
  "scene_recalls": {"1": 0.6946379215035932},
  "targets_count": 9045,
  "tp_count": 6283
}