{
  "gt_count": 10279,
  "mean_obj_recall": 0.6049367639826816,
  "mean_scene_recall": 0.6686567164179105,
  "obj_recalls": {"1": 0.8839869281045751, "2": 0.9711637487126673, "3": 0.6151154653603919, "4": 0.4863468634686347, "5": 0.7379134860050891, "6": 0.6400343642611683, "7": 0.0, "8": 0.5049332559489262},
  "recall": 0.6686567164179105,
  "scene_recalls": {"1": 0.6686567164179105},
  "targets_count": 9045,
  "tp_count": 6048
}