{
  "gt_count": 10279,
  "mean_obj_recall": 0.545731943852228,
  "mean_scene_recall": 0.598783858485351,
  "obj_recalls": {"1": 0.8529411764705882, "2": 0.8928939237899073, "3": 0.5318404478656403, "4": 0.3549815498154982, "5": 0.6912637828668363, "6": 0.6194158075601375, "7": 0.0, "8": 0.4225188624492165},
  "recall": 0.598783858485351,
  "scene_recalls": {"1": 0.598783858485351},
  "targets_count": 9045,
  "tp_count": 5416
}