{
  "gt_count": 10279,
  "mean_obj_recall": 0.5200877402799919,
  "mean_scene_recall": 0.5676064123825317,
  "obj_recalls": {"1": 0.8316993464052288, "2": 0.8856848609680742, "3": 0.48845346396081174, "4": 0.3173431734317343, "5": 0.6497031382527566, "6": 0.6082474226804123, "7": 0.0, "8": 0.379570516540917},
  "recall": 0.5676064123825317,
  "scene_recalls": {"1": 0.5676064123825317},
  "targets_count": 9045,
  "tp_count": 5134
}