{
  "gt_count": 10279,
  "mean_obj_recall": 0.5622341931407164,
  "mean_scene_recall": 0.6185737976782753,
  "obj_recalls": {"1": 0.8660130718954249, "2": 0.9093717816683831, "3": 0.5542337298810357, "4": 0.3771217712177122, "5": 0.7158608990670059, "6": 0.6219931271477663, "7": 0.0, "8": 0.4532791642484039},
  "recall": 0.6185737976782753,
  "scene_recalls": {"1": 0.6185737976782753},
  "targets_count": 9045,
  "tp_count": 5595
}