{
  "gt_count": 10292,
  "mean_obj_recall": 0.024324247517789437,
  "mean_scene_recall": 0.02322191993781578,
  "obj_recalls": {"1": 0.14215686274509803, "2": 0.004119464469618949, "3": 0.012596221133659902, "4": 0.0, "5": 0.005937234944868533, "6": 0.013745704467353952, "7": 0.01603849238171612, "8": 0.0},
  "recall": 0.02322191993781578,
  "scene_recalls": {"1": 0.02322191993781578},
  "targets_count": 10292,
  "tp_count": 239
}