{
  "gt_count": 10292,
  "mean_obj_recall": 0.013849843425973724,
  "mean_scene_recall": 0.01340847260007773,
  "obj_recalls": {"1": 0.0857843137254902, "2": 0.0, "3": 0.012596221133659902, "4": 0.0, "5": 0.0008481764206955047, "6": 0.005154639175257732, "7": 0.006415396952686447, "8": 0.0},
  "recall": 0.01340847260007773,
  "scene_recalls": {"1": 0.01340847260007773},
  "targets_count": 10292,
  "tp_count": 138
}