{
  "gt_count": 10292,
  "mean_obj_recall": 0.002410409644279026,
  "mean_scene_recall": 0.002331908278274388,
  "obj_recalls": {"1": 0.015522875816993464, "2": 0.0, "3": 0.002099370188943317, "4": 0.0, "5": 0.0, "6": 0.000859106529209622, "7": 0.0008019246190858059, "8": 0.0},
  "recall": 0.002331908278274388,
  "scene_recalls": {"1": 0.002331908278274388},
  "targets_count": 10292,
  "tp_count": 24
}