{
  "gt_count": 10292,
  "mean_obj_recall": 0.03630335427413216,
  "mean_scene_recall": 0.03429848425961912,
  "obj_recalls": {"1": 0.19444444444444445, "2": 0.018537590113285273, "3": 0.013296011196641007, "4": 0.0, "5": 0.010178117048346057, "6": 0.022336769759450172, "7": 0.030473135525260625, "8": 0.0011607661056297156},
  "recall": 0.03429848425961912,
  "scene_recalls": {"1": 0.03429848425961912},
  "targets_count": 10292,
  "tp_count": 353
}