{
  "gt_count": 10292,
  "mean_obj_recall": 0.0379518580888585,
  "mean_scene_recall": 0.03585308977846871,
  "obj_recalls": {"1": 0.19852941176470587, "2": 0.02059732234809475, "3": 0.013995801259622114, "4": 0.0, "5": 0.011874469889737066, "6": 0.023195876288659795, "7": 0.03368083400160385, "8": 0.0017411491584445734},
  "recall": 0.03585308977846871,
  "scene_recalls": {"1": 0.03585308977846871},
  "targets_count": 10292,
  "tp_count": 369
}