{
  "gt_count": 10292,
  "mean_obj_recall": 0.0336105961998458,
  "mean_scene_recall": 0.031869413136416634,
  "obj_recalls": {"1": 0.184640522875817, "2": 0.01132852729145211, "3": 0.013296011196641007, "4": 0.0, "5": 0.009329940627650551, "6": 0.020618556701030927, "7": 0.02967121090617482, "8": 0.0},
  "recall": 0.031869413136416634,
  "scene_recalls": {"1": 0.031869413136416634},
  "targets_count": 10292,
  "tp_count": 328
}