{
  "gt_count": 10292,
  "mean_obj_recall": 0.030462035356876867,
  "mean_scene_recall": 0.028954527788573648,
  "obj_recalls": {"1": 0.16911764705882354, "2": 0.008238928939237899, "3": 0.013296011196641007, "4": 0.0, "5": 0.008481764206955046, "6": 0.018900343642611683, "7": 0.02566158781074579, "8": 0.0},
  "recall": 0.028954527788573648,
  "scene_recalls": {"1": 0.028954527788573648},
  "targets_count": 10292,
  "tp_count": 298
}