{
  "gt_count": 10292,
  "mean_obj_recall": 0.00732923095699905,
  "mean_scene_recall": 0.007092887679751263,
  "obj_recalls": {"1": 0.04493464052287582, "2": 0.0, "3": 0.006997900629811057, "4": 0.0, "5": 0.0, "6": 0.00429553264604811, "7": 0.0024057738572574178, "8": 0.0},
  "recall": 0.007092887679751263,
  "scene_recalls": {"1": 0.007092887679751263},
  "targets_count": 10292,
  "tp_count": 73
}