{
  "gt_count": 10292,
  "mean_obj_recall": 0.04036464964916394,
  "mean_scene_recall": 0.0381849980567431,
  "obj_recalls": {"1": 0.2034313725490196, "2": 0.021627188465499485, "3": 0.015395381385584325, "4": 0.0007380073800738007, "5": 0.016963528413910092, "6": 0.02577319587628866, "7": 0.03608660785886127, "8": 0.002901915264074289},
  "recall": 0.0381849980567431,
  "scene_recalls": {"1": 0.0381849980567431},
  "targets_count": 10292,
  "tp_count": 393
}