{
  "gt_count": 10292,
  "mean_obj_recall": 0.03901046403200703,
  "mean_scene_recall": 0.03643606684803731,
  "obj_recalls": {"1": 0.1437908496732026, "2": 0.0607621009268795, "3": 0.02239328201539538, "4": 0.043542435424354244, "5": 0.0033927056827820186, "6": 0.03178694158075601, "7": 0.006415396952686447, "8": 0.0},
  "recall": 0.03643606684803731,
  "scene_recalls": {"1": 0.03643606684803731},
  "targets_count": 10292,
  "tp_count": 375
}