{
  "gt_count": 10292,
  "mean_obj_recall": 0.27341541886327736,
  "mean_scene_recall": 0.2597162844928099,
  "obj_recalls": {"1": 0.5661764705882353, "2": 0.3635427394438723, "3": 0.20153953813855843, "4": 0.3328413284132841, "5": 0.17217981340118746, "6": 0.2422680412371134, "7": 0.27105052125100243, "8": 0.03772489843296576},
  "recall": 0.2597162844928099,
  "scene_recalls": {"1": 0.2597162844928099},
  "targets_count": 10292,
  "tp_count": 2673
}