{
  "gt_count": 10292,
  "mean_obj_recall": 0.5656736248798624,
  "mean_scene_recall": 0.5492615623785464,
  "obj_recalls": {"1": 0.7777777777777778, "2": 0.6776519052523172, "3": 0.2904128761371588, "4": 0.5549815498154982, "5": 0.5860899067005937, "6": 0.5446735395189003, "7": 0.7008821170809943, "8": 0.3929193267556587},
  "recall": 0.5492615623785464,
  "scene_recalls": {"1": 0.5492615623785464},
  "targets_count": 10292,
  "tp_count": 5653
}