{
  "bop19_average_recall": 0.09808330094571838,
  "bop19_average_recall_mspd": 0.14531675087446563,
  "bop19_average_recall_mssd": 0.09456859696851924,
  "bop19_average_recall_vsd": 0.05436455499417022,
  "bop19_average_time_per_image": -1.0
}