{
  "gt_count": 10279,
  "mean_obj_recall": 0.00010212418300653595,
  "mean_scene_recall": 0.0001105583195135434,
  "obj_recalls": {"1": 0.0008169934640522876, "2": 0.0, "3": 0.0, "4": 0.0, "5": 0.0, "6": 0.0, "7": 0.0, "8": 0.0},
  "recall": 0.0001105583195135434,
  "scene_recalls": {"1": 0.0001105583195135434},
  "targets_count": 9045,
  "tp_count": 1
}