{
  "gt_count": 10279,
  "mean_obj_recall": 0.00039384630689224604,
  "mean_scene_recall": 0.0004422332780541736,
  "obj_recalls": {"1": 0.0024509803921568627, "2": 0.0, "3": 0.0006997900629811056, "4": 0.0, "5": 0.0, "6": 0.0, "7": 0.0, "8": 0.0},
  "recall": 0.0004422332780541736,
  "scene_recalls": {"1": 0.0004422332780541736},
  "targets_count": 9045,
  "tp_count": 4
}