{
  "gt_count": 10279,
  "mean_obj_recall": 0.2031889598772212,
  "mean_scene_recall": 0.21746821448313985,
  "obj_recalls": {"1": 0.5629084967320261, "2": 0.262615859938208, "3": 0.0, "4": 0.23763837638376384, "5": 0.1967769296013571, "6": 0.28780068728522334, "7": 0.0, "8": 0.07777132907719095},
  "recall": 0.21746821448313985,
  "scene_recalls": {"1": 0.21746821448313985},
  "targets_count": 9045,
  "tp_count": 1967
}