{
  "gt_count": 10279,
  "mean_obj_recall": 0.38534774409624395,
  "mean_scene_recall": 0.4206744057490326,
  "obj_recalls": {"1": 0.7165032679738562, "2": 0.5345005149330587, "3": 0.006298110566829951, "4": 0.2952029520295203, "5": 0.6980491942324003, "6": 0.45962199312714774, "7": 0.0, "8": 0.3726059199071387},
  "recall": 0.4206744057490326,
  "scene_recalls": {"1": 0.4206744057490326},
  "targets_count": 9045,
  "tp_count": 3805
}