{
  "gt_count": 10292,
  "mean_obj_recall": 0.013467944392552203,
  "mean_scene_recall": 0.012728332685581033,
  "obj_recalls": {"1": 0.08660130718954248, "2": 0.003089598352214212, "3": 0.0, "4": 0.0051660516605166054, "5": 0.0, "6": 0.01288659793814433, "7": 0.0, "8": 0.0},
  "recall": 0.012728332685581033,
  "scene_recalls": {"1": 0.012728332685581033},
  "targets_count": 10292,
  "tp_count": 131
}