{
  "gt_count": 10292,
  "mean_obj_recall": 0.28968173233243233,
  "mean_scene_recall": 0.2758453167508745,
  "obj_recalls": {"1": 0.6397058823529411, "2": 0.3336766220391349, "3": 0.0006997900629811056, "4": 0.26789667896678965, "5": 0.3070398642917727, "6": 0.35652920962199314, "7": 0.24939855653568566, "8": 0.1625072547881602},
  "recall": 0.2758453167508745,
  "scene_recalls": {"1": 0.2758453167508745},
  "targets_count": 10292,
  "tp_count": 2839
}