{
  "gt_count": 10279,
  "mean_obj_recall": 0.2585069127654716,
  "mean_scene_recall": 0.2794914317302377,
  "obj_recalls": {"1": 0.6397058823529411, "2": 0.3336766220391349, "3": 0.0006997900629811056, "4": 0.26789667896678965, "5": 0.3070398642917727, "6": 0.35652920962199314, "7": 0.0, "8": 0.1625072547881602},
  "recall": 0.2794914317302377,
  "scene_recalls": {"1": 0.2794914317302377},
  "targets_count": 9045,
  "tp_count": 2528
}