{
  "gt_count": 10292,
  "mean_obj_recall": 0.049780105550916706,
  "mean_scene_recall": 0.046638165565487756,
  "obj_recalls": {"1": 0.19281045751633988, "2": 0.053553038105046344, "3": 0.0, "4": 0.07822878228782287, "5": 0.009329940627650551, "6": 0.0627147766323024, "7": 0.0016038492381716118, "8": 0.0},
  "recall": 0.046638165565487756,
  "scene_recalls": {"1": 0.046638165565487756},
  "targets_count": 10292,
  "tp_count": 480
}