{
  "gt_count": 10279,
  "mean_obj_recall": 0.15792215173756988,
  "mean_scene_recall": 0.16705362078496408,
  "obj_recalls": {"1": 0.4918300653594771, "2": 0.21112255406797117, "3": 0.0, "4": 0.1896678966789668, "5": 0.14249363867684478, "6": 0.20446735395189003, "7": 0.0, "8": 0.02379570516540917},
  "recall": 0.16705362078496408,
  "scene_recalls": {"1": 0.16705362078496408},
  "targets_count": 9045,
  "tp_count": 1511
}