{
  "gt_count": 10292,
  "mean_obj_recall": 0.4376733254915928,
  "mean_scene_recall": 0.4204236300038865,
  "obj_recalls": {"1": 0.7165032679738562, "2": 0.5345005149330587, "3": 0.006298110566829951, "4": 0.2952029520295203, "5": 0.6980491942324003, "6": 0.45962199312714774, "7": 0.4186046511627907, "8": 0.3726059199071387},
  "recall": 0.4204236300038865,
  "scene_recalls": {"1": 0.4204236300038865},
  "targets_count": 10292,
  "tp_count": 4327
}