{
  "gt_count": 10279,
  "mean_obj_recall": 0.107183709612978,
  "mean_scene_recall": 0.1128800442233278,
  "obj_recalls": {"1": 0.3472222222222222, "2": 0.14933058702368693, "3": 0.0, "4": 0.14095940959409595, "5": 0.0916030534351145, "6": 0.12371134020618557, "7": 0.0, "8": 0.0046430644225188625},
  "recall": 0.1128800442233278,
  "scene_recalls": {"1": 0.1128800442233278},
  "targets_count": 9045,
  "tp_count": 1021
}