{
  "gt_count": 10279,
  "mean_obj_recall": 0.04957962439614526,
  "mean_scene_recall": 0.05284687672747374,
  "obj_recalls": {"1": 0.19281045751633988, "2": 0.053553038105046344, "3": 0.0, "4": 0.07822878228782287, "5": 0.009329940627650551, "6": 0.0627147766323024, "7": 0.0, "8": 0.0},
  "recall": 0.05284687672747374,
  "scene_recalls": {"1": 0.05284687672747374},
  "targets_count": 9045,
  "tp_count": 478
}