{
  "gt_count": 10292,
  "mean_obj_recall": 0.35356193272842307,
  "mean_scene_recall": 0.33764088612514576,
  "obj_recalls": {"1": 0.6797385620915033, "2": 0.4212152420185376, "3": 0.0013995801259622112, "4": 0.28413284132841327, "5": 0.46140797285835455, "6": 0.4218213058419244, "7": 0.31676022453889335, "8": 0.2420197330237957},
  "recall": 0.33764088612514576,
  "scene_recalls": {"1": 0.33764088612514576},
  "targets_count": 10292,
  "tp_count": 3475
}