{
  "gt_count": 10279,
  "mean_obj_recall": 0.31396690466106136,
  "mean_scene_recall": 0.34051962410171366,
  "obj_recalls": {"1": 0.6797385620915033, "2": 0.4212152420185376, "3": 0.0013995801259622112, "4": 0.28413284132841327, "5": 0.46140797285835455, "6": 0.4218213058419244, "7": 0.0, "8": 0.2420197330237957},
  "recall": 0.34051962410171366,
  "scene_recalls": {"1": 0.34051962410171366},
  "targets_count": 9045,
  "tp_count": 3080
}