{
  "gt_count": 10279,
  "mean_obj_recall": 0.3575915374388831,
  "mean_scene_recall": 0.3888336097291321,
  "obj_recalls": {"1": 0.7001633986928104, "2": 0.49124613800205974, "3": 0.0027991602519244225, "4": 0.2900369003690037, "5": 0.6149279050042409, "6": 0.4493127147766323, "7": 0.0, "8": 0.3122460824143935},
  "recall": 0.3888336097291321,
  "scene_recalls": {"1": 0.3888336097291321},
  "targets_count": 9045,
  "tp_count": 3517
}