{
  "gt_count": 10292,
  "mean_obj_recall": 0.0011461987457263474,
  "mean_scene_recall": 0.001165954139137194,
  "obj_recalls": {"1": 0.004901960784313725, "2": 0.0, "3": 0.0013995801259622112, "4": 0.0, "5": 0.0008481764206955047, "6": 0.000859106529209622, "7": 0.0, "8": 0.0011607661056297156},
  "recall": 0.001165954139137194,
  "scene_recalls": {"1": 0.001165954139137194},
  "targets_count": 10292,
  "tp_count": 12
}