{
  "gt_count": 10292,
  "mean_obj_recall": 0.07380526968391427,
  "mean_scene_recall": 0.07160901671200932,
  "obj_recalls": {"1": 0.2099673202614379, "2": 0.05664263645726056, "3": 0.0979706088173548, "4": 0.08708487084870849, "5": 0.02205258693808312, "6": 0.0781786941580756, "7": 0.034482758620689655, "8": 0.004062681369704005},
  "recall": 0.07160901671200932,
  "scene_recalls": {"1": 0.07160901671200932},
  "targets_count": 10292,
  "tp_count": 737
}