{
  "gt_count": 10292,
  "mean_obj_recall": 0.15339918706685868,
  "mean_scene_recall": 0.14797901282549553,
  "obj_recalls": {"1": 0.36764705882352944, "2": 0.12770339855818744, "3": 0.18054583624912526, "4": 0.17121771217712178, "5": 0.09584393553859202, "6": 0.16494845360824742, "7": 0.1082598235765838, "8": 0.011027278003482298},
  "recall": 0.14797901282549553,
  "scene_recalls": {"1": 0.14797901282549553},
  "targets_count": 10292,
  "tp_count": 1523
}