{
  "gt_count": 10292,
  "mean_obj_recall": 0.22887889829511293,
  "mean_scene_recall": 0.22046249514185776,
  "obj_recalls": {"1": 0.5, "2": 0.19464469618949537, "3": 0.2106368089573128, "4": 0.2738007380073801, "5": 0.15097540288379982, "6": 0.24398625429553264, "7": 0.2285485164394547, "8": 0.028438769587928032},
  "recall": 0.22046249514185776,
  "scene_recalls": {"1": 0.22046249514185776},
  "targets_count": 10292,
  "tp_count": 2269
}