{
  "gt_count": 10292,
  "mean_obj_recall": 0.2919183641346495,
  "mean_scene_recall": 0.2828410415856976,
  "obj_recalls": {"1": 0.5825163398692811, "2": 0.2399588053553038, "3": 0.2323303009097271, "4": 0.33136531365313654, "5": 0.20695504664970313, "6": 0.3118556701030928, "7": 0.34562951082598237, "8": 0.08473592571096925},
  "recall": 0.2828410415856976,
  "scene_recalls": {"1": 0.2828410415856976},
  "targets_count": 10292,
  "tp_count": 2911
}