{
  "gt_count": 10292,
  "mean_obj_recall": 0.46024381140588433,
  "mean_scene_recall": 0.44840652934317915,
  "obj_recalls": {"1": 0.6944444444444444, "2": 0.4325437693099897, "3": 0.27991602519244224, "4": 0.4014760147601476, "5": 0.6072943172179813, "6": 0.4209621993127148, "7": 0.5493183640737771, "8": 0.2959953569355775},
  "recall": 0.44840652934317915,
  "scene_recalls": {"1": 0.44840652934317915},
  "targets_count": 10292,
  "tp_count": 4615
}