{
  "d01_controller_T_W2M": [
    [
      0.9306306318125662,
      0.3303079137381147,
      -0.1575541470548836,
      219.2493486767743
    ],
    [
      0.12081334226639519,
      -0.6836827918963518,
      -0.7197096472851152,
      98.4364977788489
    ],
    [
      -0.34544285122527274,
      0.6507492006808873,
      -0.6761617516176038,
      100.52184817840138
    ],
    [
      0.0,
      0.0,
      0.0,
      1.0
    ]
  ],
  "d02_servo_T_W2M": [
    [
      0.08142627685304965,
      -0.9914531841419675,
      0.10193304220247257,
      -48.09221082681323
    ],
    [
      -0.9951424993671351,
      -0.08655178551799565,
      -0.046906229618698045,
      114.56661063133642
    ],
    [
      0.05532781751749947,
      -0.0976185027464119,
      -0.9936847893222175,
      141.87588931740166
    ],
    [
      0.0,
      0.0,
      0.0,
      1.0
    ]
  ],
  "d03_main_T_W2M": [
    [
      0.6987651182213194,
      0.6299078623618488,
      -0.339033028615155,
      15.62800893811621
    ],
    [
      0.046112488235499696,
      -0.5126168338292387,
      -0.8573783412844628,
      105.53313907867147
    ],
    [
      -0.7138633958860408,
      0.5834724214645728,
      -0.3872453813855095,
      -124.2058221273631
    ],
    [
      0.0,
      0.0,
      0.0,
      1.0
    ]
  ],
  "d04_motor_T_W2M": [
    [
      -0.5526094409078335,
      0.8323960305601485,
      -0.0417091611915155,
      -155.52062343897546
    ],
    [
      -0.07904211942989721,
      -0.0025239066781305507,
      0.9968680821709422,
      64.34133269380308
    ],
    [
      0.8296837645607054,
      0.5541754940475477,
      0.06718908111880968,
      -124.54365252121094
    ],
    [
      0.0,
      0.0,
      0.0,
      1.0
    ]
  ],
  "d05_axle_front_T_W2M": [
    [
      -0.8568263648809326,
      0.38390499876320894,
      0.3441882222993715,
      -269.3187008307465
    ],
    [
      0.4286695645702671,
      0.9013465718209093,
      0.061779947215086374,
      115.93119244255004
    ],
    [
      -0.2865152436714687,
      0.20047770297812106,
      -0.9368658952873069,
      -18.292729899632107
    ],
    [
      0.0,
      0.0,
      0.0,
      1.0
    ]
  ],
  "d06_battery_T_W2M": [
    [
      0.631716819285112,
      -0.7217040575761394,
      0.28297899835577345,
      213.1315524894403
    ],
    [
      -0.021496661094160572,
      0.3485910174415609,
      0.9370283859739046,
      65.51421095328942
    ],
    [
      -0.7749011251728203,
      -0.5980196951917163,
      0.20469658123354914,
      -102.1332622063589
    ],
    [
      0.0,
      0.0,
      0.0,
      1.0
    ]
  ],
  "d07_axle_rear_T_W2M": [
    [
      -0.2438536006858342,
      -0.2951684340469805,
      -0.923802477250886,
      -291.47938507492336
    ],
    [
      -0.8489782445175306,
      0.5254286029582828,
      0.05622031242587331,
      54.013607611674
    ],
    [
      0.4687977834509558,
      0.7979977310341021,
      -0.3787192357089048,
      139.94672622860202
    ],
    [
      0.0,
      0.0,
      0.0,
      1.0
    ]
  ],
  "d08_chassis_T_W2M": [
    [
      -0.9905382441025357,
      -0.13680106268518816,
      -0.0109296028508822,
      -12.262103269680807
    ],
    [
      0.012572508163478113,
      -0.16976208826871428,
      0.9854048738590558,
      116.99726642061023
    ],
    [
      -0.13665986612299227,
      0.9759438009613405,
      0.16987577330625792,
      10.123594699172857
    ],
    [
      0.0,
      0.0,
      0.0,
      1.0
    ]
  ]
}