{
  "d01_controller_T_W2M": [
    [
      0.9278927761734692,
      0.33458576472558205,
      -0.16452161550428063,
      219.1028660002483
    ],
    [
      0.12139135690300402,
      -0.6883166447943851,
      -0.7151813301312276,
      98.83706723542588
    ],
    [
      -0.35253245863947963,
      0.6436400877369391,
      -0.6792998624051235,
      100.1328061024272
    ],
    [
      0.0,
      0.0,
      0.0,
      1.0
    ]
  ],
  "d02_servo_T_W2M": [
    [
      -0.01729742006886519,
      -0.9994072804993429,
      0.029763852975017904,
      -46.282821506416646
    ],
    [
      -0.9991280376726089,
      0.016145912504940817,
      -0.03850290698051604,
      114.41237386213413
    ],
    [
      0.037999520990754466,
      -0.030403900972405917,
      -0.9988151176319994,
      141.93222344634881
    ],
    [
      0.0,
      0.0,
      0.0,
      1.0
    ]
  ],
  "d03_main_T_W2M": [
    [
      0.7005653947780455,
      0.6299433070020597,
      -0.3352306036192074,
      14.930531197868682
    ],
    [
      0.055283729729105564,
      -0.5162825116166425,
      -0.8546321298817153,
      105.67248014472653
    ],
    [
      -0.7114434881751366,
      0.5801928973731743,
      -0.39651527709664575,
      -124.04722525013159
    ],
    [
      0.0,
      0.0,
      0.0,
      1.0
    ]
  ],
  "d04_motor_T_W2M": [
    [
      -0.6593169752147545,
      0.7518606109550301,
      0.0025976697451878675,
      -156.2941963292466
    ],
    [
      -0.012895164807629906,
      -0.014762273174122972,
      0.9998078765520608,
      63.48971445541617
    ],
    [
      0.7517545084124189,
      0.6591568075846521,
      0.01942838378708786,
      -124.22264610175033
    ],
    [
      0.0,
      0.0,
      0.0,
      1.0
    ]
  ],
  "d06_battery_T_W2M": [
    [
      0.654186749655573,
      -0.7036471894479774,
      0.27734514482333605,
      213.7749324658152
    ],
    [
      -0.02519737794345609,
      0.34621738358756077,
      0.9378158750237587,
      65.82569792763265
    ],
    [
      -0.7559132150716121,
      -0.6204950894920807,
      0.2087607606720272,
      -101.53430989976219
    ],
    [
      0.0,
      0.0,
      0.0,
      1.0
    ]
  ],
  "d07_axle_rear_T_W2M": [
    [
      -0.2718280487386448,
      -0.28262979439871594,
      -0.9199075558104319,
      -293.85038659823397
    ],
    [
      -0.8042339663370431,
      0.5916817876052215,
      0.05586044760022507,
      58.44358376656761
    ],
    [
      0.5285047202331934,
      0.7550053387456427,
      -0.3881361863532291,
      140.51194936207523
    ],
    [
      0.0,
      0.0,
      0.0,
      1.0
    ]
  ],
  "d08_chassis_T_W2M": [
    [
      -0.9891972522310462,
      -0.14642647488543886,
      -0.006934236168269195,
      -10.970884707328151
    ],
    [
      0.018692627713170595,
      -0.1729144311093948,
      0.984759455493269,
      116.8942942183279
    ],
    [
      -0.14539388518018923,
      0.973991728387256,
      0.1737835757068945,
      10.403923996084119
    ],
    [
      0.0,
      0.0,
      0.0,
      1.0
    ]
  ],
  "d05_axle_front_T_W2M": [
    [
      -0.8367139742033064,
      0.42630552639484626,
      0.34376347033704047,
      -271.55042687272544
    ],
    [
      0.4722825031442707,
      0.8794788874589973,
      0.05887379500014474,
      117.62957929723086
    ],
    [
      -0.2772344902726606,
      0.21161399925133562,
      -0.9372089162636769,
      -16.839890329863874
    ],
    [
      0.0,
      0.0,
      0.0,
      1.0
    ]
  ]
}