{
  "d01_controller_T_W2M": [
    [
      0.9306306318125662,
      0.3303079137381147,
      -0.1575541470548836,
      218.2493486767743
    ],
    [
      0.12081334226639519,
      -0.6836827918963518,
      -0.7197096472851152,
      101.4364977788489
    ],
    [
      -0.34544285122527274,
      0.6507492006808873,
      -0.6761617516176038,
      103.52184817840138
    ],
    [
      0.0,
      0.0,
      0.0,
      1.0
    ]
  ],
  "d02_servo_T_W2M": [
    [
      0.019953844210286023,
      -0.999779442300917,
      -0.006550637655898844,
      -47.840894401372566
    ],
    [
      -0.9996464913498438,
      -0.01983518785088092,
      -0.017704735379730926,
      114.88562483639626
    ],
    [
      0.017570897335584888,
      0.0069015994803749425,
      -0.9998217998680737,
      140.42910524029185
    ],
    [
      0.0,
      0.0,
      0.0,
      1.0
    ]
  ],
  "d03_main_T_W2M": [
    [
      0.6963868992346042,
      0.6365181348422412,
      -0.33149653179387617,
      16.209858535186385
    ],
    [
      0.04604497142580167,
      -0.500584798737415,
      -0.8644620985788904,
      108.46332847592296
    ],
    [
      -0.7161879272794334,
      0.5867363320009907,
      -0.3779091551275424,
      -122.92897155626731
    ],
    [
      0.0,
      0.0,
      0.0,
      1.0
    ]
  ],
  "d04_motor_T_W2M": [
    [
      -0.5078717126993598,
      0.8614318090510201,
      0.0012497179377976282,
      -158.76372463538831
    ],
    [
      -0.03474255995369124,
      -0.02193258468833919,
      0.9991556016240883,
      64.81600051766306
    ],
    [
      0.8607318269749877,
      0.5073994482496007,
      0.04106728562156165,
      -119.47069137181946
    ],
    [
      0.0,
      0.0,
      0.0,
      1.0
    ]
  ],
  "d05_axle_front_T_W2M": [
    [
      -0.8262977961491065,
      0.43586581727102497,
      0.3567253024581277,
      -272.9252157499263
    ],
    [
      0.48836274215112224,
      0.8699683201829314,
      0.06824187832097078,
      119.71521047118044
    ],
    [
      -0.28059541007976085,
      0.2305994605648228,
      -0.9317135314190831,
      -17.266742114105185
    ],
    [
      0.0,
      0.0,
      0.0,
      1.0
    ]
  ],
  "d06_battery_T_W2M": [
    [
      0.6224149056321678,
      -0.7279349684367573,
      0.28759410107636185,
      210.08802316875835
    ],
    [
      -0.02463821129312302,
      0.3490398879112145,
      0.9367839212919987,
      67.20618515937896
    ],
    [
      -0.7822995869813724,
      -0.5901540801976707,
      0.19931261333611144,
      -103.52101340323395
    ],
    [
      0.0,
      0.0,
      0.0,
      1.0
    ]
  ],
  "d07_axle_rear_T_W2M": [
    [
      -0.24192070549792052,
      -0.2942085809302228,
      -0.9246165059950189,
      -291.9995404779272
    ],
    [
      -0.8531029082365514,
      0.5184829867815467,
      0.0582307511236861,
      57.64828832833196
    ],
    [
      0.46226594100121465,
      0.8028802546613655,
      -0.3764219659705951,
      141.0655951163648
    ],
    [
      0.0,
      0.0,
      0.0,
      1.0
    ]
  ],
  "d08_chassis_T_W2M": [
    [
      -0.9904275301810419,
      -0.13782432734234137,
      -0.007600148166296884,
      -13.315158846913318
    ],
    [
      0.017951831791654854,
      -0.18320607957061047,
      0.9829106084195794,
      118.61070488798694
    ],
    [
      -0.13686138679277865,
      0.9733652897042452,
      0.18392654404451886,
      12.465200914589202
    ],
    [
      0.0,
      0.0,
      0.0,
      1.0
    ]
  ]
}