{
  "gt_count": 10292,
  "mean_obj_recall": 0.11139381386317848,
  "mean_scene_recall": 0.10328410415856976,
  "obj_recalls": {"1": 0.3472222222222222, "2": 0.14933058702368693, "3": 0.0, "4": 0.14095940959409595, "5": 0.0916030534351145, "6": 0.12371134020618557, "7": 0.03368083400160385, "8": 0.0046430644225188625},
  "recall": 0.10328410415856976,
  "scene_recalls": {"1": 0.10328410415856976},
  "targets_count": 10292,
  "tp_count": 1063
}