{
  "gt_count": 10292,
  "mean_obj_recall": 0.22494116516992368,
  "mean_scene_recall": 0.2122036533229693,
  "obj_recalls": {"1": 0.5629084967320261, "2": 0.262615859938208, "3": 0.0, "4": 0.23763837638376384, "5": 0.1967769296013571, "6": 0.28780068728522334, "7": 0.1740176423416199, "8": 0.07777132907719095},
  "recall": 0.2122036533229693,
  "scene_recalls": {"1": 0.2122036533229693},
  "targets_count": 10292,
  "tp_count": 2184
}