{
  "gt_count": 10292,
  "mean_obj_recall": 0.4041031653458599,
  "mean_scene_recall": 0.3868052856587641,
  "obj_recalls": {"1": 0.7001633986928104, "2": 0.49124613800205974, "3": 0.0027991602519244225, "4": 0.2900369003690037, "5": 0.6149279050042409, "6": 0.4493127147766323, "7": 0.37209302325581395, "8": 0.3122460824143935},
  "recall": 0.3868052856587641,
  "scene_recalls": {"1": 0.3868052856587641},
  "targets_count": 10292,
  "tp_count": 3981
}