{
  "gt_count": 10292,
  "mean_obj_recall": 0.3989152263519643,
  "mean_scene_recall": 0.39214924212980956,
  "obj_recalls": {"1": 0.8333333333333334, "2": 0.19052523171987643, "3": 0.26871938418474456, "4": 0.24944649446494466, "5": 0.31721798134011875, "6": 0.5309278350515464, "7": 0.5533279871692061, "8": 0.2478235635519443},
  "recall": 0.39214924212980956,
  "scene_recalls": {"1": 0.39214924212980956},
  "targets_count": 10292,
  "tp_count": 4036
}