{
  "gt_count": 10292,
  "mean_obj_recall": 0.2226066487827113,
  "mean_scene_recall": 0.215798678585309,
  "obj_recalls": {"1": 0.6299019607843137, "2": 0.10298661174047374, "3": 0.198740377886634, "4": 0.11881918819188192, "5": 0.0899067005937235, "6": 0.30927835051546393, "7": 0.27666399358460303, "8": 0.054556006964596636},
  "recall": 0.215798678585309,
  "scene_recalls": {"1": 0.215798678585309},
  "targets_count": 10292,
  "tp_count": 2221
}