{
  "gt_count": 10292,
  "mean_obj_recall": 0.28743984640591597,
  "mean_scene_recall": 0.28021764477263894,
  "obj_recalls": {"1": 0.7312091503267973, "2": 0.13388259526261587, "3": 0.23163051084674596, "4": 0.17269372693726937, "5": 0.1484308736217133, "6": 0.42010309278350516, "7": 0.34723336006415395, "8": 0.114335461404527},
  "recall": 0.28021764477263894,
  "scene_recalls": {"1": 0.28021764477263894},
  "targets_count": 10292,
  "tp_count": 2884
}