{
  "gt_count": 10292,
  "mean_obj_recall": 0.0057830462949075455,
  "mean_scene_recall": 0.005538282160901672,
  "obj_recalls": {"1": 0.04084967320261438, "2": 0.0, "3": 0.002099370188943317, "4": 0.0007380073800738007, "5": 0.0, "6": 0.002577319587628866, "7": 0.0, "8": 0.0},
  "recall": 0.005538282160901672,
  "scene_recalls": {"1": 0.005538282160901672},
  "targets_count": 10292,
  "tp_count": 57
}