{
  "gt_count": 10292,
  "mean_obj_recall": 0.15662907552515443,
  "mean_scene_recall": 0.15060240963855423,
  "obj_recalls": {"1": 0.49264705882352944, "2": 0.07826982492276004, "3": 0.15605318404478657, "4": 0.05830258302583026, "5": 0.04834605597964377, "6": 0.22250859106529208, "7": 0.18123496391339214, "8": 0.01567034242600116},
  "recall": 0.15060240963855423,
  "scene_recalls": {"1": 0.15060240963855423},
  "targets_count": 10292,
  "tp_count": 1550
}