{
  "gt_count": 10292,
  "mean_obj_recall": 0.3478839826977487,
  "mean_scene_recall": 0.34075009716284493,
  "obj_recalls": {"1": 0.7875816993464052, "2": 0.164778578784758, "3": 0.2498250524842547, "4": 0.22066420664206643, "5": 0.21882951653944022, "6": 0.49140893470790376, "7": 0.46832397754611066, "8": 0.1816598955310505},
  "recall": 0.34075009716284493,
  "scene_recalls": {"1": 0.34075009716284493},
  "targets_count": 10292,
  "tp_count": 3507
}