{
  "gt_count": 10292,
  "mean_obj_recall": 0.44559771030555084,
  "mean_scene_recall": 0.43878740769529734,
  "obj_recalls": {"1": 0.8480392156862745, "2": 0.23274974253347064, "3": 0.2995101469559132, "4": 0.2686346863468635, "5": 0.4223918575063613, "6": 0.5567010309278351, "7": 0.6303127506014434, "8": 0.3064422518862449},
  "recall": 0.43878740769529734,
  "scene_recalls": {"1": 0.43878740769529734},
  "targets_count": 10292,
  "tp_count": 4516
}