{
  "bop19_average_recall": 0.10066912812540485,
  "bop19_average_recall_mspd": 0.13649436455499417,
  "bop19_average_recall_mssd": 0.10005829770695687,
  "bop19_average_recall_vsd": 0.06545472211426351,
  "bop19_average_time_per_image": -1.0
}