{
  "gt_count": 10279,
  "mean_obj_recall": 0.0009044672219249259,
  "mean_scene_recall": 0.0009950248756218905,
  "obj_recalls": {"1": 0.006535947712418301, "2": 0.0, "3": 0.0006997900629811056, "4": 0.0, "5": 0.0, "6": 0.0, "7": 0.0, "8": 0.0},
  "recall": 0.0009950248756218905,
  "scene_recalls": {"1": 0.0009950248756218905},
  "targets_count": 9045,
  "tp_count": 9
}