{
  "gt_count": 10279,
  "mean_obj_recall": 0.0394653541022451,
  "mean_scene_recall": 0.04400221116639027,
  "obj_recalls": {"1": 0.184640522875817, "2": 0.005149330587023687, "3": 0.06508047585724283, "4": 0.004428044280442804, "5": 0.0033927056827820186, "6": 0.04896907216494845, "7": 0.0, "8": 0.004062681369704005},
  "recall": 0.04400221116639027,
  "scene_recalls": {"1": 0.04400221116639027},
  "targets_count": 9045,
  "tp_count": 398
}