{
  "gt_count": 10279,
  "mean_obj_recall": 0.19903748804350763,
  "mean_scene_recall": 0.22365948037589828,
  "obj_recalls": {"1": 0.5424836601307189, "2": 0.08032955715756952, "3": 0.13925822253324002, "4": 0.1033210332103321, "5": 0.24936386768447838, "6": 0.3127147766323024, "7": 0.0, "8": 0.1648287869994196},
  "recall": 0.22365948037589828,
  "scene_recalls": {"1": 0.22365948037589828},
  "targets_count": 9045,
  "tp_count": 2023
}