{
  "gt_count": 10279,
  "mean_obj_recall": 0.12810202520638264,
  "mean_scene_recall": 0.14206744057490325,
  "obj_recalls": {"1": 0.46895424836601307, "2": 0.0411946446961895, "3": 0.11546536039188243, "4": 0.06420664206642067, "5": 0.05597964376590331, "6": 0.22852233676975944, "7": 0.0, "8": 0.05049332559489263},
  "recall": 0.14206744057490325,
  "scene_recalls": {"1": 0.14206744057490325},
  "targets_count": 9045,
  "tp_count": 1285
}