{
  "gt_count": 10279,
  "mean_obj_recall": 0.0730814361726143,
  "mean_scene_recall": 0.08059701492537313,
  "obj_recalls": {"1": 0.3137254901960784, "2": 0.01956745623069001, "3": 0.09097270818754374, "4": 0.016974169741697416, "5": 0.015267175572519083, "6": 0.11769759450171821, "7": 0.0, "8": 0.01044689495066744},
  "recall": 0.08059701492537313,
  "scene_recalls": {"1": 0.08059701492537313},
  "targets_count": 9045,
  "tp_count": 729
}