{
  "gt_count": 10279,
  "mean_obj_recall": 0.15137915061129192,
  "mean_scene_recall": 0.16882255389718076,
  "obj_recalls": {"1": 0.5049019607843137, "2": 0.046343975283213185, "3": 0.12876137158852344, "4": 0.08044280442804429, "5": 0.09499575911789652, "6": 0.27491408934707906, "7": 0.0, "8": 0.08067324434126523},
  "recall": 0.16882255389718076,
  "scene_recalls": {"1": 0.16882255389718076},
  "targets_count": 9045,
  "tp_count": 1527
}