{
  "gt_count": 10279,
  "mean_obj_recall": 0.17630323940340986,
  "mean_scene_recall": 0.19778883360972913,
  "obj_recalls": {"1": 0.5228758169934641, "2": 0.06488156539649846, "3": 0.1357592722183345, "4": 0.0974169741697417, "5": 0.1636980491942324, "6": 0.2981099656357388, "7": 0.0, "8": 0.1276842716192687},
  "recall": 0.19778883360972913,
  "scene_recalls": {"1": 0.19778883360972913},
  "targets_count": 9045,
  "tp_count": 1789
}