{
  "gt_count": 10279,
  "mean_obj_recall": 0.22021069888211187,
  "mean_scene_recall": 0.24776119402985075,
  "obj_recalls": {"1": 0.553921568627451, "2": 0.09680741503604531, "3": 0.15255423372988103, "4": 0.11439114391143912, "5": 0.3256997455470738, "6": 0.3238831615120275, "7": 0.0, "8": 0.19442832269297736},
  "recall": 0.24776119402985075,
  "scene_recalls": {"1": 0.24776119402985075},
  "targets_count": 9045,
  "tp_count": 2241
}