{
  "gt_count": 10279,
  "mean_obj_recall": 0.5341033902220443,
  "mean_scene_recall": 0.5864013266998341,
  "obj_recalls": {"1": 0.8684640522875817, "2": 0.8640576725025747, "3": 0.5612316305108468, "4": 0.24501845018450186, "5": 0.6751484308736218, "6": 0.6305841924398625, "7": 0.0, "8": 0.4283226929773651},
  "recall": 0.5864013266998341,
  "scene_recalls": {"1": 0.5864013266998341},
  "targets_count": 9045,
  "tp_count": 5304
}