{
  "gt_count": 10292,
  "mean_obj_recall": 0.7501428089517175,
  "mean_scene_recall": 0.7369801787796346,
  "obj_recalls": {"1": 0.9133986928104575, "2": 0.9907312049433573, "3": 0.7690692792162351, "4": 0.6678966789667896, "5": 0.7362171331636981, "6": 0.665807560137457, "7": 0.6503608660785886, "8": 0.6076610562971562},
  "recall": 0.7369801787796346,
  "scene_recalls": {"1": 0.7369801787796346},
  "targets_count": 10292,
  "tp_count": 7585
}