{
  "gt_count": 10279,
  "mean_obj_recall": 0.23400058086475956,
  "mean_scene_recall": 0.24908789386401325,
  "obj_recalls": {"1": 0.27205882352941174, "2": 0.5118434603501545, "3": 0.23862841147655703, "4": 0.08708487084870849, "5": 0.2171331636980492, "6": 0.41408934707903783, "7": 0.0, "8": 0.13116656993615786},
  "recall": 0.24908789386401325,
  "scene_recalls": {"1": 0.24908789386401325},
  "targets_count": 9045,
  "tp_count": 2253
}