{
  "gt_count": 10292,
  "mean_obj_recall": 0.56486595383506,
  "mean_scene_recall": 0.5432374659930043,
  "obj_recalls": {"1": 0.8496732026143791, "2": 0.8300720906282183, "3": 0.48495451364590625, "4": 0.222140221402214, "5": 0.6259541984732825, "6": 0.6219931271477663, "7": 0.49238171611868486, "8": 0.391758560650029},
  "recall": 0.5432374659930043,
  "scene_recalls": {"1": 0.5432374659930043},
  "targets_count": 10292,
  "tp_count": 5591
}