{
  "gt_count": 10292,
  "mean_obj_recall": 0.49536854942850245,
  "mean_scene_recall": 0.47289156626506024,
  "obj_recalls": {"1": 0.7589869281045751, "2": 0.8022657054582905, "3": 0.3736878936319104, "4": 0.2059040590405904, "5": 0.5241730279898219, "6": 0.6048109965635738, "7": 0.35765838011226947, "8": 0.3354614045269878},
  "recall": 0.47289156626506024,
  "scene_recalls": {"1": 0.47289156626506024},
  "targets_count": 10292,
  "tp_count": 4867
}