{
  "gt_count": 10279,
  "mean_obj_recall": 0.5596308036838729,
  "mean_scene_recall": 0.615257048092869,
  "obj_recalls": {"1": 0.8888888888888888, "2": 0.9227600411946447, "3": 0.5780265920223933, "4": 0.2944649446494465, "5": 0.6988973706530959, "6": 0.6314432989690721, "7": 0.0, "8": 0.4625652930934417},
  "recall": 0.615257048092869,
  "scene_recalls": {"1": 0.615257048092869},
  "targets_count": 9045,
  "tp_count": 5565
}