{
  "gt_count": 10279,
  "mean_obj_recall": 0.6021051456505933,
  "mean_scene_recall": 0.665118850193477,
  "obj_recalls": {"1": 0.9044117647058824, "2": 0.9824922760041195, "3": 0.6445066480055983, "4": 0.4088560885608856, "5": 0.720949957591179, "6": 0.6460481099656358, "7": 0.0, "8": 0.5095763203714452},
  "recall": 0.665118850193477,
  "scene_recalls": {"1": 0.665118850193477},
  "targets_count": 9045,
  "tp_count": 6016
}