{
  "gt_count": 10279,
  "mean_obj_recall": 0.45066125191446876,
  "mean_scene_recall": 0.48877833056937536,
  "obj_recalls": {"1": 0.7589869281045751, "2": 0.8022657054582905, "3": 0.3736878936319104, "4": 0.2059040590405904, "5": 0.5241730279898219, "6": 0.6048109965635738, "7": 0.0, "8": 0.3354614045269878},
  "recall": 0.48877833056937536,
  "scene_recalls": {"1": 0.48877833056937536},
  "targets_count": 9045,
  "tp_count": 4421
}