{
  "gt_count": 10279,
  "mean_obj_recall": 0.5033182393202245,
  "mean_scene_recall": 0.5502487562189055,
  "obj_recalls": {"1": 0.8496732026143791, "2": 0.8300720906282183, "3": 0.48495451364590625, "4": 0.222140221402214, "5": 0.6259541984732825, "6": 0.6219931271477663, "7": 0.0, "8": 0.391758560650029},
  "recall": 0.5502487562189055,
  "scene_recalls": {"1": 0.5502487562189055},
  "targets_count": 9045,
  "tp_count": 4977
}