{
  "gt_count": 10292,
  "mean_obj_recall": 0.6335081092171527,
  "mean_scene_recall": 0.6123202487368831,
  "obj_recalls": {"1": 0.8888888888888888, "2": 0.9227600411946447, "3": 0.5780265920223933, "4": 0.2944649446494465, "5": 0.6988973706530959, "6": 0.6314432989690721, "7": 0.591018444266239, "8": 0.4625652930934417},
  "recall": 0.6123202487368831,
  "scene_recalls": {"1": 0.6123202487368831},
  "targets_count": 10292,
  "tp_count": 6302
}