{
  "gt_count": 10279,
  "mean_obj_recall": 0.6285592968507553,
  "mean_scene_recall": 0.6978441127694859,
  "obj_recalls": {"1": 0.9093137254901961, "2": 0.9866117404737385, "3": 0.6675997200839748, "4": 0.5439114391143911, "5": 0.726039016115352, "6": 0.6529209621993127, "7": 0.0, "8": 0.5420777713290772},
  "recall": 0.6978441127694859,
  "scene_recalls": {"1": 0.6978441127694859},
  "targets_count": 9045,
  "tp_count": 6312
}