{
  "gt_count": 10292,
  "mean_obj_recall": 0.6048732378563666,
  "mean_scene_recall": 0.583948698017878,
  "obj_recalls": {"1": 0.8684640522875817, "2": 0.8640576725025747, "3": 0.5612316305108468, "4": 0.24501845018450186, "5": 0.6751484308736218, "6": 0.6305841924398625, "7": 0.566158781074579, "8": 0.4283226929773651},
  "recall": 0.583948698017878,
  "scene_recalls": {"1": 0.583948698017878},
  "targets_count": 10292,
  "tp_count": 6010
}