{
  "gt_count": 10292,
  "mean_obj_recall": 0.029047296885948443,
  "mean_scene_recall": 0.027594247959580258,
  "obj_recalls": {"1": 0.14705882352941177, "2": 0.013388259526261586, "3": 0.018894331700489854, "4": 0.0007380073800738007, "5": 0.008481764206955046, "6": 0.019759450171821305, "7": 0.024057738572574178, "8": 0.0},
  "recall": 0.027594247959580258,
  "scene_recalls": {"1": 0.027594247959580258},
  "targets_count": 10292,
  "tp_count": 284
}