{
  "gt_count": 10292,
  "mean_obj_recall": 0.016738287598827166,
  "mean_scene_recall": 0.016129032258064516,
  "obj_recalls": {"1": 0.0923202614379085, "2": 0.004119464469618949, "3": 0.01609517144856543, "4": 0.0007380073800738007, "5": 0.0033927056827820186, "6": 0.006013745704467354, "7": 0.011226944667201283, "8": 0.0},
  "recall": 0.016129032258064516,
  "scene_recalls": {"1": 0.016129032258064516},
  "targets_count": 10292,
  "tp_count": 166
}