{
  "gt_count": 10292,
  "mean_obj_recall": 0.0033783139069534615,
  "mean_scene_recall": 0.003303536727555383,
  "obj_recalls": {"1": 0.0196078431372549, "2": 0.0, "3": 0.00489853044086774, "4": 0.0, "5": 0.0, "6": 0.001718213058419244, "7": 0.0008019246190858059, "8": 0.0},
  "recall": 0.003303536727555383,
  "scene_recalls": {"1": 0.003303536727555383},
  "targets_count": 10292,
  "tp_count": 34
}