{
  "gt_count": 10292,
  "mean_obj_recall": 0.04439599211715524,
  "mean_scene_recall": 0.04197434900893898,
  "obj_recalls": {"1": 0.21650326797385622, "2": 0.026776519052523172, "3": 0.02099370188943317, "4": 0.002952029520295203, "5": 0.017811704834605598, "6": 0.027491408934707903, "7": 0.0408981555733761, "8": 0.0017411491584445734},
  "recall": 0.04197434900893898,
  "scene_recalls": {"1": 0.04197434900893898},
  "targets_count": 10292,
  "tp_count": 432
}