{
  "gt_count": 10292,
  "mean_obj_recall": 0.04931834402525265,
  "mean_scene_recall": 0.046735328410415854,
  "obj_recalls": {"1": 0.22712418300653595, "2": 0.029866117404737384, "3": 0.023792862141357594, "4": 0.0051660516605166054, "5": 0.026293469041560644, "6": 0.030927835051546393, "7": 0.04731355252606255, "8": 0.004062681369704005},
  "recall": 0.046735328410415854,
  "scene_recalls": {"1": 0.046735328410415854},
  "targets_count": 10292,
  "tp_count": 481
}