{
  "gt_count": 10292,
  "mean_obj_recall": 0.008096784723240815,
  "mean_scene_recall": 0.00787019043917606,
  "obj_recalls": {"1": 0.04656862745098039, "2": 0.0, "3": 0.00979706088173548, "4": 0.0, "5": 0.0008481764206955047, "6": 0.005154639175257732, "7": 0.0024057738572574178, "8": 0.0},
  "recall": 0.00787019043917606,
  "scene_recalls": {"1": 0.00787019043917606},
  "targets_count": 10292,
  "tp_count": 81
}