{
  "gt_count": 10292,
  "mean_obj_recall": 0.047134472776585765,
  "mean_scene_recall": 0.044597745821997666,
  "obj_recalls": {"1": 0.22140522875816993, "2": 0.028836251287332648, "3": 0.02099370188943317, "4": 0.0036900369003690036, "5": 0.02374893977947413, "6": 0.029209621993127148, "7": 0.04570970328789094, "8": 0.003482298316889147},
  "recall": 0.044597745821997666,
  "scene_recalls": {"1": 0.044597745821997666},
  "targets_count": 10292,
  "tp_count": 459
}