{
  "gt_count": 10292,
  "mean_obj_recall": 0.04101641152904699,
  "mean_scene_recall": 0.0387679751263117,
  "obj_recalls": {"1": 0.2042483660130719, "2": 0.024716786817713696, "3": 0.01959412176347096, "4": 0.002214022140221402, "5": 0.011874469889737066, "6": 0.02663230240549828, "7": 0.03769045709703288, "8": 0.0011607661056297156},
  "recall": 0.0387679751263117,
  "scene_recalls": {"1": 0.0387679751263117},
  "targets_count": 10292,
  "tp_count": 399
}