{
  "gt_count": 10292,
  "mean_obj_recall": 0.03623799641715738,
  "mean_scene_recall": 0.034201321414691024,
  "obj_recalls": {"1": 0.18055555555555555, "2": 0.02265705458290422, "3": 0.018894331700489854, "4": 0.0014760147601476014, "5": 0.009329940627650551, "6": 0.02491408934707904, "7": 0.03207698476343224, "8": 0.0},
  "recall": 0.034201321414691024,
  "scene_recalls": {"1": 0.034201321414691024},
  "targets_count": 10292,
  "tp_count": 352
}