{
  "camera_matrix": [
    [
      1459.3889380610906,
      0.0,
      954.691394115247
    ],
    [
      0.0,
      1454.4214900095028,
      535.1184063087003
    ],
    [
      0.0,
      0.0,
      1.0
    ]
  ],
  "distortion_coefficients": [
    [
      0.09668648408683915,
      -0.23222218453846194,
      -0.0006138641521862251,
      -0.0009708109126185855,
      0.23668024023691728
    ]
  ],
  "reprojection_error": 0.11816526221568911,
  "height": 1080,
  "width": 1920
}