{
  "gt_count": 10279,
  "mean_obj_recall": 0.6308246361134378,
  "mean_scene_recall": 0.6974018794914317,
  "obj_recalls": {"1": 0.9501633986928104, "2": 0.8661174047373842, "3": 0.5283414975507348, "4": 0.7084870848708487, "5": 0.818490245971162, "6": 0.7164948453608248, "7": 0.0, "8": 0.4585026117237377},
  "recall": 0.6974018794914317,
  "scene_recalls": {"1": 0.6974018794914317},
  "targets_count": 9045,
  "tp_count": 6308
}