{
  "gt_count": 10279,
  "mean_obj_recall": 0.5906738607484809,
  "mean_scene_recall": 0.6515201768933112,
  "obj_recalls": {"1": 0.9370915032679739, "2": 0.8135942327497425, "3": 0.47585724282715186, "4": 0.6937269372693727, "5": 0.7319762510602206, "6": 0.6726804123711341, "7": 0.0, "8": 0.4004643064422519},
  "recall": 0.6515201768933112,
  "scene_recalls": {"1": 0.6515201768933112},
  "targets_count": 9045,
  "tp_count": 5893
}