{
  "gt_count": 10279,
  "mean_obj_recall": 0.3025492198902643,
  "mean_scene_recall": 0.3286898839137645,
  "obj_recalls": {"1": 0.6993464052287581, "2": 0.4212152420185376, "3": 0.26941917424772566, "4": 0.42140221402214023, "5": 0.17048346055979643, "6": 0.36597938144329895, "7": 0.0, "8": 0.07254788160185723},
  "recall": 0.3286898839137645,
  "scene_recalls": {"1": 0.3286898839137645},
  "targets_count": 9045,
  "tp_count": 2973
}