{
  "gt_count": 10279,
  "mean_obj_recall": 0.11932403051702117,
  "mean_scene_recall": 0.1281370923161968,
  "obj_recalls": {"1": 0.3341503267973856, "2": 0.17507723995880536, "3": 0.1371588523442967, "4": 0.12103321033210332, "5": 0.033927056827820185, "6": 0.15034364261168384, "7": 0.0, "8": 0.002901915264074289},
  "recall": 0.1281370923161968,
  "scene_recalls": {"1": 0.1281370923161968},
  "targets_count": 9045,
  "tp_count": 1159
}