{
  "gt_count": 10279,
  "mean_obj_recall": 0.5354203388395496,
  "mean_scene_recall": 0.5899391929242676,
  "obj_recalls": {"1": 0.9272875816993464, "2": 0.737384140061792, "3": 0.4366689993002099, "4": 0.6760147601476014, "5": 0.5368956743002544, "6": 0.6400343642611683, "7": 0.0, "8": 0.3290771909460244},
  "recall": 0.5899391929242676,
  "scene_recalls": {"1": 0.5899391929242676},
  "targets_count": 9045,
  "tp_count": 5336
}