{
  "gt_count": 10279,
  "mean_obj_recall": 0.3963106781251296,
  "mean_scene_recall": 0.43228302929795465,
  "obj_recalls": {"1": 0.8243464052287581, "2": 0.568486096807415, "3": 0.3289013296011197, "4": 0.5660516605166052, "5": 0.2502120441051739, "6": 0.4879725085910653, "7": 0.0, "8": 0.1445153801508996},
  "recall": 0.43228302929795465,
  "scene_recalls": {"1": 0.43228302929795465},
  "targets_count": 9045,
  "tp_count": 3910
}