{
  "gt_count": 10279,
  "mean_obj_recall": 0.006427664607760485,
  "mean_scene_recall": 0.006965174129353234,
  "obj_recalls": {"1": 0.04411764705882353, "2": 0.0010298661174047373, "3": 0.002099370188943317, "4": 0.0007380073800738007, "5": 0.0, "6": 0.003436426116838488, "7": 0.0, "8": 0.0},
  "recall": 0.006965174129353234,
  "scene_recalls": {"1": 0.006965174129353234},
  "targets_count": 9045,
  "tp_count": 63
}