{
  "gt_count": 10279,
  "mean_obj_recall": 0.04108895306392328,
  "mean_scene_recall": 0.044886677722498616,
  "obj_recalls": {"1": 0.1830065359477124, "2": 0.018537590113285273, "3": 0.02939118264520644, "4": 0.042804428044280446, "5": 0.0008481764206955047, "6": 0.05412371134020619, "7": 0.0, "8": 0.0},
  "recall": 0.044886677722498616,
  "scene_recalls": {"1": 0.044886677722498616},
  "targets_count": 9045,
  "tp_count": 406
}