{
  "gt_count": 10292,
  "mean_obj_recall": 0.14561824119607678,
  "mean_scene_recall": 0.1343762145355616,
  "obj_recalls": {"1": 0.39624183006535946, "2": 0.31513903192584963, "3": 0.08257522743177047, "4": 0.1070110701107011, "5": 0.08142493638676845, "6": 0.03865979381443299, "7": 0.12590216519647154, "8": 0.017991874637260593},
  "recall": 0.1343762145355616,
  "scene_recalls": {"1": 0.1343762145355616},
  "targets_count": 10292,
  "tp_count": 1383
}