{
  "gt_count": 10292,
  "mean_obj_recall": 0.10393112690237755,
  "mean_scene_recall": 0.09512242518460941,
  "obj_recalls": {"1": 0.3276143790849673, "2": 0.25437693099897013, "3": 0.06298110566829951, "4": 0.08856088560885608, "5": 0.015267175572519083, "6": 0.024054982817869417, "7": 0.0545308740978348, "8": 0.004062681369704005},
  "recall": 0.09512242518460941,
  "scene_recalls": {"1": 0.09512242518460941},
  "targets_count": 10292,
  "tp_count": 979
}