{
  "gt_count": 10292,
  "mean_obj_recall": 0.08109588954231708,
  "mean_scene_recall": 0.07423241352506801,
  "obj_recalls": {"1": 0.26633986928104575, "2": 0.19670442842430483, "3": 0.052484254723582924, "4": 0.06863468634686347, "5": 0.01102629346904156, "6": 0.019759450171821305, "7": 0.03207698476343224, "8": 0.0017411491584445734},
  "recall": 0.07423241352506801,
  "scene_recalls": {"1": 0.07423241352506801},
  "targets_count": 10292,
  "tp_count": 764
}