{
  "gt_count": 10292,
  "mean_obj_recall": 0.05398940181281667,
  "mean_scene_recall": 0.04965021375825884,
  "obj_recalls": {"1": 0.20751633986928106, "2": 0.12049433573635428, "3": 0.04688593421973408, "4": 0.028782287822878228, "5": 0.005089058524173028, "6": 0.013745704467353952, "7": 0.008821170809943865, "8": 0.0005803830528148578},
  "recall": 0.04965021375825884,
  "scene_recalls": {"1": 0.04965021375825884},
  "targets_count": 10292,
  "tp_count": 511
}