{
  "gt_count": 10292,
  "mean_obj_recall": 0.12478272175830973,
  "mean_scene_recall": 0.11465215701515741,
  "obj_recalls": {"1": 0.3700980392156863, "2": 0.29042224510813597, "3": 0.07697690692792163, "4": 0.09667896678966789, "5": 0.032230703986429174, "6": 0.030927835051546393, "7": 0.09222133119486768, "8": 0.008705745792222866},
  "recall": 0.11465215701515741,
  "scene_recalls": {"1": 0.11465215701515741},
  "targets_count": 10292,
  "tp_count": 1180
}