{
  "gt_count": 10292,
  "mean_obj_recall": 0.16152236397630215,
  "mean_scene_recall": 0.14933929265448892,
  "obj_recalls": {"1": 0.4027777777777778, "2": 0.33779608650875387, "3": 0.08887333799860042, "4": 0.10922509225092251, "5": 0.13486005089058525, "6": 0.04381443298969072, "7": 0.1475541299117883, "8": 0.027278003482298318},
  "recall": 0.14933929265448892,
  "scene_recalls": {"1": 0.14933929265448892},
  "targets_count": 10292,
  "tp_count": 1537
}