{
  "gt_count": 10292,
  "mean_obj_recall": 0.17029510285188756,
  "mean_scene_recall": 0.1577924601632336,
  "obj_recalls": {"1": 0.40522875816993464, "2": 0.3532440782698249, "3": 0.0986703988803359, "4": 0.11143911439114391, "5": 0.1458863443596268, "6": 0.05326460481099656, "7": 0.16038492381716118, "8": 0.03424260011607661},
  "recall": 0.1577924601632336,
  "scene_recalls": {"1": 0.1577924601632336},
  "targets_count": 10292,
  "tp_count": 1624
}