{
  "gt_count": 10292,
  "mean_obj_recall": 0.03495279223919103,
  "mean_scene_recall": 0.03245239020598523,
  "obj_recalls": {"1": 0.1642156862745098, "2": 0.061791967044284246, "3": 0.031490552834149754, "4": 0.01107011070110701, "5": 0.0, "6": 0.009450171821305841, "7": 0.0016038492381716118, "8": 0.0},
  "recall": 0.03245239020598523,
  "scene_recalls": {"1": 0.03245239020598523},
  "targets_count": 10292,
  "tp_count": 334
}