{
  "gt_count": 10292,
  "mean_obj_recall": 0.019114218608991408,
  "mean_scene_recall": 0.017975126311698408,
  "obj_recalls": {"1": 0.1323529411764706, "2": 0.01132852729145211, "3": 0.004198740377886634, "4": 0.0007380073800738007, "5": 0.0, "6": 0.00429553264604811, "7": 0.0, "8": 0.0},
  "recall": 0.017975126311698408,
  "scene_recalls": {"1": 0.017975126311698408},
  "targets_count": 10292,
  "tp_count": 185
}