{
  "gt_count": 10292,
  "mean_obj_recall": 0.009418409192567413,
  "mean_scene_recall": 0.009133307423241352,
  "obj_recalls": {"1": 0.04738562091503268, "2": 0.004119464469618949, "3": 0.01469559132260322, "4": 0.0007380073800738007, "5": 0.0008481764206955047, "6": 0.005154639175257732, "7": 0.0024057738572574178, "8": 0.0},
  "recall": 0.009133307423241352,
  "scene_recalls": {"1": 0.009133307423241352},
  "targets_count": 10292,
  "tp_count": 94
}