{
  "gt_count": 10292,
  "mean_obj_recall": 0.06043156698157439,
  "mean_scene_recall": 0.057326078507578704,
  "obj_recalls": {"1": 0.24836601307189543, "2": 0.037075180226570546, "3": 0.03358992302309307, "4": 0.011808118081180811, "5": 0.04749787955894826, "6": 0.0429553264604811, "7": 0.05693664795509222, "8": 0.00522344747533372},
  "recall": 0.057326078507578704,
  "scene_recalls": {"1": 0.057326078507578704},
  "targets_count": 10292,
  "tp_count": 590
}