{
  "gt_count": 10292,
  "mean_obj_recall": 0.049489459131039346,
  "mean_scene_recall": 0.046929654100272056,
  "obj_recalls": {"1": 0.22549019607843138, "2": 0.035015447991761074, "3": 0.03079076277116865, "4": 0.011808118081180811, "5": 0.017811704834605598, "6": 0.028350515463917526, "7": 0.04490777866880513, "8": 0.0017411491584445734},
  "recall": 0.046929654100272056,
  "scene_recalls": {"1": 0.046929654100272056},
  "targets_count": 10292,
  "tp_count": 483
}