{
  "gt_count": 10292,
  "mean_obj_recall": 0.05835217399386583,
  "mean_scene_recall": 0.05538282160901671,
  "obj_recalls": {"1": 0.2434640522875817, "2": 0.037075180226570546, "3": 0.03358992302309307, "4": 0.011808118081180811, "5": 0.04240882103477523, "6": 0.03951890034364261, "7": 0.053728949478749, "8": 0.00522344747533372},
  "recall": 0.05538282160901671,
  "scene_recalls": {"1": 0.05538282160901671},
  "targets_count": 10292,
  "tp_count": 570
}