{
  "gt_count": 10292,
  "mean_obj_recall": 0.05435022643575338,
  "mean_scene_recall": 0.05159347065682083,
  "obj_recalls": {"1": 0.2369281045751634, "2": 0.03604531410916581, "3": 0.031490552834149754, "4": 0.011808118081180811, "5": 0.033927056827820185, "6": 0.03264604810996564, "7": 0.04731355252606255, "8": 0.0046430644225188625},
  "recall": 0.05159347065682083,
  "scene_recalls": {"1": 0.05159347065682083},
  "targets_count": 10292,
  "tp_count": 531
}