{
  "gt_count": 10292,
  "mean_obj_recall": 0.03397455149987294,
  "mean_scene_recall": 0.03225806451612903,
  "obj_recalls": {"1": 0.16013071895424835, "2": 0.02265705458290422, "3": 0.02729181245626312, "4": 0.0036900369003690036, "5": 0.008481764206955046, "6": 0.02147766323024055, "7": 0.028067361668003207, "8": 0.0},
  "recall": 0.03225806451612903,
  "scene_recalls": {"1": 0.03225806451612903},
  "targets_count": 10292,
  "tp_count": 332
}