{
  "gt_count": 10292,
  "mean_obj_recall": 0.044236279944735224,
  "mean_scene_recall": 0.041877186164010885,
  "obj_recalls": {"1": 0.20588235294117646, "2": 0.032955715756951595, "3": 0.028691392582225334, "4": 0.00959409594095941, "5": 0.01272264631043257, "6": 0.02577319587628866, "7": 0.03769045709703288, "8": 0.0005803830528148578},
  "recall": 0.041877186164010885,
  "scene_recalls": {"1": 0.041877186164010885},
  "targets_count": 10292,
  "tp_count": 431
}