{
  "gt_count": 10292,
  "mean_obj_recall": 0.02062063153829233,
  "mean_scene_recall": 0.0197240575204042,
  "obj_recalls": {"1": 0.09558823529411764, "2": 0.016477857878475798, "3": 0.02589223233030091, "4": 0.002214022140221402, "5": 0.005089058524173028, "6": 0.006872852233676976, "7": 0.012830793905372895, "8": 0.0},
  "recall": 0.0197240575204042,
  "scene_recalls": {"1": 0.0197240575204042},
  "targets_count": 10292,
  "tp_count": 203
}