{
  "gt_count": 10292,
  "mean_obj_recall": 0.0627542286991095,
  "mean_scene_recall": 0.058200544111931596,
  "obj_recalls": {"1": 0.25735294117647056, "2": 0.11328527291452112, "3": 0.05038488453463961, "4": 0.024354243542435424, "5": 0.009329940627650551, "6": 0.018900343642611683, "7": 0.0272654370489174, "8": 0.0011607661056297156},
  "recall": 0.058200544111931596,
  "scene_recalls": {"1": 0.058200544111931596},
  "targets_count": 10292,
  "tp_count": 599
}