{
  "gt_count": 10292,
  "mean_obj_recall": 0.03080141132532773,
  "mean_scene_recall": 0.028954527788573648,
  "obj_recalls": {"1": 0.16258169934640523, "2": 0.03913491246138002, "3": 0.031490552834149754, "4": 0.002952029520295203, "5": 0.0, "6": 0.009450171821305841, "7": 0.0008019246190858059, "8": 0.0},
  "recall": 0.028954527788573648,
  "scene_recalls": {"1": 0.028954527788573648},
  "targets_count": 10292,
  "tp_count": 298
}