{
  "gt_count": 10292,
  "mean_obj_recall": 0.11573271450104153,
  "mean_scene_recall": 0.10814224640497473,
  "obj_recalls": {"1": 0.39215686274509803, "2": 0.1822863027806385, "3": 0.0622813156053184, "4": 0.06420664206642067, "5": 0.06785411365564037, "6": 0.03350515463917526, "7": 0.1090617481956696, "8": 0.014509576320371444},
  "recall": 0.10814224640497473,
  "scene_recalls": {"1": 0.10814224640497473},
  "targets_count": 10292,
  "tp_count": 1113
}