{
  "gt_count": 10292,
  "mean_obj_recall": 0.04499475221412597,
  "mean_scene_recall": 0.04197434900893898,
  "obj_recalls": {"1": 0.20669934640522875, "2": 0.07415036045314109, "3": 0.04618614415675298, "4": 0.008856088560885609, "5": 0.004240882103477523, "6": 0.012027491408934709, "7": 0.007217321571772253, "8": 0.0005803830528148578},
  "recall": 0.04197434900893898,
  "scene_recalls": {"1": 0.04197434900893898},
  "targets_count": 10292,
  "tp_count": 432
}