{
  "gt_count": 10292,
  "mean_obj_recall": 0.09871442379859051,
  "mean_scene_recall": 0.09181888845705402,
  "obj_recalls": {"1": 0.36356209150326796, "2": 0.17198764160659114, "3": 0.05808257522743177, "4": 0.05682656826568266, "5": 0.02374893977947413, "6": 0.028350515463917526, "7": 0.08019246190858059, "8": 0.006964596633778294},
  "recall": 0.09181888845705402,
  "scene_recalls": {"1": 0.09181888845705402},
  "targets_count": 10292,
  "tp_count": 945
}