{
  "gt_count": 10292,
  "mean_obj_recall": 0.1293663307200199,
  "mean_scene_recall": 0.12125923047026817,
  "obj_recalls": {"1": 0.39950980392156865, "2": 0.19361483007209063, "3": 0.07207837648705388, "4": 0.06937269372693727, "5": 0.1111111111111111, "6": 0.03865979381443299, "7": 0.12910986367281477, "8": 0.021474172954149738},
  "recall": 0.12125923047026817,
  "scene_recalls": {"1": 0.12125923047026817},
  "targets_count": 10292,
  "tp_count": 1248
}