{
  "gt_count": 10292,
  "mean_obj_recall": 0.1357531376570565,
  "mean_scene_recall": 0.12757481539059465,
  "obj_recalls": {"1": 0.40441176470588236, "2": 0.20494335736354274, "3": 0.08187543736878937, "4": 0.07232472324723248, "5": 0.12213740458015267, "6": 0.040378006872852236, "7": 0.13151563753007217, "8": 0.028438769587928032},
  "recall": 0.12757481539059465,
  "scene_recalls": {"1": 0.12757481539059465},
  "targets_count": 10292,
  "tp_count": 1313
}