{
  "gt_count": 10292,
  "mean_obj_recall": 0.08026338531043137,
  "mean_scene_recall": 0.0745239020598523,
  "obj_recalls": {"1": 0.3235294117647059, "2": 0.14212152420185376, "3": 0.05318404478656403, "4": 0.037638376383763834, "5": 0.01272264631043257, "6": 0.022336769759450172, "7": 0.046511627906976744, "8": 0.004062681369704005},
  "recall": 0.0745239020598523,
  "scene_recalls": {"1": 0.0745239020598523},
  "targets_count": 10292,
  "tp_count": 767
}