{
  "gt_count": 10292,
  "mean_obj_recall": 0.021241830065359478,
  "mean_scene_recall": 0.020209871745044693,
  "obj_recalls": {"1": 0.16993464052287582, "2": 0.0, "3": 0.0, "4": 0.0, "5": 0.0, "6": 0.0, "7": 0.0, "8": 0.0},
  "recall": 0.020209871745044693,
  "scene_recalls": {"1": 0.020209871745044693},
  "targets_count": 10292,
  "tp_count": 208
}