{
  "gt_count": 10292,
  "mean_obj_recall": 0.02849264705882353,
  "mean_scene_recall": 0.02710843373493976,
  "obj_recalls": {"1": 0.22794117647058823, "2": 0.0, "3": 0.0, "4": 0.0, "5": 0.0, "6": 0.0, "7": 0.0, "8": 0.0},
  "recall": 0.02710843373493976,
  "scene_recalls": {"1": 0.02710843373493976},
  "targets_count": 10292,
  "tp_count": 279
}