{
  "gt_count": 10292,
  "mean_obj_recall": 0.0001746720646083932,
  "mean_scene_recall": 0.000194325689856199,
  "obj_recalls": {"1": 0.0008169934640522876, "2": 0.0, "3": 0.0, "4": 0.0, "5": 0.0, "6": 0.0, "7": 0.0, "8": 0.0005803830528148578},
  "recall": 0.000194325689856199,
  "scene_recalls": {"1": 0.000194325689856199},
  "targets_count": 10292,
  "tp_count": 2
}