{
  "gt_count": 10292,
  "mean_obj_recall": 0.060866013071895424,
  "mean_scene_recall": 0.057909055577147296,
  "obj_recalls": {"1": 0.4869281045751634, "2": 0.0, "3": 0.0, "4": 0.0, "5": 0.0, "6": 0.0, "7": 0.0, "8": 0.0},
  "recall": 0.057909055577147296,
  "scene_recalls": {"1": 0.057909055577147296},
  "targets_count": 10292,
  "tp_count": 596
}