{
  "gt_count": 10292,
  "mean_obj_recall": 0.0010593807753388259,
  "mean_scene_recall": 0.0010687912942090945,
  "obj_recalls": {"1": 0.0008169934640522876, "2": 0.0020597322348094747, "3": 0.005598320503848845, "4": 0.0, "5": 0.0, "6": 0.0, "7": 0.0, "8": 0.0},
  "recall": 0.0010687912942090945,
  "scene_recalls": {"1": 0.0010687912942090945},
  "targets_count": 10292,
  "tp_count": 11
}