{
  "gt_count": 10292,
  "mean_obj_recall": 0.057904411764705885,
  "mean_scene_recall": 0.05509133307423241,
  "obj_recalls": {"1": 0.4632352941176471, "2": 0.0, "3": 0.0, "4": 0.0, "5": 0.0, "6": 0.0, "7": 0.0, "8": 0.0},
  "recall": 0.05509133307423241,
  "scene_recalls": {"1": 0.05509133307423241},
  "targets_count": 10292,
  "tp_count": 567
}