{
  "gt_count": 10292,
  "mean_obj_recall": 0.0519812091503268,
  "mean_scene_recall": 0.04945588806840264,
  "obj_recalls": {"1": 0.4158496732026144, "2": 0.0, "3": 0.0, "4": 0.0, "5": 0.0, "6": 0.0, "7": 0.0, "8": 0.0},
  "recall": 0.04945588806840264,
  "scene_recalls": {"1": 0.04945588806840264},
  "targets_count": 10292,
  "tp_count": 509
}