{
  "gt_count": 10292,
  "mean_obj_recall": 0.06433823529411764,
  "mean_scene_recall": 0.06121259230470268,
  "obj_recalls": {"1": 0.5147058823529411, "2": 0.0, "3": 0.0, "4": 0.0, "5": 0.0, "6": 0.0, "7": 0.0, "8": 0.0},
  "recall": 0.06121259230470268,
  "scene_recalls": {"1": 0.06121259230470268},
  "targets_count": 10292,
  "tp_count": 630
}