{
  "gt_count": 10292,
  "mean_obj_recall": 0.04728349673202614,
  "mean_scene_recall": 0.04498639720171006,
  "obj_recalls": {"1": 0.37826797385620914, "2": 0.0, "3": 0.0, "4": 0.0, "5": 0.0, "6": 0.0, "7": 0.0, "8": 0.0},
  "recall": 0.04498639720171006,
  "scene_recalls": {"1": 0.04498639720171006},
  "targets_count": 10292,
  "tp_count": 463
}