{
  "gt_count": 10292,
  "mean_obj_recall": 0.0392156862745098,
  "mean_scene_recall": 0.03731053245239021,
  "obj_recalls": {"1": 0.3137254901960784, "2": 0.0, "3": 0.0, "4": 0.0, "5": 0.0, "6": 0.0, "7": 0.0, "8": 0.0},
  "recall": 0.03731053245239021,
  "scene_recalls": {"1": 0.03731053245239021},
  "targets_count": 10292,
  "tp_count": 384
}