{
  "gt_count": 10292,
  "mean_obj_recall": 0.10212882811230309,
  "mean_scene_recall": 0.09444228527011271,
  "obj_recalls": {"1": 0.2785947712418301, "2": 0.223480947476828, "3": 0.072778166550035, "4": 0.05608856088560885, "5": 0.1102629346904156, "6": 0.03264604810996564, "7": 0.01764234161988773, "8": 0.025536854323853744},
  "recall": 0.09444228527011271,
  "scene_recalls": {"1": 0.09444228527011271},
  "targets_count": 10292,
  "tp_count": 972
}