{
  "gt_count": 10292,
  "mean_obj_recall": 0.0728295518123595,
  "mean_scene_recall": 0.06849980567431015,
  "obj_recalls": {"1": 0.24754901960784315, "2": 0.11225540679711637, "3": 0.053883834849545134, "4": 0.037638376383763834, "5": 0.07718405428329092, "6": 0.02147766323024055, "7": 0.015236567762630313, "8": 0.017411491584445733},
  "recall": 0.06849980567431015,
  "scene_recalls": {"1": 0.06849980567431015},
  "targets_count": 10292,
  "tp_count": 705
}