{
  "gt_count": 10292,
  "mean_obj_recall": 0.08582557536469809,
  "mean_scene_recall": 0.07986785853089778,
  "obj_recalls": {"1": 0.2638888888888889, "2": 0.16168898043254376, "3": 0.0615815255423373, "4": 0.04797047970479705, "5": 0.090754877014419, "6": 0.027491408934707903, "7": 0.015236567762630313, "8": 0.017991874637260593},
  "recall": 0.07986785853089778,
  "scene_recalls": {"1": 0.07986785853089778},
  "targets_count": 10292,
  "tp_count": 822
}