{
  "gt_count": 10292,
  "mean_obj_recall": 0.01845100904130332,
  "mean_scene_recall": 0.017586474931986007,
  "obj_recalls": {"1": 0.08660130718954248, "2": 0.016477857878475798, "3": 0.007697690692792162, "4": 0.002214022140221402, "5": 0.018659881255301103, "6": 0.002577319587628866, "7": 0.006415396952686447, "8": 0.006964596633778294},
  "recall": 0.017586474931986007,
  "scene_recalls": {"1": 0.017586474931986007},
  "targets_count": 10292,
  "tp_count": 181
}