{
  "gt_count": 10292,
  "mean_obj_recall": 0.10826722332309754,
  "mean_scene_recall": 0.10066070734551108,
  "obj_recalls": {"1": 0.2834967320261438, "2": 0.23377960865087538, "3": 0.07837648705388384, "4": 0.06051660516605166, "5": 0.11620016963528414, "6": 0.03350515463917526, "7": 0.024859663191659984, "8": 0.035403366221706326},
  "recall": 0.10066070734551108,
  "scene_recalls": {"1": 0.10066070734551108},
  "targets_count": 10292,
  "tp_count": 1036
}