{
  "gt_count": 10292,
  "mean_obj_recall": 0.0933586823467745,
  "mean_scene_recall": 0.08666925767586475,
  "obj_recalls": {"1": 0.2704248366013072, "2": 0.18640576725025745, "3": 0.06857942617214835, "4": 0.05239852398523985, "5": 0.10178117048346055, "6": 0.030927835051546393, "7": 0.01603849238171612, "8": 0.020313406848520024},
  "recall": 0.08666925767586475,
  "scene_recalls": {"1": 0.08666925767586475},
  "targets_count": 10292,
  "tp_count": 892
}