{
  "gt_count": 10292,
  "mean_obj_recall": 0.09763881361897958,
  "mean_scene_recall": 0.09036144578313253,
  "obj_recalls": {"1": 0.272875816993464, "2": 0.2070030895983522, "3": 0.06997900629811056, "4": 0.055350553505535055, "5": 0.10602205258693809, "6": 0.03178694158075601, "7": 0.01603849238171612, "8": 0.022054556006964595},
  "recall": 0.09036144578313253,
  "scene_recalls": {"1": 0.09036144578313253},
  "targets_count": 10292,
  "tp_count": 930
}