{
  "gt_count": 10292,
  "mean_obj_recall": 0.1100217271206533,
  "mean_scene_recall": 0.10240963855421686,
  "obj_recalls": {"1": 0.28431372549019607, "2": 0.23789907312049433, "3": 0.07977606717984605, "4": 0.06199261992619926, "5": 0.11620016963528414, "6": 0.0352233676975945, "7": 0.026463512429831595, "8": 0.038305281485780614},
  "recall": 0.10240963855421686,
  "scene_recalls": {"1": 0.10240963855421686},
  "targets_count": 10292,
  "tp_count": 1054
}