{
  "gt_count": 10292,
  "mean_obj_recall": 0.05122072393807328,
  "mean_scene_recall": 0.04867858530897785,
  "obj_recalls": {"1": 0.20506535947712418, "2": 0.05973223480947477, "3": 0.0370888733379986, "4": 0.01918819188191882, "5": 0.04749787955894826, "6": 0.012027491408934709, "7": 0.015236567762630313, "8": 0.013929193267556587},
  "recall": 0.04867858530897785,
  "scene_recalls": {"1": 0.04867858530897785},
  "targets_count": 10292,
  "tp_count": 501
}