{
  "gt_count": 10292,
  "mean_obj_recall": 0.10600723285870017,
  "mean_scene_recall": 0.09832879906723668,
  "obj_recalls": {"1": 0.27941176470588236, "2": 0.23171987641606592, "3": 0.07837648705388384, "4": 0.05977859778597786, "5": 0.11365564037319763, "6": 0.03350515463917526, "7": 0.020850040096230954, "8": 0.030760301799187463},
  "recall": 0.09832879906723668,
  "scene_recalls": {"1": 0.09832879906723668},
  "targets_count": 10292,
  "tp_count": 1012
}