{
  "gt_count": 10279,
  "mean_obj_recall": 0.35544630582979453,
  "mean_scene_recall": 0.39248203427307904,
  "obj_recalls": {"1": 0.6723856209150327, "2": 0.46446961894953653, "3": 0.21273617914625612, "4": 0.38302583025830256, "5": 0.40458015267175573, "6": 0.43127147766323026, "7": 0.0, "8": 0.2751015670342426},
  "recall": 0.39248203427307904,
  "scene_recalls": {"1": 0.39248203427307904},
  "targets_count": 9045,
  "tp_count": 3550
}