{
  "gt_count": 10279,
  "mean_obj_recall": 0.16860955801902297,
  "mean_scene_recall": 0.18363736871199557,
  "obj_recalls": {"1": 0.5220588235294118, "2": 0.17610710607621008, "3": 0.1357592722183345, "4": 0.2051660516605166, "5": 0.10262934690415607, "6": 0.17697594501718214, "7": 0.0, "8": 0.030179918746372606},
  "recall": 0.18363736871199557,
  "scene_recalls": {"1": 0.18363736871199557},
  "targets_count": 9045,
  "tp_count": 1661
}