{
  "gt_count": 10292,
  "mean_obj_recall": 0.13035090243678374,
  "mean_scene_recall": 0.12475709288767975,
  "obj_recalls": {"1": 0.4027777777777778, "2": 0.12976313079299692, "3": 0.12666200139958012, "4": 0.13726937269372694, "5": 0.033927056827820185, "6": 0.11941580756013746, "7": 0.08660785886126704, "8": 0.006384213580963436},
  "recall": 0.12475709288767975,
  "scene_recalls": {"1": 0.12475709288767975},
  "targets_count": 10292,
  "tp_count": 1284
}