{
  "gt_count": 10292,
  "mean_obj_recall": 0.030096791940891494,
  "mean_scene_recall": 0.028177225029148854,
  "obj_recalls": {"1": 0.1323529411764706, "2": 0.03810504634397528, "3": 0.01609517144856543, "4": 0.022878228782287822, "5": 0.0033927056827820186, "6": 0.022336769759450172, "7": 0.0056134723336006415, "8": 0.0},
  "recall": 0.028177225029148854,
  "scene_recalls": {"1": 0.028177225029148854},
  "targets_count": 10292,
  "tp_count": 290
}