{
  "gt_count": 10292,
  "mean_obj_recall": 0.2589982104855524,
  "mean_scene_recall": 0.2484453944811504,
  "obj_recalls": {"1": 0.5849673202614379, "2": 0.2554067971163749, "3": 0.1469559132260322, "4": 0.2649446494464945, "5": 0.18744698897370654, "6": 0.26718213058419243, "7": 0.28789093825180434, "8": 0.0771909460243761},
  "recall": 0.2484453944811504,
  "scene_recalls": {"1": 0.2484453944811504},
  "targets_count": 10292,
  "tp_count": 2557
}