{
  "gt_count": 10279,
  "mean_obj_recall": 0.39015559643770525,
  "mean_scene_recall": 0.43139856274184635,
  "obj_recalls": {"1": 0.6895424836601307, "2": 0.5211122554067971, "3": 0.2358292512246326, "4": 0.4059040590405904, "5": 0.4893977947413062, "6": 0.45618556701030927, "7": 0.0, "8": 0.3232733604178758},
  "recall": 0.43139856274184635,
  "scene_recalls": {"1": 0.43139856274184635},
  "targets_count": 9045,
  "tp_count": 3902
}