{
  "gt_count": 10279,
  "mean_obj_recall": 0.22301184320407683,
  "mean_scene_recall": 0.24300718629076837,
  "obj_recalls": {"1": 0.5849673202614379, "2": 0.2554067971163749, "3": 0.1469559132260322, "4": 0.2649446494464945, "5": 0.18744698897370654, "6": 0.26718213058419243, "7": 0.0, "8": 0.0771909460243761},
  "recall": 0.24300718629076837,
  "scene_recalls": {"1": 0.24300718629076837},
  "targets_count": 9045,
  "tp_count": 2198
}