{
  "gt_count": 10279,
  "mean_obj_recall": 0.31206688309612396,
  "mean_scene_recall": 0.34461028192371473,
  "obj_recalls": {"1": 0.6503267973856209, "2": 0.3748712667353244, "3": 0.19034289713086075, "4": 0.34981549815498153, "5": 0.3197625106022053, "6": 0.39261168384879724, "7": 0.0, "8": 0.2188044109112014},
  "recall": 0.34461028192371473,
  "scene_recalls": {"1": 0.34461028192371473},
  "targets_count": 9045,
  "tp_count": 3117
}