{
  "gt_count": 10292,
  "mean_obj_recall": 0.07419927967869831,
  "mean_scene_recall": 0.07024873688301593,
  "obj_recalls": {"1": 0.26062091503267976, "2": 0.10092687950566426, "3": 0.08047585724282715, "4": 0.06273062730627306, "5": 0.010178117048346057, "6": 0.059278350515463915, "7": 0.01764234161988773, "8": 0.0017411491584445734},
  "recall": 0.07024873688301593,
  "scene_recalls": {"1": 0.07024873688301593},
  "targets_count": 10292,
  "tp_count": 723
}