{
  "gt_count": 10279,
  "mean_obj_recall": 0.07199398697621234,
  "mean_scene_recall": 0.07750138197899392,
  "obj_recalls": {"1": 0.26062091503267976, "2": 0.10092687950566426, "3": 0.08047585724282715, "4": 0.06273062730627306, "5": 0.010178117048346057, "6": 0.059278350515463915, "7": 0.0, "8": 0.0017411491584445734},
  "recall": 0.07750138197899392,
  "scene_recalls": {"1": 0.07750138197899392},
  "targets_count": 9045,
  "tp_count": 701
}