{
  "gt_count": 10279,
  "mean_obj_recall": 0.029395107899191416,
  "mean_scene_recall": 0.03128800442233278,
  "obj_recalls": {"1": 0.1323529411764706, "2": 0.03810504634397528, "3": 0.01609517144856543, "4": 0.022878228782287822, "5": 0.0033927056827820186, "6": 0.022336769759450172, "7": 0.0, "8": 0.0},
  "recall": 0.03128800442233278,
  "scene_recalls": {"1": 0.03128800442233278},
  "targets_count": 9045,
  "tp_count": 283
}