{
  "gt_count": 10279,
  "mean_obj_recall": 0.11952492007912535,
  "mean_scene_recall": 0.13001658374792704,
  "obj_recalls": {"1": 0.4027777777777778, "2": 0.12976313079299692, "3": 0.12666200139958012, "4": 0.13726937269372694, "5": 0.033927056827820185, "6": 0.11941580756013746, "7": 0.0, "8": 0.006384213580963436},
  "recall": 0.13001658374792704,
  "scene_recalls": {"1": 0.13001658374792704},
  "targets_count": 9045,
  "tp_count": 1176
}