{
  "gt_count": 10292,
  "mean_obj_recall": 0.4840541779199644,
  "mean_scene_recall": 0.4755149630781189,
  "obj_recalls": {"1": 0.8431372549019608, "2": 0.36560247167868176, "3": 0.36529041287613717, "4": 0.18302583025830257, "5": 0.5843935538592027, "6": 0.5403780068728522, "7": 0.6046511627906976, "8": 0.3859547301218804},
  "recall": 0.4755149630781189,
  "scene_recalls": {"1": 0.4755149630781189},
  "targets_count": 10292,
  "tp_count": 4894
}