{
  "gt_count": 10292,
  "mean_obj_recall": 0.5859196958215649,
  "mean_scene_recall": 0.5680139914496697,
  "obj_recalls": {"1": 0.8733660130718954, "2": 0.729145211122554, "3": 0.390482855143457, "4": 0.34022140221402214, "5": 0.6895674300254453, "6": 0.5798969072164949, "7": 0.644747393744988, "8": 0.4399303540336622},
  "recall": 0.5680139914496697,
  "scene_recalls": {"1": 0.5680139914496697},
  "targets_count": 10292,
  "tp_count": 5846
}