{
  "gt_count": 10292,
  "mean_obj_recall": 0.6252804178572688,
  "mean_scene_recall": 0.6062961523513408,
  "obj_recalls": {"1": 0.8848039215686274, "2": 0.8362512873326468, "3": 0.3981805458362491, "4": 0.40811808118081183, "5": 0.726039016115352, "6": 0.5893470790378007, "7": 0.6655974338412189, "8": 0.493905977945444},
  "recall": 0.6062961523513408,
  "scene_recalls": {"1": 0.6062961523513408},
  "targets_count": 10292,
  "tp_count": 6240
}