{
  "gt_count": 10292,
  "mean_obj_recall": 0.6074022319947523,
  "mean_scene_recall": 0.5883210260396424,
  "obj_recalls": {"1": 0.880718954248366, "2": 0.7971163748712667, "3": 0.3925822253324003, "4": 0.3756457564575646, "5": 0.7073791348600509, "6": 0.5850515463917526, "7": 0.6575781876503609, "8": 0.4631456761462565},
  "recall": 0.5883210260396424,
  "scene_recalls": {"1": 0.5883210260396424},
  "targets_count": 10292,
  "tp_count": 6055
}