{
  "gt_count": 10292,
  "mean_obj_recall": 0.4359995474863245,
  "mean_scene_recall": 0.42965410027205597,
  "obj_recalls": {"1": 0.8333333333333334, "2": 0.2554067971163749, "3": 0.3365990202939118, "4": 0.12398523985239852, "5": 0.5055131467345207, "6": 0.5223367697594502, "7": 0.5637530072173216, "8": 0.347069065583285},
  "recall": 0.42965410027205597,
  "scene_recalls": {"1": 0.42965410027205597},
  "targets_count": 10292,
  "tp_count": 4422
}