{
  "gt_count": 10292,
  "mean_obj_recall": 0.5567777381681968,
  "mean_scene_recall": 0.5419743490089389,
  "obj_recalls": {"1": 0.869281045751634, "2": 0.6035015447991761, "3": 0.3834849545136459, "4": 0.2966789667896679, "5": 0.6675148430873622, "6": 0.5713058419243986, "7": 0.6399358460304732, "8": 0.4225188624492165},
  "recall": 0.5419743490089389,
  "scene_recalls": {"1": 0.5419743490089389},
  "targets_count": 10292,
  "tp_count": 5578
}