{
  "gt_count": 10292,
  "mean_obj_recall": 0.5183016331013198,
  "mean_scene_recall": 0.5072872133696075,
  "obj_recalls": {"1": 0.8562091503267973, "2": 0.466529351184346, "3": 0.37578726382085376, "4": 0.23690036900369005, "5": 0.6310432569974554, "6": 0.552405498281787, "7": 0.6206896551724138, "8": 0.4068485200232153},
  "recall": 0.5072872133696075,
  "scene_recalls": {"1": 0.5072872133696075},
  "targets_count": 10292,
  "tp_count": 5221
}