{
  "gt_count": 10292,
  "mean_obj_recall": 0.46400081981553953,
  "mean_scene_recall": 0.45365332296929656,
  "obj_recalls": {"1": 0.6895424836601307, "2": 0.40679711637487126, "3": 0.28481455563331, "4": 0.3756457564575646, "5": 0.6437659033078881, "6": 0.41924398625429554, "7": 0.5677626303127506, "8": 0.3244341265235055},
  "recall": 0.45365332296929656,
  "scene_recalls": {"1": 0.45365332296929656},
  "targets_count": 10292,
  "tp_count": 4669
}