{
  "gt_count": 10292,
  "mean_obj_recall": 0.33114944126741713,
  "mean_scene_recall": 0.3225806451612903,
  "obj_recalls": {"1": 0.6209150326797386, "2": 0.2399588053553038, "3": 0.23862841147655703, "4": 0.3239852398523985, "5": 0.29431721798134014, "6": 0.3642611683848797, "7": 0.42261427425821974, "8": 0.1445153801508996},
  "recall": 0.3225806451612903,
  "scene_recalls": {"1": 0.3225806451612903},
  "targets_count": 10292,
  "tp_count": 3320
}