{
  "gt_count": 10292,
  "mean_obj_recall": 0.3843584709210328,
  "mean_scene_recall": 0.37495141857753594,
  "obj_recalls": {"1": 0.6584967320261438, "2": 0.2955715756951596, "3": 0.2498250524842547, "4": 0.34833948339483395, "5": 0.43765903307888043, "6": 0.3951890034364261, "7": 0.47794707297514033, "8": 0.2118398142774231},
  "recall": 0.37495141857753594,
  "scene_recalls": {"1": 0.37495141857753594},
  "targets_count": 10292,
  "tp_count": 3859
}