{
  "gt_count": 10292,
  "mean_obj_recall": 0.0011943057401898258,
  "mean_scene_recall": 0.001165954139137194,
  "obj_recalls": {"1": 0.007352941176470588, "2": 0.0, "3": 0.0013995801259622112, "4": 0.0, "5": 0.0, "6": 0.0, "7": 0.0008019246190858059, "8": 0.0},
  "recall": 0.001165954139137194,
  "scene_recalls": {"1": 0.001165954139137194},
  "targets_count": 10292,
  "tp_count": 12
}