{
  "gt_count": 10292,
  "mean_obj_recall": 0.432228236212412,
  "mean_scene_recall": 0.4224640497473766,
  "obj_recalls": {"1": 0.6797385620915033, "2": 0.3635427394438723, "3": 0.2624212736179146, "4": 0.36236162361623614, "5": 0.5657336726039016, "6": 0.40893470790378006, "7": 0.5260625501202887, "8": 0.2890307603017992},
  "recall": 0.4224640497473766,
  "scene_recalls": {"1": 0.4224640497473766},
  "targets_count": 10292,
  "tp_count": 4348
}