{
  "gt_count": 10292,
  "mean_obj_recall": 0.2149937920809246,
  "mean_scene_recall": 0.20744267392149243,
  "obj_recalls": {"1": 0.48856209150326796, "2": 0.15859938208032956, "3": 0.1994401679496151, "4": 0.23690036900369005, "5": 0.14927905004240882, "6": 0.24140893470790378, "7": 0.21732157177225342, "8": 0.028438769587928032},
  "recall": 0.20744267392149243,
  "scene_recalls": {"1": 0.20744267392149243},
  "targets_count": 10292,
  "tp_count": 2135
}