{
  "gt_count": 10292,
  "mean_obj_recall": 0.0692326459787379,
  "mean_scene_recall": 0.06723668869024485,
  "obj_recalls": {"1": 0.20915032679738563, "2": 0.04737384140061792, "3": 0.08957312806158152, "4": 0.07749077490774908, "5": 0.015267175572519083, "6": 0.07646048109965636, "7": 0.034482758620689655, "8": 0.004062681369704005},
  "recall": 0.06723668869024485,
  "scene_recalls": {"1": 0.06723668869024485},
  "targets_count": 10292,
  "tp_count": 692
}