{
  "gt_count": 10292,
  "mean_obj_recall": 0.20016132432691514,
  "mean_scene_recall": 0.18985619898950643,
  "obj_recalls": {"1": 0.553921568627451, "2": 0.17713697219361482, "3": 0.0, "4": 0.18302583025830257, "5": 0.18999151823579305, "6": 0.281786941580756, "7": 0.14113873295910184, "8": 0.0742890307603018},
  "recall": 0.18985619898950643,
  "scene_recalls": {"1": 0.18985619898950643},
  "targets_count": 10292,
  "tp_count": 1954
}