{
  "gt_count": 10292,
  "mean_obj_recall": 0.012908714441534056,
  "mean_scene_recall": 0.012242518460940537,
  "obj_recalls": {"1": 0.0857843137254902, "2": 0.0010298661174047373, "3": 0.0, "4": 0.004428044280442804, "5": 0.0, "6": 0.012027491408934709, "7": 0.0, "8": 0.0},
  "recall": 0.012242518460940537,
  "scene_recalls": {"1": 0.012242518460940537},
  "targets_count": 10292,
  "tp_count": 126
}