{
  "gt_count": 10292,
  "mean_obj_recall": 0.3869370332097547,
  "mean_scene_recall": 0.37446560435289544,
  "obj_recalls": {"1": 0.7001633986928104, "2": 0.388259526261586, "3": 0.004198740377886634, "4": 0.24501845018450186, "5": 0.636980491942324, "6": 0.43470790378006874, "7": 0.33039294306335204, "8": 0.3557748113755078},
  "recall": 0.37446560435289544,
  "scene_recalls": {"1": 0.37446560435289544},
  "targets_count": 10292,
  "tp_count": 3854
}