{
  "gt_count": 10292,
  "mean_obj_recall": 0.027408562969305578,
  "mean_scene_recall": 0.02565099106101827,
  "obj_recalls": {"1": 0.11519607843137254, "2": 0.029866117404737384, "3": 0.0, "4": 0.02952029520295203, "5": 0.004240882103477523, "6": 0.020618556701030927, "7": 0.019246190858059342, "8": 0.0005803830528148578},
  "recall": 0.02565099106101827,
  "scene_recalls": {"1": 0.02565099106101827},
  "targets_count": 10292,
  "tp_count": 264
}