{
  "gt_count": 10292,
  "mean_obj_recall": 0.017739405371913368,
  "mean_scene_recall": 0.016614846482705014,
  "obj_recalls": {"1": 0.08415032679738563, "2": 0.017507723995880537, "3": 0.0, "4": 0.017712177121771217, "5": 0.0016963528413910093, "6": 0.012027491408934709, "7": 0.008821170809943865, "8": 0.0},
  "recall": 0.016614846482705014,
  "scene_recalls": {"1": 0.016614846482705014},
  "targets_count": 10292,
  "tp_count": 171
}