{
  "gt_count": 10292,
  "mean_obj_recall": 0.0603061912875367,
  "mean_scene_recall": 0.057034589972794404,
  "obj_recalls": {"1": 0.20506535947712418, "2": 0.06282183316168898, "3": 0.0013995801259622112, "4": 0.053136531365313655, "5": 0.029686174724342665, "6": 0.048109965635738834, "7": 0.06655974338412189, "8": 0.01567034242600116},
  "recall": 0.057034589972794404,
  "scene_recalls": {"1": 0.057034589972794404},
  "targets_count": 10292,
  "tp_count": 587
}