{
  "gt_count": 10292,
  "mean_obj_recall": 0.04721347168047288,
  "mean_scene_recall": 0.04450058297706957,
  "obj_recalls": {"1": 0.17892156862745098, "2": 0.04737384140061792, "3": 0.0006997900629811056, "4": 0.047232472324723246, "5": 0.011874469889737066, "6": 0.03608247422680412, "7": 0.04971932638331997, "8": 0.005803830528148578},
  "recall": 0.04450058297706957,
  "scene_recalls": {"1": 0.04450058297706957},
  "targets_count": 10292,
  "tp_count": 458
}