{
  "gt_count": 10292,
  "mean_obj_recall": 0.06458023821186451,
  "mean_scene_recall": 0.06121259230470268,
  "obj_recalls": {"1": 0.20669934640522875, "2": 0.0690010298661174, "3": 0.0027991602519244225, "4": 0.05461254612546126, "5": 0.037319762510602206, "6": 0.048109965635738834, "7": 0.07778668805132317, "8": 0.020313406848520024},
  "recall": 0.06121259230470268,
  "scene_recalls": {"1": 0.06121259230470268},
  "targets_count": 10292,
  "tp_count": 630
}