{
  "gt_count": 10292,
  "mean_obj_recall": 0.03729906775759946,
  "mean_scene_recall": 0.03497862417411582,
  "obj_recalls": {"1": 0.14215686274509803, "2": 0.0411946446961895, "3": 0.0, "4": 0.04206642066420664, "5": 0.005937234944868533, "6": 0.029209621993127148, "7": 0.03608660785886127, "8": 0.0017411491584445734},
  "recall": 0.03497862417411582,
  "scene_recalls": {"1": 0.03497862417411582},
  "targets_count": 10292,
  "tp_count": 360
}