{
  "gt_count": 10292,
  "mean_obj_recall": 0.05524836804203602,
  "mean_scene_recall": 0.05217644772638943,
  "obj_recalls": {"1": 0.19852941176470587, "2": 0.05664263645726056, "3": 0.0006997900629811056, "4": 0.05239852398523985, "5": 0.02205258693808312, "6": 0.04209621993127148, "7": 0.05854049719326383, "8": 0.011027278003482298},
  "recall": 0.05217644772638943,
  "scene_recalls": {"1": 0.05217644772638943},
  "targets_count": 10292,
  "tp_count": 537
}