{
  "gt_count": 10292,
  "mean_obj_recall": 0.042483660130718956,
  "mean_scene_recall": 0.04041974349008939,
  "obj_recalls": {"1": 0.33986928104575165, "2": 0.0, "3": 0.0, "4": 0.0, "5": 0.0, "6": 0.0, "7": 0.0, "8": 0.0},
  "recall": 0.04041974349008939,
  "scene_recalls": {"1": 0.04041974349008939},
  "targets_count": 10292,
  "tp_count": 416
}