{
  "gt_count": 10292,
  "mean_obj_recall": 0.07649101307189543,
  "mean_scene_recall": 0.07277497085114652,
  "obj_recalls": {"1": 0.6119281045751634, "2": 0.0, "3": 0.0, "4": 0.0, "5": 0.0, "6": 0.0, "7": 0.0, "8": 0.0},
  "recall": 0.07277497085114652,
  "scene_recalls": {"1": 0.07277497085114652},
  "targets_count": 10292,
  "tp_count": 749
}