{
  "gt_count": 10292,
  "mean_obj_recall": 0.06413398692810457,
  "mean_scene_recall": 0.06101826661484648,
  "obj_recalls": {"1": 0.5130718954248366, "2": 0.0, "3": 0.0, "4": 0.0, "5": 0.0, "6": 0.0, "7": 0.0, "8": 0.0},
  "recall": 0.06101826661484648,
  "scene_recalls": {"1": 0.06101826661484648},
  "targets_count": 10292,
  "tp_count": 628
}