{
  "gt_count": 10292,
  "mean_obj_recall": 0.040175919891039254,
  "mean_scene_recall": 0.039836766420520794,
  "obj_recalls": {"1": 0.0, "2": 0.1709577754891864, "3": 0.05178446466060182, "4": 0.0, "5": 0.0, "6": 0.0, "7": 0.0, "8": 0.09866511897852583},
  "recall": 0.039836766420520794,
  "scene_recalls": {"1": 0.039836766420520794},
  "targets_count": 10292,
  "tp_count": 410
}