{
  "gt_count": 10292,
  "mean_obj_recall": 0.08690767973856209,
  "mean_scene_recall": 0.08268558103381267,
  "obj_recalls": {"1": 0.6952614379084967, "2": 0.0, "3": 0.0, "4": 0.0, "5": 0.0, "6": 0.0, "7": 0.0, "8": 0.0},
  "recall": 0.08268558103381267,
  "scene_recalls": {"1": 0.08268558103381267},
  "targets_count": 10292,
  "tp_count": 851
}