{
  "gt_count": 10292,
  "mean_obj_recall": 0.06598987766548074,
  "mean_scene_recall": 0.06597357170617955,
  "obj_recalls": {"1": 0.0, "2": 0.266735324407827, "3": 0.09727081875437368, "4": 0.0, "5": 0.0008481764206955047, "6": 0.001718213058419244, "7": 0.0, "8": 0.16134648868253046},
  "recall": 0.06597357170617955,
  "scene_recalls": {"1": 0.06597357170617955},
  "targets_count": 10292,
  "tp_count": 679
}