{
  "gt_count": 10292,
  "mean_obj_recall": 0.021255947225579892,
  "mean_scene_recall": 0.020598523124757094,
  "obj_recalls": {"1": 0.0, "2": 0.101956745623069, "3": 0.01469559132260322, "4": 0.0, "5": 0.0, "6": 0.0, "7": 0.0, "8": 0.053395240858966915},
  "recall": 0.020598523124757094,
  "scene_recalls": {"1": 0.020598523124757094},
  "targets_count": 10292,
  "tp_count": 212
}