{
  "gt_count": 10292,
  "mean_obj_recall": 0.00951569273714856,
  "mean_scene_recall": 0.00961912164788185,
  "obj_recalls": {"1": 0.0, "2": 0.042224510813594233, "3": 0.0013995801259622112, "4": 0.0, "5": 0.0, "6": 0.0, "7": 0.0, "8": 0.03250145095763204},
  "recall": 0.00961912164788185,
  "scene_recalls": {"1": 0.00961912164788185},
  "targets_count": 10292,
  "tp_count": 99
}