{
  "gt_count": 10292,
  "mean_obj_recall": 0.09068627450980392,
  "mean_scene_recall": 0.08628060629615235,
  "obj_recalls": {"1": 0.7254901960784313, "2": 0.0, "3": 0.0, "4": 0.0, "5": 0.0, "6": 0.0, "7": 0.0, "8": 0.0},
  "recall": 0.08628060629615235,
  "scene_recalls": {"1": 0.08628060629615235},
  "targets_count": 10292,
  "tp_count": 888
}