{
  "gt_count": 10292,
  "mean_obj_recall": 0.07975898692810457,
  "mean_scene_recall": 0.0758841818888457,
  "obj_recalls": {"1": 0.6380718954248366, "2": 0.0, "3": 0.0, "4": 0.0, "5": 0.0, "6": 0.0, "7": 0.0, "8": 0.0},
  "recall": 0.0758841818888457,
  "scene_recalls": {"1": 0.0758841818888457},
  "targets_count": 10292,
  "tp_count": 781
}