{
  "gt_count": 10292,
  "mean_obj_recall": 0.08282271241830065,
  "mean_scene_recall": 0.0787990672366887,
  "obj_recalls": {"1": 0.6625816993464052, "2": 0.0, "3": 0.0, "4": 0.0, "5": 0.0, "6": 0.0, "7": 0.0, "8": 0.0},
  "recall": 0.0787990672366887,
  "scene_recalls": {"1": 0.0787990672366887},
  "targets_count": 10292,
  "tp_count": 811
}