{
  "gt_count": 10292,
  "mean_obj_recall": 0.0701593137254902,
  "mean_scene_recall": 0.06675087446560435,
  "obj_recalls": {"1": 0.5612745098039216, "2": 0.0, "3": 0.0, "4": 0.0, "5": 0.0, "6": 0.0, "7": 0.0, "8": 0.0},
  "recall": 0.06675087446560435,
  "scene_recalls": {"1": 0.06675087446560435},
  "targets_count": 10292,
  "tp_count": 687
}