{
  "gt_count": 10292,
  "mean_obj_recall": 0.13270369064475335,
  "mean_scene_recall": 0.133793237465993,
  "obj_recalls": {"1": 0.0032679738562091504, "2": 0.4727085478887745, "3": 0.22113365990202938, "4": 0.0, "5": 0.008481764206955046, "6": 0.04553264604810996, "7": 0.0, "8": 0.3105049332559489},
  "recall": 0.133793237465993,
  "scene_recalls": {"1": 0.133793237465993},
  "targets_count": 10292,
  "tp_count": 1377
}