{
  "gt_count": 10279,
  "mean_obj_recall": 0.011643854736286492,
  "mean_scene_recall": 0.01271420674405749,
  "obj_recalls": {"1": 0.049019607843137254, "2": 0.008238928939237899, "3": 0.012596221133659902, "4": 0.00959409594095941, "5": 0.0033927056827820186, "6": 0.010309278350515464, "7": 0.0, "8": 0.0},
  "recall": 0.01271420674405749,
  "scene_recalls": {"1": 0.01271420674405749},
  "targets_count": 9045,
  "tp_count": 115
}