{
  "gt_count": 10292,
  "mean_obj_recall": 0.34801769347189015,
  "mean_scene_recall": 0.3401671200932763,
  "obj_recalls": {"1": 0.5923202614379085, "2": 0.32028836251287335, "3": 0.13016095171448566, "4": 0.10848708487084871, "5": 0.6030534351145038, "6": 0.2190721649484536, "7": 0.48516439454691257, "8": 0.3255948926291352},
  "recall": 0.3401671200932763,
  "scene_recalls": {"1": 0.3401671200932763},
  "targets_count": 10292,
  "tp_count": 3501
}