{
  "gt_count": 10279,
  "mean_obj_recall": 0.3085558894535778,
  "mean_scene_recall": 0.3449419568822554,
  "obj_recalls": {"1": 0.6078431372549019, "2": 0.35015447991761073, "3": 0.14345696291112667, "4": 0.1121771217712177, "5": 0.6522476675148431, "6": 0.22938144329896906, "7": 0.0, "8": 0.3731863029599536},
  "recall": 0.3449419568822554,
  "scene_recalls": {"1": 0.3449419568822554},
  "targets_count": 9045,
  "tp_count": 3120
}