{
  "gt_count": 10279,
  "mean_obj_recall": 0.13127104232066292,
  "mean_scene_recall": 0.14074074074074075,
  "obj_recalls": {"1": 0.434640522875817, "2": 0.16683831101956745, "3": 0.09727081875437368, "4": 0.05608856088560885, "5": 0.1594571670907549, "6": 0.10395189003436427, "7": 0.0, "8": 0.03192106790481718},
  "recall": 0.14074074074074075,
  "scene_recalls": {"1": 0.14074074074074075},
  "targets_count": 9045,
  "tp_count": 1273
}