{
  "gt_count": 10279,
  "mean_obj_recall": 0.08492052027139378,
  "mean_scene_recall": 0.09242675511332228,
  "obj_recalls": {"1": 0.29411764705882354, "2": 0.06797116374871266, "3": 0.09237228831350595, "4": 0.04944649446494465, "5": 0.10517387616624257, "6": 0.06099656357388316, "7": 0.0, "8": 0.009286128845037725},
  "recall": 0.09242675511332228,
  "scene_recalls": {"1": 0.09242675511332228},
  "targets_count": 9045,
  "tp_count": 836
}