{
  "gt_count": 10279,
  "mean_obj_recall": 0.2873721441535261,
  "mean_scene_recall": 0.3201768933112217,
  "obj_recalls": {"1": 0.5923202614379085, "2": 0.32028836251287335, "3": 0.13016095171448566, "4": 0.10848708487084871, "5": 0.6030534351145038, "6": 0.2190721649484536, "7": 0.0, "8": 0.3255948926291352},
  "recall": 0.3201768933112217,
  "scene_recalls": {"1": 0.3201768933112217},
  "targets_count": 9045,
  "tp_count": 2896
}