{
  "gt_count": 10279,
  "mean_obj_recall": 0.16700319853543094,
  "mean_scene_recall": 0.1798783858485351,
  "obj_recalls": {"1": 0.5040849673202614, "2": 0.23377960865087538, "3": 0.10076976906927922, "4": 0.06789667896678966, "5": 0.2179813401187447, "6": 0.1331615120274914, "7": 0.0, "8": 0.0783517121300058},
  "recall": 0.1798783858485351,
  "scene_recalls": {"1": 0.1798783858485351},
  "targets_count": 9045,
  "tp_count": 1627
}