{
  "gt_count": 10292,
  "mean_obj_recall": 0.37361202417691386,
  "mean_scene_recall": 0.36620676253400697,
  "obj_recalls": {"1": 0.6078431372549019, "2": 0.35015447991761073, "3": 0.14345696291112667, "4": 0.1121771217712177, "5": 0.6522476675148431, "6": 0.22938144329896906, "7": 0.520449077786688, "8": 0.3731863029599536},
  "recall": 0.36620676253400697,
  "scene_recalls": {"1": 0.36620676253400697},
  "targets_count": 10292,
  "tp_count": 3769
}