{
  "gt_count": 10292,
  "mean_obj_recall": 0.053431578457897935,
  "mean_scene_recall": 0.051399144966964634,
  "obj_recalls": {"1": 0.16993464052287582, "2": 0.032955715756951595, "3": 0.0622813156053184, "4": 0.028044280442804426, "5": 0.041560644614079725, "6": 0.030927835051546393, "7": 0.061748195669607056, "8": 0.0},
  "recall": 0.051399144966964634,
  "scene_recalls": {"1": 0.051399144966964634},
  "targets_count": 10292,
  "tp_count": 529
}