{
  "gt_count": 10292,
  "mean_obj_recall": 0.20750039179926416,
  "mean_scene_recall": 0.19733773804897006,
  "obj_recalls": {"1": 0.5040849673202614, "2": 0.23377960865087538, "3": 0.10076976906927922, "4": 0.06789667896678966, "5": 0.2179813401187447, "6": 0.1331615120274914, "7": 0.3239775461106656, "8": 0.0783517121300058},
  "recall": 0.19733773804897006,
  "scene_recalls": {"1": 0.19733773804897006},
  "targets_count": 10292,
  "tp_count": 2031
}