{
  "gt_count": 10279,
  "mean_obj_recall": 0.04571305399919705,
  "mean_scene_recall": 0.04997236042012161,
  "obj_recalls": {"1": 0.16993464052287582, "2": 0.032955715756951595, "3": 0.0622813156053184, "4": 0.028044280442804426, "5": 0.041560644614079725, "6": 0.030927835051546393, "7": 0.0, "8": 0.0},
  "recall": 0.04997236042012161,
  "scene_recalls": {"1": 0.04997236042012161},
  "targets_count": 9045,
  "tp_count": 452
}