{
  "gt_count": 10279,
  "mean_obj_recall": 0.2104955954916996,
  "mean_scene_recall": 0.23062465450525152,
  "obj_recalls": {"1": 0.5571895424836601, "2": 0.2646755921730175, "3": 0.10426871938418475, "4": 0.08265682656826569, "5": 0.33587786259541985, "6": 0.16924398625429554, "7": 0.0, "8": 0.17005223447475334},
  "recall": 0.23062465450525152,
  "scene_recalls": {"1": 0.23062465450525152},
  "targets_count": 9045,
  "tp_count": 2086
}