{
  "gt_count": 10292,
  "mean_obj_recall": 0.016054440141258425,
  "mean_scene_recall": 0.015448892343567819,
  "obj_recalls": {"1": 0.049019607843137254, "2": 0.008238928939237899, "3": 0.012596221133659902, "4": 0.00959409594095941, "5": 0.0033927056827820186, "6": 0.010309278350515464, "7": 0.03528468323977546, "8": 0.0},
  "recall": 0.015448892343567819,
  "scene_recalls": {"1": 0.015448892343567819},
  "targets_count": 10292,
  "tp_count": 159
}