{
  "gt_count": 10279,
  "mean_obj_recall": 0.12029369295511366,
  "mean_scene_recall": 0.12238805970149254,
  "obj_recalls": {"1": 0.0727124183006536, "2": 0.553038105046344, "3": 0.3365990202939118, "4": 0.0, "5": 0.0, "6": 0.0, "7": 0.0, "8": 0.0},
  "recall": 0.12238805970149254,
  "scene_recalls": {"1": 0.12238805970149254},
  "targets_count": 9045,
  "tp_count": 1107
}