{
  "gt_count": 10279,
  "mean_obj_recall": 0.21612271023912671,
  "mean_scene_recall": 0.2273079049198452,
  "obj_recalls": {"1": 0.1715686274509804, "2": 0.7868177136972193, "3": 0.6969909027291813, "4": 0.0, "5": 0.0, "6": 0.07302405498281787, "7": 0.0, "8": 0.0005803830528148578},
  "recall": 0.2273079049198452,
  "scene_recalls": {"1": 0.2273079049198452},
  "targets_count": 9045,
  "tp_count": 2056
}