{
  "gt_count": 10279,
  "mean_obj_recall": 0.2524725286044425,
  "mean_scene_recall": 0.2672194582642344,
  "obj_recalls": {"1": 0.20833333333333334, "2": 0.8084449021627188, "3": 0.7893631910426872, "4": 0.0, "5": 0.0, "6": 0.21305841924398625, "7": 0.0, "8": 0.0005803830528148578},
  "recall": 0.2672194582642344,
  "scene_recalls": {"1": 0.2672194582642344},
  "targets_count": 9045,
  "tp_count": 2417
}