{
  "gt_count": 10279,
  "mean_obj_recall": 0.013693742031870355,
  "mean_scene_recall": 0.016473189607517966,
  "obj_recalls": {"1": 0.0, "2": 0.016477857878475798, "3": 0.09307207837648705, "4": 0.0, "5": 0.0, "6": 0.0, "7": 0.0, "8": 0.0},
  "recall": 0.016473189607517966,
  "scene_recalls": {"1": 0.016473189607517966},
  "targets_count": 9045,
  "tp_count": 149
}