{
  "gt_count": 10292,
  "mean_obj_recall": 0.04061403797580258,
  "mean_scene_recall": 0.038962300816167895,
  "obj_recalls": {"1": 0.17483660130718953, "2": 0.0411946446961895, "3": 0.06088173547935619, "4": 0.010332103321033211, "5": 0.0016963528413910093, "6": 0.010309278350515464, "7": 0.02566158781074579, "8": 0.0},
  "recall": 0.038962300816167895,
  "scene_recalls": {"1": 0.038962300816167895},
  "targets_count": 10292,
  "tp_count": 401
}