{
  "gt_count": 10292,
  "mean_obj_recall": 0.08675691889824699,
  "mean_scene_recall": 0.08356004663816556,
  "obj_recalls": {"1": 0.33251633986928103, "2": 0.09062821833161688, "3": 0.086074177746676, "4": 0.06568265682656826, "5": 0.013570822731128074, "6": 0.018900343642611683, "7": 0.07217321571772253, "8": 0.014509576320371444},
  "recall": 0.08356004663816556,
  "scene_recalls": {"1": 0.08356004663816556},
  "targets_count": 10292,
  "tp_count": 860
}