{
  "gt_count": 10292,
  "mean_obj_recall": 0.09942258936982902,
  "mean_scene_recall": 0.09560823940924991,
  "obj_recalls": {"1": 0.37663398692810457, "2": 0.10710607621009269, "3": 0.09027291812456263, "4": 0.07749077490774908, "5": 0.02374893977947413, "6": 0.019759450171821305, "7": 0.0817963111467522, "8": 0.01857225769007545},
  "recall": 0.09560823940924991,
  "scene_recalls": {"1": 0.09560823940924991},
  "targets_count": 10292,
  "tp_count": 984
}