{
  "gt_count": 10292,
  "mean_obj_recall": 0.057289945796855105,
  "mean_scene_recall": 0.054897007384376216,
  "obj_recalls": {"1": 0.2295751633986928, "2": 0.06282183316168898, "3": 0.07837648705388384, "4": 0.02214022140221402, "5": 0.0016963528413910093, "6": 0.012027491408934709, "7": 0.05052125100240577, "8": 0.0011607661056297156},
  "recall": 0.054897007384376216,
  "scene_recalls": {"1": 0.054897007384376216},
  "targets_count": 10292,
  "tp_count": 565
}