{
  "gt_count": 10292,
  "mean_obj_recall": 0.022627904856093548,
  "mean_scene_recall": 0.021667314418966188,
  "obj_recalls": {"1": 0.1388888888888889, "2": 0.007209062821833162, "3": 0.01469559132260322, "4": 0.0051660516605166054, "5": 0.0, "6": 0.009450171821305841, "7": 0.0056134723336006415, "8": 0.0},
  "recall": 0.021667314418966188,
  "scene_recalls": {"1": 0.021667314418966188},
  "targets_count": 10292,
  "tp_count": 223
}