{
  "gt_count": 10292,
  "mean_obj_recall": 0.11089203135322476,
  "mean_scene_recall": 0.10658764088612514,
  "obj_recalls": {"1": 0.39869281045751637, "2": 0.12461380020597322, "3": 0.09447165850244926, "4": 0.08191881918819188, "5": 0.039016115351993216, "6": 0.02491408934707904, "7": 0.09623095429029671, "8": 0.027278003482298318},
  "recall": 0.10658764088612514,
  "scene_recalls": {"1": 0.10658764088612514},
  "targets_count": 10292,
  "tp_count": 1097
}