{
  "gt_count": 10292,
  "mean_obj_recall": 0.07375347076838137,
  "mean_scene_recall": 0.07083171395258453,
  "obj_recalls": {"1": 0.27941176470588236, "2": 0.08032955715756952, "3": 0.08327501749475158, "4": 0.05239852398523985, "5": 0.006785411365564037, "6": 0.015463917525773196, "7": 0.06655974338412189, "8": 0.005803830528148578},
  "recall": 0.07083171395258453,
  "scene_recalls": {"1": 0.07083171395258453},
  "targets_count": 10292,
  "tp_count": 729
}