{
  "gt_count": 10292,
  "mean_obj_recall": 0.13015265601458995,
  "mean_scene_recall": 0.12534006995724833,
  "obj_recalls": {"1": 0.4076797385620915, "2": 0.141091658084449, "3": 0.10846745976207138, "4": 0.09151291512915129, "5": 0.09923664122137404, "6": 0.03436426116838488, "7": 0.11708099438652766, "8": 0.04178757980266976},
  "recall": 0.12534006995724833,
  "scene_recalls": {"1": 0.12534006995724833},
  "targets_count": 10292,
  "tp_count": 1290
}