{
  "gt_count": 10292,
  "mean_obj_recall": 0.12338527287022531,
  "mean_scene_recall": 0.11863583365720948,
  "obj_recalls": {"1": 0.40522875816993464, "2": 0.13594232749742532, "3": 0.10356892932120364, "4": 0.08782287822878229, "5": 0.08142493638676845, "6": 0.029209621993127148, "7": 0.1090617481956696, "8": 0.034822983168891465},
  "recall": 0.11863583365720948,
  "scene_recalls": {"1": 0.11863583365720948},
  "targets_count": 10292,
  "tp_count": 1221
}