{
  "gt_count": 10279,
  "mean_obj_recall": 0.11434712040074449,
  "mean_scene_recall": 0.12625760088446655,
  "obj_recalls": {"1": 0.5065359477124183, "2": 0.01956745623069001, "3": 0.0, "4": 0.016974169741697416, "5": 0.08481764206955046, "6": 0.20446735395189003, "7": 0.0, "8": 0.0824143934997098},
  "recall": 0.12625760088446655,
  "scene_recalls": {"1": 0.12625760088446655},
  "targets_count": 9045,
  "tp_count": 1142
}