{
  "gt_count": 10279,
  "mean_obj_recall": 0.17383035758814497,
  "mean_scene_recall": 0.1946932006633499,
  "obj_recalls": {"1": 0.5686274509803921, "2": 0.05252317198764161, "3": 0.0, "4": 0.033210332103321034, "5": 0.26208651399491095, "6": 0.2809278350515464, "7": 0.0, "8": 0.19326755658734765},
  "recall": 0.1946932006633499,
  "scene_recalls": {"1": 0.1946932006633499},
  "targets_count": 9045,
  "tp_count": 1761
}