{
  "gt_count": 10292,
  "mean_obj_recall": 0.050195809471479204,
  "mean_scene_recall": 0.04731830547998445,
  "obj_recalls": {"1": 0.29330065359477125, "2": 0.005149330587023687, "3": 0.0, "4": 0.002214022140221402, "5": 0.013570822731128074, "6": 0.07903780068728522, "7": 0.0048115477145148355, "8": 0.003482298316889147},
  "recall": 0.04731830547998445,
  "scene_recalls": {"1": 0.04731830547998445},
  "targets_count": 10292,
  "tp_count": 487
}