{
  "gt_count": 10279,
  "mean_obj_recall": 0.15536976239125944,
  "mean_scene_recall": 0.1740187949143173,
  "obj_recalls": {"1": 0.5522875816993464, "2": 0.03913491246138002, "3": 0.0, "4": 0.028782287822878228, "5": 0.2001696352841391, "6": 0.25601374570446733, "7": 0.0, "8": 0.1665699361578642},
  "recall": 0.1740187949143173,
  "scene_recalls": {"1": 0.1740187949143173},
  "targets_count": 9045,
  "tp_count": 1574
}