{
  "gt_count": 10279,
  "mean_obj_recall": 0.1354755151425741,
  "mean_scene_recall": 0.15113322277501381,
  "obj_recalls": {"1": 0.5285947712418301, "2": 0.029866117404737384, "3": 0.0, "4": 0.024354243542435424, "5": 0.1450381679389313, "6": 0.2259450171821306, "7": 0.0, "8": 0.13000580383052815},
  "recall": 0.15113322277501381,
  "scene_recalls": {"1": 0.15113322277501381},
  "targets_count": 9045,
  "tp_count": 1367
}