{
  "gt_count": 10279,
  "mean_obj_recall": 0.010474572131258,
  "mean_scene_recall": 0.011276948590381426,
  "obj_recalls": {"1": 0.07434640522875817, "2": 0.0, "3": 0.0, "4": 0.0, "5": 0.0, "6": 0.009450171821305841, "7": 0.0, "8": 0.0},
  "recall": 0.011276948590381426,
  "scene_recalls": {"1": 0.011276948590381426},
  "targets_count": 9045,
  "tp_count": 102
}