{
  "gt_count": 10292,
  "mean_obj_recall": 0.07664453075514925,
  "mean_scene_recall": 0.07277497085114652,
  "obj_recalls": {"1": 0.4207516339869281, "2": 0.009268795056642637, "3": 0.0, "4": 0.010332103321033211, "5": 0.02374893977947413, "6": 0.1211340206185567, "7": 0.012830793905372895, "8": 0.015089959373186303},
  "recall": 0.07277497085114652,
  "scene_recalls": {"1": 0.07277497085114652},
  "targets_count": 10292,
  "tp_count": 749
}