{
  "gt_count": 10279,
  "mean_obj_recall": 0.09402713264544495,
  "mean_scene_recall": 0.10270867882808181,
  "obj_recalls": {"1": 0.46568627450980393, "2": 0.016477857878475798, "3": 0.0, "4": 0.014022140221402213, "5": 0.04495335029686175, "6": 0.16580756013745704, "7": 0.0, "8": 0.04526987811955891},
  "recall": 0.10270867882808181,
  "scene_recalls": {"1": 0.10270867882808181},
  "targets_count": 9045,
  "tp_count": 929
}