{
  "gt_count": 10279,
  "mean_obj_recall": 0.0273366434202547,
  "mean_scene_recall": 0.029297954671088998,
  "obj_recalls": {"1": 0.17401960784313725, "2": 0.0, "3": 0.0, "4": 0.0, "5": 0.0, "6": 0.044673539518900345, "7": 0.0, "8": 0.0},
  "recall": 0.029297954671088998,
  "scene_recalls": {"1": 0.029297954671088998},
  "targets_count": 9045,
  "tp_count": 265
}