{
  "gt_count": 10292,
  "mean_obj_recall": 0.01385664538595473,
  "mean_scene_recall": 0.018558103381267003,
  "obj_recalls": {"1": 0.0, "2": 0.0, "3": 0.0, "4": 0.0, "5": 0.0, "6": 0.0, "7": 0.0, "8": 0.11085316308763785},
  "recall": 0.018558103381267003,
  "scene_recalls": {"1": 0.018558103381267003},
  "targets_count": 10292,
  "tp_count": 191
}