{
  "gt_count": 10292,
  "mean_obj_recall": 7.254788160185723e-05,
  "mean_scene_recall": 9.71628449280995e-05,
  "obj_recalls": {"1": 0.0, "2": 0.0, "3": 0.0, "4": 0.0, "5": 0.0, "6": 0.0, "7": 0.0, "8": 0.0005803830528148578},
  "recall": 9.71628449280995e-05,
  "scene_recalls": {"1": 9.71628449280995e-05},
  "targets_count": 10292,
  "tp_count": 1
}