{
  "gt_count": 10292,
  "mean_obj_recall": 0.025174114915844457,
  "mean_scene_recall": 0.03371550719005052,
  "obj_recalls": {"1": 0.0, "2": 0.0, "3": 0.0, "4": 0.0, "5": 0.0, "6": 0.0, "7": 0.0, "8": 0.20139291932675565},
  "recall": 0.03371550719005052,
  "scene_recalls": {"1": 0.03371550719005052},
  "targets_count": 10292,
  "tp_count": 347
}