{
  "gt_count": 10292,
  "mean_obj_recall": 0.032715945906786045,
  "mean_scene_recall": 0.043626117372716676,
  "obj_recalls": {"1": 0.0008169934640522876, "2": 0.0020597322348094747, "3": 0.0, "4": 0.0, "5": 0.0, "6": 0.0, "7": 0.0, "8": 0.2588508415554266},
  "recall": 0.043626117372716676,
  "scene_recalls": {"1": 0.043626117372716676},
  "targets_count": 10292,
  "tp_count": 449
}