{
  "gt_count": 10292,
  "mean_obj_recall": 0.036482836210450925,
  "mean_scene_recall": 0.04858142246404975,
  "obj_recalls": {"1": 0.0008169934640522876, "2": 0.0020597322348094747, "3": 0.0, "4": 0.0, "5": 0.0016963528413910093, "6": 0.0, "7": 0.0, "8": 0.2872896111433546},
  "recall": 0.04858142246404975,
  "scene_recalls": {"1": 0.04858142246404975},
  "targets_count": 10292,
  "tp_count": 500
}