{
  "gt_count": 10292,
  "mean_obj_recall": 0.029365529550224055,
  "mean_scene_recall": 0.039253789350952195,
  "obj_recalls": {"1": 0.0, "2": 0.0010298661174047373, "3": 0.0, "4": 0.0, "5": 0.0, "6": 0.0, "7": 0.0, "8": 0.2338943702843877},
  "recall": 0.039253789350952195,
  "scene_recalls": {"1": 0.039253789350952195},
  "targets_count": 10292,
  "tp_count": 404
}