{
  "gt_count": 10292,
  "mean_obj_recall": 0.004062681369704005,
  "mean_scene_recall": 0.005441119315973571,
  "obj_recalls": {"1": 0.0, "2": 0.0, "3": 0.0, "4": 0.0, "5": 0.0, "6": 0.0, "7": 0.0, "8": 0.03250145095763204},
  "recall": 0.005441119315973571,
  "scene_recalls": {"1": 0.005441119315973571},
  "targets_count": 10292,
  "tp_count": 56
}