{
  "gt_count": 10292,
  "mean_obj_recall": 0.003111528212978904,
  "mean_scene_recall": 0.003303536727555383,
  "obj_recalls": {"1": 0.008169934640522876, "2": 0.004119464469618949, "3": 0.004198740377886634, "4": 0.0, "5": 0.0, "6": 0.000859106529209622, "7": 0.0, "8": 0.0075449796865931515},
  "recall": 0.003303536727555383,
  "scene_recalls": {"1": 0.003303536727555383},
  "targets_count": 10292,
  "tp_count": 34
}