{
  "gt_count": 10292,
  "mean_obj_recall": 0.0011196945492686415,
  "mean_scene_recall": 0.001165954139137194,
  "obj_recalls": {"1": 0.0032679738562091504, "2": 0.0010298661174047373, "3": 0.0034989503149055285, "4": 0.0, "5": 0.0, "6": 0.0, "7": 0.0, "8": 0.0011607661056297156},
  "recall": 0.001165954139137194,
  "scene_recalls": {"1": 0.001165954139137194},
  "targets_count": 10292,
  "tp_count": 12
}