{
  "gt_count": 10279,
  "mean_obj_recall": 0.1792132085202789,
  "mean_scene_recall": 0.19778883360972913,
  "obj_recalls": {"1": 0.6127450980392157, "2": 0.10298661174047374, "3": 0.20153953813855843, "4": 0.06273062730627306, "5": 0.10347752332485156, "6": 0.2852233676975945, "7": 0.0, "8": 0.06500290191526407},
  "recall": 0.19778883360972913,
  "scene_recalls": {"1": 0.19778883360972913},
  "targets_count": 9045,
  "tp_count": 1789
}