{
  "gt_count": 10279,
  "mean_obj_recall": 0.33377966318281727,
  "mean_scene_recall": 0.37512437810945276,
  "obj_recalls": {"1": 0.8643790849673203, "2": 0.184346035015448, "3": 0.2638208537438768, "4": 0.15719557195571957, "5": 0.3621713316369805, "6": 0.5463917525773195, "7": 0.0, "8": 0.2919326755658735},
  "recall": 0.37512437810945276,
  "scene_recalls": {"1": 0.37512437810945276},
  "targets_count": 9045,
  "tp_count": 3393
}