{
  "gt_count": 10279,
  "mean_obj_recall": 0.0710223274099713,
  "mean_scene_recall": 0.07739082365948037,
  "obj_recalls": {"1": 0.28921568627450983, "2": 0.042224510813594233, "3": 0.08957312806158152, "4": 0.01845018450184502, "5": 0.015267175572519083, "6": 0.10996563573883161, "7": 0.0, "8": 0.003482298316889147},
  "recall": 0.07739082365948037,
  "scene_recalls": {"1": 0.07739082365948037},
  "targets_count": 9045,
  "tp_count": 700
}