{
  "gt_count": 10279,
  "mean_obj_recall": 0.12427239827230555,
  "mean_scene_recall": 0.13609729132117193,
  "obj_recalls": {"1": 0.4730392156862745, "2": 0.07929969104016478, "3": 0.15325402379286215, "4": 0.03911439114391144, "5": 0.04071246819338423, "6": 0.1872852233676976, "7": 0.0, "8": 0.021474172954149738},
  "recall": 0.13609729132117193,
  "scene_recalls": {"1": 0.13609729132117193},
  "targets_count": 9045,
  "tp_count": 1231
}