{
  "gt_count": 10279,
  "mean_obj_recall": 0.40918397277647656,
  "mean_scene_recall": 0.46102819237147596,
  "obj_recalls": {"1": 0.8954248366013072, "2": 0.266735324407827, "3": 0.3219034289713086, "4": 0.1948339483394834, "5": 0.5640373197625106, "6": 0.6254295532646048, "7": 0.0, "8": 0.4051073708647707},
  "recall": 0.46102819237147596,
  "scene_recalls": {"1": 0.46102819237147596},
  "targets_count": 9045,
  "tp_count": 4170
}