{
  "gt_count": 10292,
  "mean_obj_recall": 0.18352355334786508,
  "mean_scene_recall": 0.17800233190827827,
  "obj_recalls": {"1": 0.6127450980392157, "2": 0.10298661174047374, "3": 0.20153953813855843, "4": 0.06273062730627306, "5": 0.10347752332485156, "6": 0.2852233676975945, "7": 0.034482758620689655, "8": 0.06500290191526407},
  "recall": 0.17800233190827827,
  "scene_recalls": {"1": 0.17800233190827827},
  "targets_count": 10292,
  "tp_count": 1832
}