{
  "gt_count": 10292,
  "mean_obj_recall": 0.2456662944255918,
  "mean_scene_recall": 0.23979790128254955,
  "obj_recalls": {"1": 0.7352941176470589, "2": 0.13182286302780638, "3": 0.22603219034289712, "4": 0.09372693726937269, "5": 0.17133163698049195, "6": 0.3797250859106529, "7": 0.09623095429029671, "8": 0.13116656993615786},
  "recall": 0.23979790128254955,
  "scene_recalls": {"1": 0.23979790128254955},
  "targets_count": 10292,
  "tp_count": 2468
}