{
  "gt_count": 10279,
  "mean_obj_recall": 0.028428990794702805,
  "mean_scene_recall": 0.030735212824765063,
  "obj_recalls": {"1": 0.1650326797385621, "2": 0.006179196704428424, "3": 0.01609517144856543, "4": 0.0014760147601476014, "5": 0.0008481764206955047, "6": 0.037800687285223365, "7": 0.0, "8": 0.0},
  "recall": 0.030735212824765063,
  "scene_recalls": {"1": 0.030735212824765063},
  "targets_count": 9045,
  "tp_count": 278
}