{
  "gt_count": 10279,
  "mean_obj_recall": 0.3779585856028338,
  "mean_scene_recall": 0.42520729684908787,
  "obj_recalls": {"1": 0.8815359477124183, "2": 0.22142121524201855, "3": 0.2925122463261022, "4": 0.17638376383763837, "5": 0.5004240882103478, "6": 0.5979381443298969, "7": 0.0, "8": 0.3534532791642484},
  "recall": 0.42520729684908787,
  "scene_recalls": {"1": 0.42520729684908787},
  "targets_count": 9045,
  "tp_count": 3846
}