{
  "gt_count": 10292,
  "mean_obj_recall": 0.03370098039215686,
  "mean_scene_recall": 0.032063738826272836,
  "obj_recalls": {"1": 0.2696078431372549, "2": 0.0, "3": 0.0, "4": 0.0, "5": 0.0, "6": 0.0, "7": 0.0, "8": 0.0},
  "recall": 0.032063738826272836,
  "scene_recalls": {"1": 0.032063738826272836},
  "targets_count": 10292,
  "tp_count": 330
}