{
  "gt_count": 10292,
  "mean_obj_recall": 0.05627042483660131,
  "mean_scene_recall": 0.05353672755538282,
  "obj_recalls": {"1": 0.45016339869281047, "2": 0.0, "3": 0.0, "4": 0.0, "5": 0.0, "6": 0.0, "7": 0.0, "8": 0.0},
  "recall": 0.05353672755538282,
  "scene_recalls": {"1": 0.05353672755538282},
  "targets_count": 10292,
  "tp_count": 551
}