{
  "gt_count": 10292,
  "mean_obj_recall": 0.01491013071895425,
  "mean_scene_recall": 0.014185775359502526,
  "obj_recalls": {"1": 0.119281045751634, "2": 0.0, "3": 0.0, "4": 0.0, "5": 0.0, "6": 0.0, "7": 0.0, "8": 0.0},
  "recall": 0.014185775359502526,
  "scene_recalls": {"1": 0.014185775359502526},
  "targets_count": 10292,
  "tp_count": 146
}