{
  "gt_count": 10292,
  "mean_obj_recall": 0.04871323529411765,
  "mean_scene_recall": 0.046346677030703456,
  "obj_recalls": {"1": 0.3897058823529412, "2": 0.0, "3": 0.0, "4": 0.0, "5": 0.0, "6": 0.0, "7": 0.0, "8": 0.0},
  "recall": 0.046346677030703456,
  "scene_recalls": {"1": 0.046346677030703456},
  "targets_count": 10292,
  "tp_count": 477
}