{
  "gt_count": 10292,
  "mean_obj_recall": 0.054330065359477125,
  "mean_scene_recall": 0.051690633501748934,
  "obj_recalls": {"1": 0.434640522875817, "2": 0.0, "3": 0.0, "4": 0.0, "5": 0.0, "6": 0.0, "7": 0.0, "8": 0.0},
  "recall": 0.051690633501748934,
  "scene_recalls": {"1": 0.051690633501748934},
  "targets_count": 10292,
  "tp_count": 532
}