{
  "gt_count": 10292,
  "mean_obj_recall": 0.04462826797385621,
  "mean_scene_recall": 0.04246016323357948,
  "obj_recalls": {"1": 0.3570261437908497, "2": 0.0, "3": 0.0, "4": 0.0, "5": 0.0, "6": 0.0, "7": 0.0, "8": 0.0},
  "recall": 0.04246016323357948,
  "scene_recalls": {"1": 0.04246016323357948},
  "targets_count": 10292,
  "tp_count": 437
}