{
  "gt_count": 10292,
  "mean_obj_recall": 0.0007254788160185723,
  "mean_scene_recall": 0.000971628449280995,
  "obj_recalls": {"1": 0.0, "2": 0.0, "3": 0.0, "4": 0.0, "5": 0.0, "6": 0.0, "7": 0.0, "8": 0.005803830528148578},
  "recall": 0.000971628449280995,
  "scene_recalls": {"1": 0.000971628449280995},
  "targets_count": 10292,
  "tp_count": 10
}