{
  "gt_count": 10292,
  "mean_obj_recall": 0.233617764405096,
  "mean_scene_recall": 0.2283326855810338,
  "obj_recalls": {"1": 0.5334967320261438, "2": 0.09474768280123584, "3": 0.172148355493352, "4": 0.15055350553505534, "5": 0.17302798982188294, "6": 0.32044673539518903, "7": 0.322373696872494, "8": 0.10214741729541497},
  "recall": 0.2283326855810338,
  "scene_recalls": {"1": 0.2283326855810338},
  "targets_count": 10292,
  "tp_count": 2350
}