{
  "gt_count": 10292,
  "mean_obj_recall": 0.32994813194579875,
  "mean_scene_recall": 0.3248153905946366,
  "obj_recalls": {"1": 0.6127450980392157, "2": 0.16374871266735325, "3": 0.20363890832750176, "4": 0.19114391143911438, "5": 0.4385072094995759, "6": 0.3599656357388316, "7": 0.4330392943063352, "8": 0.236796285548462},
  "recall": 0.3248153905946366,
  "scene_recalls": {"1": 0.3248153905946366},
  "targets_count": 10292,
  "tp_count": 3343
}