{
  "gt_count": 10292,
  "mean_obj_recall": 0.1518309825020479,
  "mean_scene_recall": 0.14700738437621452,
  "obj_recalls": {"1": 0.44689542483660133, "2": 0.06385169927909372, "3": 0.13855843247025892, "4": 0.09225092250922509, "5": 0.06361323155216285, "6": 0.20876288659793815, "7": 0.1740176423416199, "8": 0.026697620429483458},
  "recall": 0.14700738437621452,
  "scene_recalls": {"1": 0.14700738437621452},
  "targets_count": 10292,
  "tp_count": 1513
}