{
  "gt_count": 10292,
  "mean_obj_recall": 0.10039149458473584,
  "mean_scene_recall": 0.0970656820831714,
  "obj_recalls": {"1": 0.3341503267973856, "2": 0.04325437693099897, "3": 0.11546536039188243, "4": 0.03911439114391144, "5": 0.02883799830364716, "6": 0.13745704467353953, "7": 0.09382518043303929, "8": 0.011027278003482298},
  "recall": 0.0970656820831714,
  "scene_recalls": {"1": 0.0970656820831714},
  "targets_count": 10292,
  "tp_count": 999
}