{
  "gt_count": 10292,
  "mean_obj_recall": 0.30632663325654313,
  "mean_scene_recall": 0.30159347065682085,
  "obj_recalls": {"1": 0.5947712418300654, "2": 0.13182286302780638, "3": 0.1966410076976907, "4": 0.17785977859778598, "5": 0.3816793893129771, "6": 0.3556701030927835, "7": 0.404971932638332, "8": 0.20719674985490424},
  "recall": 0.30159347065682085,
  "scene_recalls": {"1": 0.30159347065682085},
  "targets_count": 10292,
  "tp_count": 3104
}