{
  "gt_count": 10292,
  "mean_obj_recall": 0.19776825323272396,
  "mean_scene_recall": 0.1922852701127089,
  "obj_recalls": {"1": 0.5024509803921569, "2": 0.07621009268795056, "3": 0.15605318404478657, "4": 0.12915129151291513, "5": 0.1280746395250212, "6": 0.2757731958762887, "7": 0.2558139534883721, "8": 0.05861868833430064},
  "recall": 0.1922852701127089,
  "scene_recalls": {"1": 0.1922852701127089},
  "targets_count": 10292,
  "tp_count": 1979
}