{
  "gt_count": 10292,
  "mean_obj_recall": 0.015777036750884172,
  "mean_scene_recall": 0.01554605518849592,
  "obj_recalls": {"1": 0.07679738562091504, "2": 0.0010298661174047373, "3": 0.026592022393282014, "4": 0.0036900369003690036, "5": 0.0, "6": 0.010309278350515464, "7": 0.007217321571772253, "8": 0.0005803830528148578},
  "recall": 0.01554605518849592,
  "scene_recalls": {"1": 0.01554605518849592},
  "targets_count": 10292,
  "tp_count": 160
}