{
  "gt_count": 10292,
  "mean_obj_recall": 0.04935963154634134,
  "mean_scene_recall": 0.04809560823940925,
  "obj_recalls": {"1": 0.1895424836601307, "2": 0.015447991761071062, "3": 0.06927921623512946, "4": 0.01845018450184502, "5": 0.005937234944868533, "6": 0.059278350515463915, "7": 0.03287890938251804, "8": 0.004062681369704005},
  "recall": 0.04809560823940925,
  "scene_recalls": {"1": 0.04809560823940925},
  "targets_count": 10292,
  "tp_count": 495
}