{
  "gt_count": 10292,
  "mean_obj_recall": 0.5123835942824257,
  "mean_scene_recall": 0.4968907889623008,
  "obj_recalls": {"1": 0.7295751633986928, "2": 0.6107106076210093, "3": 0.26662001399580126, "4": 0.4782287822878229, "5": 0.5080576759966073, "6": 0.5051546391752577, "7": 0.6559743384121892, "8": 0.3447475333720255},
  "recall": 0.4968907889623008,
  "scene_recalls": {"1": 0.4968907889623008},
  "targets_count": 10292,
  "tp_count": 5114
}