{
  "gt_count": 10292,
  "mean_obj_recall": 0.39972919896345266,
  "mean_scene_recall": 0.38379323746599303,
  "obj_recalls": {"1": 0.6723856209150327, "2": 0.4747682801235839, "3": 0.21973407977606718, "4": 0.4177121771217712, "5": 0.29855810008481765, "6": 0.4218213058419244, "7": 0.5268644747393745, "8": 0.16598955310504934},
  "recall": 0.38379323746599303,
  "scene_recalls": {"1": 0.38379323746599303},
  "targets_count": 10292,
  "tp_count": 3950
}