{
  "gt_count": 10292,
  "mean_obj_recall": 0.3592724763144636,
  "mean_scene_recall": 0.3493975903614458,
  "obj_recalls": {"1": 0.6944444444444444, "2": 0.305870236869207, "3": 0.002099370188943317, "4": 0.207380073800738, "5": 0.6022052586938084, "6": 0.4252577319587629, "7": 0.28869286287089013, "8": 0.3482298316889147},
  "recall": 0.3493975903614458,
  "scene_recalls": {"1": 0.3493975903614458},
  "targets_count": 10292,
  "tp_count": 3596
}