{
  "gt_count": 10279,
  "mean_obj_recall": 0.01262208841350907,
  "mean_scene_recall": 0.013598673300165837,
  "obj_recalls": {"1": 0.08496732026143791, "2": 0.0010298661174047373, "3": 0.0, "4": 0.002952029520295203, "5": 0.0, "6": 0.012027491408934709, "7": 0.0, "8": 0.0},
  "recall": 0.013598673300165837,
  "scene_recalls": {"1": 0.013598673300165837},
  "targets_count": 9045,
  "tp_count": 123
}