{
  "gt_count": 10279,
  "mean_obj_recall": 0.03964214592907686,
  "mean_scene_recall": 0.042233278054173574,
  "obj_recalls": {"1": 0.190359477124183, "2": 0.026776519052523172, "3": 0.0, "4": 0.03394833948339483, "5": 0.007633587786259542, "6": 0.058419243986254296, "7": 0.0, "8": 0.0},
  "recall": 0.042233278054173574,
  "scene_recalls": {"1": 0.042233278054173574},
  "targets_count": 9045,
  "tp_count": 382
}