{
  "gt_count": 10279,
  "mean_obj_recall": 0.2985475098699083,
  "mean_scene_recall": 0.32924267551133224,
  "obj_recalls": {"1": 0.684640522875817, "2": 0.26364572605561276, "3": 0.0013995801259622112, "4": 0.192619926199262, "5": 0.5351993214588634, "6": 0.42010309278350516, "7": 0.0, "8": 0.2907719094602438},
  "recall": 0.32924267551133224,
  "scene_recalls": {"1": 0.32924267551133224},
  "targets_count": 9045,
  "tp_count": 2978
}