{
  "gt_count": 10279,
  "mean_obj_recall": 0.16585248177553474,
  "mean_scene_recall": 0.179657269209508,
  "obj_recalls": {"1": 0.5424836601307189, "2": 0.11534500514933059, "3": 0.0, "4": 0.14464944649446496, "5": 0.18405428329092452, "6": 0.26890034364261167, "7": 0.0, "8": 0.0713871154962275},
  "recall": 0.179657269209508,
  "scene_recalls": {"1": 0.179657269209508},
  "targets_count": 9045,
  "tp_count": 1625
}