{
  "gt_count": 10279,
  "mean_obj_recall": 0.129091802403278,
  "mean_scene_recall": 0.13841901603095633,
  "obj_recalls": {"1": 0.4820261437908497, "2": 0.08753861997940268, "3": 0.0, "4": 0.12177121771217712, "5": 0.13061916878710772, "6": 0.18814432989690721, "7": 0.0, "8": 0.022634939059779455},
  "recall": 0.13841901603095633,
  "scene_recalls": {"1": 0.13841901603095633},
  "targets_count": 9045,
  "tp_count": 1252
}