{
  "gt_count": 10292,
  "mean_obj_recall": 0.23378798704979775,
  "mean_scene_recall": 0.22512631169840652,
  "obj_recalls": {"1": 0.613562091503268, "2": 0.15242018537590113, "3": 0.0, "4": 0.15867158671586715, "5": 0.28159457167090757, "6": 0.3316151202749141, "7": 0.18444266238973536, "8": 0.14799767846778875},
  "recall": 0.22512631169840652,
  "scene_recalls": {"1": 0.22512631169840652},
  "targets_count": 10292,
  "tp_count": 2317
}