{
  "gt_count": 10279,
  "mean_obj_recall": 0.25663291152478507,
  "mean_scene_recall": 0.28236594803758985,
  "obj_recalls": {"1": 0.6593137254901961, "2": 0.21112255406797117, "3": 0.0, "4": 0.17638376383763837, "5": 0.39016115351993214, "6": 0.390893470790378, "7": 0.0, "8": 0.22518862449216484},
  "recall": 0.28236594803758985,
  "scene_recalls": {"1": 0.28236594803758985},
  "targets_count": 9045,
  "tp_count": 2554
}