{
  "gt_count": 10279,
  "mean_obj_recall": 0.21073265425108084,
  "mean_scene_recall": 0.23073521282476506,
  "obj_recalls": {"1": 0.613562091503268, "2": 0.15242018537590113, "3": 0.0, "4": 0.15867158671586715, "5": 0.28159457167090757, "6": 0.3316151202749141, "7": 0.0, "8": 0.14799767846778875},
  "recall": 0.23073521282476506,
  "scene_recalls": {"1": 0.23073521282476506},
  "targets_count": 9045,
  "tp_count": 2087
}