{
  "gt_count": 10292,
  "mean_obj_recall": 0.08762374767052906,
  "mean_scene_recall": 0.08200544111931597,
  "obj_recalls": {"1": 0.3431372549019608, "2": 0.06694129763130793, "3": 0.0, "4": 0.08118081180811808, "5": 0.06700593723494487, "6": 0.11941580756013746, "7": 0.019246190858059342, "8": 0.004062681369704005},
  "recall": 0.08200544111931597,
  "scene_recalls": {"1": 0.08200544111931597},
  "targets_count": 10292,
  "tp_count": 844
}