{
  "gt_count": 10292,
  "mean_obj_recall": 0.18279313935372243,
  "mean_scene_recall": 0.17431014380101048,
  "obj_recalls": {"1": 0.5424836601307189, "2": 0.11534500514933059, "3": 0.0, "4": 0.14464944649446496, "5": 0.18405428329092452, "6": 0.26890034364261167, "7": 0.13552526062550121, "8": 0.0713871154962275},
  "recall": 0.17431014380101048,
  "scene_recalls": {"1": 0.17431014380101048},
  "targets_count": 10292,
  "tp_count": 1794
}