{
  "gt_count": 10292,
  "mean_obj_recall": 0.13791297321322185,
  "mean_scene_recall": 0.13019821220365332,
  "obj_recalls": {"1": 0.4820261437908497, "2": 0.08753861997940268, "3": 0.0, "4": 0.12177121771217712, "5": 0.13061916878710772, "6": 0.18814432989690721, "7": 0.07056936647955092, "8": 0.022634939059779455},
  "recall": 0.13019821220365332,
  "scene_recalls": {"1": 0.13019821220365332},
  "targets_count": 10292,
  "tp_count": 1340
}