{
  "gt_count": 10279,
  "mean_obj_recall": 0.08521797381327165,
  "mean_scene_recall": 0.09065782200110559,
  "obj_recalls": {"1": 0.3431372549019608, "2": 0.06694129763130793, "3": 0.0, "4": 0.08118081180811808, "5": 0.06700593723494487, "6": 0.11941580756013746, "7": 0.0, "8": 0.004062681369704005},
  "recall": 0.09065782200110559,
  "scene_recalls": {"1": 0.09065782200110559},
  "targets_count": 9045,
  "tp_count": 820
}