{
  "gt_count": 10279,
  "mean_obj_recall": 0.3826453514924124,
  "mean_scene_recall": 0.42819237147595357,
  "obj_recalls": {"1": 0.8643790849673203, "2": 0.2924819773429454, "3": 0.3107067879636109, "4": 0.36531365313653136, "5": 0.3935538592027142, "6": 0.5549828178694158, "7": 0.0, "8": 0.2797446314567615},
  "recall": 0.42819237147595357,
  "scene_recalls": {"1": 0.42819237147595357},
  "targets_count": 9045,
  "tp_count": 3873
}