{
  "gt_count": 10279,
  "mean_obj_recall": 0.3349077238366175,
  "mean_scene_recall": 0.3736871199557767,
  "obj_recalls": {"1": 0.8218954248366013, "2": 0.243048403707518, "3": 0.2820153953813856, "4": 0.3291512915129151, "5": 0.28074639525021206, "6": 0.5128865979381443, "7": 0.0, "8": 0.20951828206616366},
  "recall": 0.3736871199557767,
  "scene_recalls": {"1": 0.3736871199557767},
  "targets_count": 9045,
  "tp_count": 3380
}