{
  "gt_count": 10279,
  "mean_obj_recall": 0.09088897542780393,
  "mean_scene_recall": 0.09950248756218906,
  "obj_recalls": {"1": 0.32598039215686275, "2": 0.05973223480947477, "3": 0.1245626312106368, "4": 0.05608856088560885, "5": 0.017811704834605598, "6": 0.1400343642611684, "7": 0.0, "8": 0.002901915264074289},
  "recall": 0.09950248756218906,
  "scene_recalls": {"1": 0.09950248756218906},
  "targets_count": 9045,
  "tp_count": 900
}