{
  "gt_count": 10279,
  "mean_obj_recall": 0.2159939829609498,
  "mean_scene_recall": 0.2377003869541183,
  "obj_recalls": {"1": 0.6511437908496732, "2": 0.16168898043254376, "3": 0.21973407977606718, "4": 0.18671586715867158, "5": 0.12468193384223919, "6": 0.32130584192439865, "7": 0.0, "8": 0.06268136970400465},
  "recall": 0.2377003869541183,
  "scene_recalls": {"1": 0.2377003869541183},
  "targets_count": 9045,
  "tp_count": 2150
}