{
  "gt_count": 10279,
  "mean_obj_recall": 0.03595863212578103,
  "mean_scene_recall": 0.03924820342730791,
  "obj_recalls": {"1": 0.18055555555555555, "2": 0.008238928939237899, "3": 0.02729181245626312, "4": 0.01918819188191882, "5": 0.0008481764206955047, "6": 0.05154639175257732, "7": 0.0, "8": 0.0},
  "recall": 0.03924820342730791,
  "scene_recalls": {"1": 0.03924820342730791},
  "targets_count": 9045,
  "tp_count": 355
}