{
  "gt_count": 10279,
  "mean_obj_recall": 0.28056973647787925,
  "mean_scene_recall": 0.3106688778330569,
  "obj_recalls": {"1": 0.7622549019607843, "2": 0.2121524201853759, "3": 0.2561231630510847, "4": 0.2612546125461255, "5": 0.183206106870229, "6": 0.44072164948453607, "7": 0.0, "8": 0.12884503772489844},
  "recall": 0.3106688778330569,
  "scene_recalls": {"1": 0.3106688778330569},
  "targets_count": 9045,
  "tp_count": 2810
}