{
  "gt_count": 10279,
  "mean_obj_recall": 0.4562868335024402,
  "mean_scene_recall": 0.5110005527915976,
  "obj_recalls": {"1": 0.9003267973856209, "2": 0.3964984552008239, "3": 0.3554933519944017, "4": 0.3970479704797048, "5": 0.6081424936386769, "6": 0.6056701030927835, "7": 0.0, "8": 0.3871154962275102},
  "recall": 0.5110005527915976,
  "scene_recalls": {"1": 0.5110005527915976},
  "targets_count": 9045,
  "tp_count": 4622
}