{
  "gt_count": 10279,
  "mean_obj_recall": 0.15448617808661452,
  "mean_scene_recall": 0.1681592039800995,
  "obj_recalls": {"1": 0.5098039215686274, "2": 0.12976313079299692, "3": 0.17984604618614417, "4": 0.1003690036900369, "5": 0.06446140797285835, "6": 0.23539518900343642, "7": 0.0, "8": 0.01625072547881602},
  "recall": 0.1681592039800995,
  "scene_recalls": {"1": 0.1681592039800995},
  "targets_count": 9045,
  "tp_count": 1521
}