{
  "gt_count": 10292,
  "mean_obj_recall": 0.03249779764257152,
  "mean_scene_recall": 0.03070345899727944,
  "obj_recalls": {"1": 0.13970588235294118, "2": 0.02265705458290422, "3": 0.0, "4": 0.03025830258302583, "5": 0.005937234944868533, "6": 0.029209621993127148, "7": 0.030473135525260625, "8": 0.0017411491584445734},
  "recall": 0.03070345899727944,
  "scene_recalls": {"1": 0.03070345899727944},
  "targets_count": 10292,
  "tp_count": 316
}