{
  "gt_count": 10292,
  "mean_obj_recall": 0.04124322858642675,
  "mean_scene_recall": 0.0391566265060241,
  "obj_recalls": {"1": 0.16993464052287582, "2": 0.027806385169927908, "3": 0.0, "4": 0.037638376383763834, "5": 0.010178117048346057, "6": 0.03608247422680412, "7": 0.042502004811547714, "8": 0.005803830528148578},
  "recall": 0.0391566265060241,
  "scene_recalls": {"1": 0.0391566265060241},
  "targets_count": 10292,
  "tp_count": 403
}