{
  "gt_count": 10292,
  "mean_obj_recall": 0.05317068559399626,
  "mean_scene_recall": 0.050524679362611735,
  "obj_recalls": {"1": 0.2034313725490196, "2": 0.04016477857878476, "3": 0.0006997900629811056, "4": 0.03985239852398524, "5": 0.024597116200169637, "6": 0.04553264604810996, "7": 0.057738572574178026, "8": 0.013348810214741729},
  "recall": 0.050524679362611735,
  "scene_recalls": {"1": 0.050524679362611735},
  "targets_count": 10292,
  "tp_count": 520
}