{
  "gt_count": 10292,
  "mean_obj_recall": 0.012557177660333627,
  "mean_scene_recall": 0.011756704236300038,
  "obj_recalls": {"1": 0.0718954248366013, "2": 0.009268795056642637, "3": 0.0, "4": 0.007380073800738007, "5": 0.0, "6": 0.010309278350515464, "7": 0.0016038492381716118, "8": 0.0},
  "recall": 0.011756704236300038,
  "scene_recalls": {"1": 0.011756704236300038},
  "targets_count": 10292,
  "tp_count": 121
}