{
  "gt_count": 10292,
  "mean_obj_recall": 0.024176136865241258,
  "mean_scene_recall": 0.022736105713175282,
  "obj_recalls": {"1": 0.11437908496732026, "2": 0.018537590113285273, "3": 0.0, "4": 0.020664206642066422, "5": 0.0033927056827820186, "6": 0.020618556701030927, "7": 0.015236567762630313, "8": 0.0005803830528148578},
  "recall": 0.022736105713175282,
  "scene_recalls": {"1": 0.022736105713175282},
  "targets_count": 10292,
  "tp_count": 234
}