{
  "gt_count": 10292,
  "mean_obj_recall": 0.005853318236032572,
  "mean_scene_recall": 0.005538282160901672,
  "obj_recalls": {"1": 0.0392156862745098, "2": 0.0, "3": 0.0, "4": 0.0007380073800738007, "5": 0.0, "6": 0.006872852233676976, "7": 0.0, "8": 0.0},
  "recall": 0.005538282160901672,
  "scene_recalls": {"1": 0.005538282160901672},
  "targets_count": 10292,
  "tp_count": 57
}