{
  "gt_count": 10292,
  "mean_obj_recall": 0.05648687804505986,
  "mean_scene_recall": 0.05373105324523902,
  "obj_recalls": {"1": 0.20588235294117646, "2": 0.046343975283213185, "3": 0.0013995801259622112, "4": 0.04059040590405904, "5": 0.031382527565733676, "6": 0.04553264604810996, "7": 0.06335204490777867, "8": 0.017411491584445733},
  "recall": 0.05373105324523902,
  "scene_recalls": {"1": 0.05373105324523902},
  "targets_count": 10292,
  "tp_count": 553
}