{
  "gt_count": 10292,
  "mean_obj_recall": 0.01616604112637371,
  "mean_scene_recall": 0.015060240963855422,
  "obj_recalls": {"1": 0.08415032679738563, "2": 0.016477857878475798, "3": 0.0, "4": 0.01107011070110701, "5": 0.0008481764206955047, "6": 0.011168384879725086, "7": 0.0056134723336006415, "8": 0.0},
  "recall": 0.015060240963855422,
  "scene_recalls": {"1": 0.015060240963855422},
  "targets_count": 10292,
  "tp_count": 155
}