{
  "gt_count": 10292,
  "mean_obj_recall": 0.04877138051030459,
  "mean_scene_recall": 0.046346677030703456,
  "obj_recalls": {"1": 0.19607843137254902, "2": 0.035015447991761074, "3": 0.0, "4": 0.03837638376383764, "5": 0.018659881255301103, "6": 0.04209621993127148, "7": 0.04891740176423416, "8": 0.011027278003482298},
  "recall": 0.046346677030703456,
  "scene_recalls": {"1": 0.046346677030703456},
  "targets_count": 10292,
  "tp_count": 477
}