{
  "camera_matrix": [
    [
      2282.2293857381965,
      0.0,
      1233.565367261136
    ],
    [
      0.0,
      2288.5382706724076,
      985.5358435981609
    ],
    [
      0.0,
      0.0,
      1.0
    ]
  ],
  "dist_coeff": {
    "k1": -0.07477023077275233,
    "k2": 0.008063684536229075,
    "p1": -0.0010509344435281026,
    "p2": -0.000962088425792685,
    "k3": 0.6946077975896369
  },
  "img_size": [
    2448,
    2048
  ]
}
