{
  "gt_count": 10279,
  "mean_obj_recall": 0.4780633602447381,
  "mean_scene_recall": 0.5283582089552239,
  "obj_recalls": {"1": 0.7777777777777778, "2": 0.6776519052523172, "3": 0.2904128761371588, "4": 0.5549815498154982, "5": 0.5860899067005937, "6": 0.5446735395189003, "7": 0.0, "8": 0.3929193267556587},
  "recall": 0.5283582089552239,
  "scene_recalls": {"1": 0.5283582089552239},
  "targets_count": 9045,
  "tp_count": 4779
}