{
  "gt_count": 10279,
  "mean_obj_recall": 0.038208539412921225,
  "mean_scene_recall": 0.040574903261470424,
  "obj_recalls": {"1": 0.1437908496732026, "2": 0.0607621009268795, "3": 0.02239328201539538, "4": 0.043542435424354244, "5": 0.0033927056827820186, "6": 0.03178694158075601, "7": 0.0, "8": 0.0},
  "recall": 0.040574903261470424,
  "scene_recalls": {"1": 0.040574903261470424},
  "targets_count": 9045,
  "tp_count": 367
}