{
  "gt_count": 10279,
  "mean_obj_recall": 0.09641336496083422,
  "mean_scene_recall": 0.1037037037037037,
  "obj_recalls": {"1": 0.2826797385620915, "2": 0.15550978372811536, "3": 0.10356892932120364, "4": 0.12841328413284134, "5": 0.020356234096692113, "6": 0.07903780068728522, "7": 0.0, "8": 0.0017411491584445734},
  "recall": 0.1037037037037037,
  "scene_recalls": {"1": 0.1037037037037037},
  "targets_count": 9045,
  "tp_count": 938
}