{
  "gt_count": 10279,
  "mean_obj_recall": 0.0032151778416616658,
  "mean_scene_recall": 0.0034273079049198453,
  "obj_recalls": {"1": 0.0196078431372549, "2": 0.003089598352214212, "3": 0.0006997900629811056, "4": 0.0014760147601476014, "5": 0.0008481764206955047, "6": 0.0, "7": 0.0, "8": 0.0},
  "recall": 0.0034273079049198453,
  "scene_recalls": {"1": 0.0034273079049198453},
  "targets_count": 9045,
  "tp_count": 31
}