{
  "gt_count": 10279,
  "mean_obj_recall": 0.4307814522448635,
  "mean_scene_recall": 0.47385295743504696,
  "obj_recalls": {"1": 0.7459150326797386, "2": 0.6292481977342945, "3": 0.26452064380685797, "4": 0.529889298892989, "5": 0.4681933842239186, "6": 0.4991408934707904, "7": 0.0, "8": 0.3093441671503192},
  "recall": 0.47385295743504696,
  "scene_recalls": {"1": 0.47385295743504696},
  "targets_count": 9045,
  "tp_count": 4286
}