{
  "gt_count": 10279,
  "mean_obj_recall": 0.37654605355895227,
  "mean_scene_recall": 0.4107241569928137,
  "obj_recalls": {"1": 0.7107843137254902, "2": 0.5664263645726055, "3": 0.24422673198040587, "4": 0.4929889298892989, "5": 0.34096692111959287, "6": 0.4579037800687285, "7": 0.0, "8": 0.19907138711549624},
  "recall": 0.4107241569928137,
  "scene_recalls": {"1": 0.4107241569928137},
  "targets_count": 9045,
  "tp_count": 3715
}