{
  "gt_count": 10279,
  "mean_obj_recall": 0.1679875465293642,
  "mean_scene_recall": 0.18208955223880596,
  "obj_recalls": {"1": 0.43709150326797386, "2": 0.22760041194644695, "3": 0.18404478656403078, "4": 0.23763837638376384, "5": 0.0916030534351145, "6": 0.15721649484536082, "7": 0.0, "8": 0.008705745792222866},
  "recall": 0.18208955223880596,
  "scene_recalls": {"1": 0.18208955223880596},
  "targets_count": 9045,
  "tp_count": 1647
}