{
  "gt_count": 10292,
  "mean_obj_recall": 0.0033154184190473915,
  "mean_scene_recall": 0.003109211037699184,
  "obj_recalls": {"1": 0.0196078431372549, "2": 0.003089598352214212, "3": 0.0006997900629811056, "4": 0.0014760147601476014, "5": 0.0008481764206955047, "6": 0.0, "7": 0.0008019246190858059, "8": 0.0},
  "recall": 0.003109211037699184,
  "scene_recalls": {"1": 0.003109211037699184},
  "targets_count": 10292,
  "tp_count": 32
}