{
  "gt_count": 10292,
  "mean_obj_recall": 0.3706635026605044,
  "mean_scene_recall": 0.35289545277885737,
  "obj_recalls": {"1": 0.6642156862745098, "2": 0.505664263645726, "3": 0.2218334499650105, "4": 0.43247232472324726, "5": 0.2510602205258694, "6": 0.359106529209622, "7": 0.4282277465918204, "8": 0.10272780034822983},
  "recall": 0.35289545277885737,
  "scene_recalls": {"1": 0.35289545277885737},
  "targets_count": 10292,
  "tp_count": 3632
}