{
  "gt_count": 10292,
  "mean_obj_recall": 0.6005608273527212,
  "mean_scene_recall": 0.5842401865526623,
  "obj_recalls": {"1": 0.7949346405228758, "2": 0.721936148300721, "3": 0.3198040587823653, "4": 0.5690036900369003, "5": 0.6556403731976251, "6": 0.570446735395189, "7": 0.7281475541299118, "8": 0.4445734184561811},
  "recall": 0.5842401865526623,
  "scene_recalls": {"1": 0.5842401865526623},
  "targets_count": 10292,
  "tp_count": 6013
}