{
  "gt_count": 10292,
  "mean_obj_recall": 0.44821806638974615,
  "mean_scene_recall": 0.43043140303148075,
  "obj_recalls": {"1": 0.7107843137254902, "2": 0.5664263645726055, "3": 0.24422673198040587, "4": 0.4929889298892989, "5": 0.34096692111959287, "6": 0.4579037800687285, "7": 0.5733761026463512, "8": 0.19907138711549624},
  "recall": 0.43043140303148075,
  "scene_recalls": {"1": 0.43043140303148075},
  "targets_count": 10292,
  "tp_count": 4430
}