{
  "gt_count": 10279,
  "mean_obj_recall": 0.5095423830864821,
  "mean_scene_recall": 0.564400221116639,
  "obj_recalls": {"1": 0.7949346405228758, "2": 0.721936148300721, "3": 0.3198040587823653, "4": 0.5690036900369003, "5": 0.6556403731976251, "6": 0.570446735395189, "7": 0.0, "8": 0.4445734184561811},
  "recall": 0.564400221116639,
  "scene_recalls": {"1": 0.564400221116639},
  "targets_count": 9045,
  "tp_count": 5105
}