{
  "gt_count": 10292,
  "mean_obj_recall": 0.09992178516933461,
  "mean_scene_recall": 0.09453944811504081,
  "obj_recalls": {"1": 0.2826797385620915, "2": 0.15550978372811536, "3": 0.10356892932120364, "4": 0.12841328413284134, "5": 0.020356234096692113, "6": 0.07903780068728522, "7": 0.028067361668003207, "8": 0.0017411491584445734},
  "recall": 0.09453944811504081,
  "scene_recalls": {"1": 0.09453944811504081},
  "targets_count": 10292,
  "tp_count": 973
}