{
  "gt_count": 10292,
  "mean_obj_recall": 0.06743899828745417,
  "mean_scene_recall": 0.06296152351340847,
  "obj_recalls": {"1": 0.33088235294117646, "2": 0.04016477857878476, "3": 0.0, "4": 0.026568265682656828, "5": 0.027989821882951654, "6": 0.10481099656357389, "7": 0.0056134723336006415, "8": 0.003482298316889147},
  "recall": 0.06296152351340847,
  "scene_recalls": {"1": 0.06296152351340847},
  "targets_count": 10292,
  "tp_count": 648
}