{
  "gt_count": 10279,
  "mean_obj_recall": 0.06673731424575409,
  "mean_scene_recall": 0.07086788280818132,
  "obj_recalls": {"1": 0.33088235294117646, "2": 0.04016477857878476, "3": 0.0, "4": 0.026568265682656828, "5": 0.027989821882951654, "6": 0.10481099656357389, "7": 0.0, "8": 0.003482298316889147},
  "recall": 0.07086788280818132,
  "scene_recalls": {"1": 0.07086788280818132},
  "targets_count": 9045,
  "tp_count": 641
}