{
  "gt_count": 10279,
  "mean_obj_recall": 0.16909506058489737,
  "mean_scene_recall": 0.18595909342178,
  "obj_recalls": {"1": 0.5661764705882353, "2": 0.07312049433573635, "3": 0.0, "4": 0.07084870848708487, "5": 0.2179813401187447, "6": 0.2981099656357388, "7": 0.0, "8": 0.126523505513639},
  "recall": 0.18595909342178,
  "scene_recalls": {"1": 0.18595909342178},
  "targets_count": 9045,
  "tp_count": 1682
}