{
  "gt_count": 10279,
  "mean_obj_recall": 0.033521971074819745,
  "mean_scene_recall": 0.03559977888336097,
  "obj_recalls": {"1": 0.1854575163398693, "2": 0.014418125643666324, "3": 0.0, "4": 0.007380073800738007, "5": 0.005937234944868533, "6": 0.054982817869415807, "7": 0.0, "8": 0.0},
  "recall": 0.03559977888336097,
  "scene_recalls": {"1": 0.03559977888336097},
  "targets_count": 9045,
  "tp_count": 322
}