{
  "gt_count": 10279,
  "mean_obj_recall": 0.1347749247017111,
  "mean_scene_recall": 0.14604754007739082,
  "obj_recalls": {"1": 0.5122549019607843, "2": 0.06591143151390319, "3": 0.0, "4": 0.053136531365313655, "5": 0.14164546225614927, "6": 0.24140893470790378, "7": 0.0, "8": 0.06384213580963435},
  "recall": 0.14604754007739082,
  "scene_recalls": {"1": 0.14604754007739082},
  "targets_count": 9045,
  "tp_count": 1321
}