{
  "gt_count": 10292,
  "mean_obj_recall": 0.2594333570632441,
  "mean_scene_recall": 0.2533035367275554,
  "obj_recalls": {"1": 0.6446078431372549, "2": 0.11740473738414006, "3": 0.0006997900629811056, "4": 0.08708487084870849, "5": 0.41391009329940626, "6": 0.37371134020618557, "7": 0.19486768243785085, "8": 0.2431804991294254},
  "recall": 0.2533035367275554,
  "scene_recalls": {"1": 0.2533035367275554},
  "targets_count": 10292,
  "tp_count": 2607
}