{
  "gt_count": 10279,
  "mean_obj_recall": 0.20362915899169953,
  "mean_scene_recall": 0.2257600884466556,
  "obj_recalls": {"1": 0.6143790849673203, "2": 0.08753861997940268, "3": 0.0, "4": 0.08044280442804429, "5": 0.3138252756573367, "6": 0.3436426116838488, "7": 0.0, "8": 0.18920487521764365},
  "recall": 0.2257600884466556,
  "scene_recalls": {"1": 0.2257600884466556},
  "targets_count": 9045,
  "tp_count": 2042
}