{
  "gt_count": 10279,
  "mean_obj_recall": 0.10284263580067388,
  "mean_scene_recall": 0.11000552791597568,
  "obj_recalls": {"1": 0.45588235294117646, "2": 0.055612770339855816, "3": 0.0, "4": 0.04428044280442804, "5": 0.08142493638676845, "6": 0.16580756013745704, "7": 0.0, "8": 0.019733023795705164},
  "recall": 0.11000552791597568,
  "scene_recalls": {"1": 0.11000552791597568},
  "targets_count": 9045,
  "tp_count": 995
}