{
  "gt_count": 10279,
  "mean_obj_recall": 0.25507576016948064,
  "mean_scene_recall": 0.2841348811498065,
  "obj_recalls": {"1": 0.6552287581699346, "2": 0.1431513903192585, "3": 0.0006997900629811056, "4": 0.0959409594095941, "5": 0.47921967769296014, "6": 0.3848797250859107, "7": 0.0, "8": 0.281485780615206},
  "recall": 0.2841348811498065,
  "scene_recalls": {"1": 0.2841348811498065},
  "targets_count": 9045,
  "tp_count": 2570
}