{
  "gt_count": 10279,
  "mean_obj_recall": 0.2350748967585127,
  "mean_scene_recall": 0.2613598673300166,
  "obj_recalls": {"1": 0.6446078431372549, "2": 0.11740473738414006, "3": 0.0006997900629811056, "4": 0.08708487084870849, "5": 0.41391009329940626, "6": 0.37371134020618557, "7": 0.0, "8": 0.2431804991294254},
  "recall": 0.2613598673300166,
  "scene_recalls": {"1": 0.2613598673300166},
  "targets_count": 9045,
  "tp_count": 2364
}