{
  "gt_count": 10292,
  "mean_obj_recall": 0.030388568633888648,
  "mean_scene_recall": 0.02885736494364555,
  "obj_recalls": {"1": 0.1503267973856209, "2": 0.015447991761071062, "3": 0.020293911826452064, "4": 0.0014760147601476014, "5": 0.008481764206955046, "6": 0.020618556701030927, "7": 0.026463512429831595, "8": 0.0},
  "recall": 0.02885736494364555,
  "scene_recalls": {"1": 0.02885736494364555},
  "targets_count": 10292,
  "tp_count": 297
}