{
  "gt_count": 10292,
  "mean_obj_recall": 0.04327745679914269,
  "mean_scene_recall": 0.04090555771472989,
  "obj_recalls": {"1": 0.20833333333333334, "2": 0.027806385169927908, "3": 0.021693491952414275, "4": 0.004428044280442804, "5": 0.015267175572519083, "6": 0.02663230240549828, "7": 0.0408981555733761, "8": 0.0011607661056297156},
  "recall": 0.04090555771472989,
  "scene_recalls": {"1": 0.04090555771472989},
  "targets_count": 10292,
  "tp_count": 421
}