{
  "gt_count": 10292,
  "mean_obj_recall": 0.018047383505440356,
  "mean_scene_recall": 0.01729498639720171,
  "obj_recalls": {"1": 0.09313725490196079, "2": 0.009268795056642637, "3": 0.018894331700489854, "4": 0.0007380073800738007, "5": 0.004240882103477523, "6": 0.006872852233676976, "7": 0.011226944667201283, "8": 0.0},
  "recall": 0.01729498639720171,
  "scene_recalls": {"1": 0.01729498639720171},
  "targets_count": 10292,
  "tp_count": 178
}