{
  "gt_count": 10292,
  "mean_obj_recall": 0.03835572125482051,
  "mean_scene_recall": 0.036241741158181115,
  "obj_recalls": {"1": 0.18790849673202614, "2": 0.024716786817713696, "3": 0.021693491952414275, "4": 0.002952029520295203, "5": 0.010178117048346057, "6": 0.02491408934707904, "7": 0.034482758620689655, "8": 0.0},
  "recall": 0.036241741158181115,
  "scene_recalls": {"1": 0.036241741158181115},
  "targets_count": 10292,
  "tp_count": 373
}