{
  "gt_count": 10292,
  "mean_obj_recall": 0.008631322951343811,
  "mean_scene_recall": 0.008356004663816556,
  "obj_recalls": {"1": 0.04738562091503268, "2": 0.0020597322348094747, "3": 0.01119664100769769, "4": 0.0, "5": 0.0008481764206955047, "6": 0.005154639175257732, "7": 0.0024057738572574178, "8": 0.0},
  "recall": 0.008356004663816556,
  "scene_recalls": {"1": 0.008356004663816556},
  "targets_count": 10292,
  "tp_count": 86
}