{
  "gt_count": 10292,
  "mean_obj_recall": 0.05047407673378132,
  "mean_scene_recall": 0.047804119704624955,
  "obj_recalls": {"1": 0.22794117647058823, "2": 0.03192584963954686, "3": 0.023792862141357594, "4": 0.006642066420664207, "5": 0.02883799830364716, "6": 0.03006872852233677, "7": 0.05052125100240577, "8": 0.004062681369704005},
  "recall": 0.047804119704624955,
  "scene_recalls": {"1": 0.047804119704624955},
  "targets_count": 10292,
  "tp_count": 492
}