{
  "gt_count": 10292,
  "mean_obj_recall": 0.046677539453363254,
  "mean_scene_recall": 0.04420909444228527,
  "obj_recalls": {"1": 0.22058823529411764, "2": 0.027806385169927908, "3": 0.02309307207837649, "4": 0.005904059040590406, "5": 0.02205258693808312, "6": 0.028350515463917526, "7": 0.04330392943063352, "8": 0.0023215322112594312},
  "recall": 0.04420909444228527,
  "scene_recalls": {"1": 0.04420909444228527},
  "targets_count": 10292,
  "tp_count": 455
}