{
  "gt_count": 10292,
  "mean_obj_recall": 0.052373577916386596,
  "mean_scene_recall": 0.04965021375825884,
  "obj_recalls": {"1": 0.23202614379084968, "2": 0.03192584963954686, "3": 0.026592022393282014, "4": 0.007380073800738007, "5": 0.032230703986429174, "6": 0.03264604810996564, "7": 0.052125100240577385, "8": 0.004062681369704005},
  "recall": 0.04965021375825884,
  "scene_recalls": {"1": 0.04965021375825884},
  "targets_count": 10292,
  "tp_count": 511
}