{
  "gt_count": 10279,
  "mean_obj_recall": 0.40128974390022465,
  "mean_scene_recall": 0.4379215035931454,
  "obj_recalls": {"1": 0.7312091503267973, "2": 0.6045314109165808, "3": 0.2554233729881036, "4": 0.5498154981549815, "5": 0.36980491942324, "6": 0.48711340206185566, "7": 0.0, "8": 0.21242019733023795},
  "recall": 0.4379215035931454,
  "scene_recalls": {"1": 0.4379215035931454},
  "targets_count": 9045,
  "tp_count": 3961
}