{
  "gt_count": 10292,
  "mean_obj_recall": 0.2957482120662708,
  "mean_scene_recall": 0.28031480761756705,
  "obj_recalls": {"1": 0.5874183006535948, "2": 0.4253347064881565, "3": 0.21693491952414276, "4": 0.36678966789667894, "5": 0.179813401187447, "6": 0.25257731958762886, "7": 0.29591018444266237, "8": 0.0412071967498549},
  "recall": 0.28031480761756705,
  "scene_recalls": {"1": 0.28031480761756705},
  "targets_count": 10292,
  "tp_count": 2885
}