{
  "gt_count": 10279,
  "mean_obj_recall": 0.003343911106337258,
  "mean_scene_recall": 0.0035378662244333887,
  "obj_recalls": {"1": 0.0196078431372549, "2": 0.004119464469618949, "3": 0.0006997900629811056, "4": 0.0014760147601476014, "5": 0.0008481764206955047, "6": 0.0, "7": 0.0, "8": 0.0},
  "recall": 0.0035378662244333887,
  "scene_recalls": {"1": 0.0035378662244333887},
  "targets_count": 9045,
  "tp_count": 32
}