{
  "gt_count": 10292,
  "mean_obj_recall": 0.04076271699692398,
  "mean_scene_recall": 0.0378935095219588,
  "obj_recalls": {"1": 0.14460784313725492, "2": 0.07003089598352215, "3": 0.02239328201539538, "4": 0.045756457564575644, "5": 0.0033927056827820186, "6": 0.03350515463917526, "7": 0.006415396952686447, "8": 0.0},
  "recall": 0.0378935095219588,
  "scene_recalls": {"1": 0.0378935095219588},
  "targets_count": 10292,
  "tp_count": 390
}