{
  "gt_count": 10292,
  "mean_obj_recall": 0.3985979248999829,
  "mean_scene_recall": 0.3793237465993004,
  "obj_recalls": {"1": 0.6830065359477124, "2": 0.5581874356333677, "3": 0.23722883135059483, "4": 0.4797047970479705, "5": 0.26632739609838846, "6": 0.38230240549828176, "7": 0.4723336006415397, "8": 0.10969239698200813},
  "recall": 0.3793237465993004,
  "scene_recalls": {"1": 0.3793237465993004},
  "targets_count": 10292,
  "tp_count": 3904
}