{
  "gt_count": 10279,
  "mean_obj_recall": 0.3395562248197905,
  "mean_scene_recall": 0.36650082918739635,
  "obj_recalls": {"1": 0.6830065359477124, "2": 0.5581874356333677, "3": 0.23722883135059483, "4": 0.4797047970479705, "5": 0.26632739609838846, "6": 0.38230240549828176, "7": 0.0, "8": 0.10969239698200813},
  "recall": 0.36650082918739635,
  "scene_recalls": {"1": 0.36650082918739635},
  "targets_count": 9045,
  "tp_count": 3315
}