{
  "gt_count": 10292,
  "mean_obj_recall": 0.5999588864201479,
  "mean_scene_recall": 0.5824912553439565,
  "obj_recalls": {"1": 0.803921568627451, "2": 0.717816683831102, "3": 0.3093072078376487, "4": 0.6, "5": 0.6513994910941476, "6": 0.5738831615120275, "7": 0.7289494787489976, "8": 0.4143934997098085},
  "recall": 0.5824912553439565,
  "scene_recalls": {"1": 0.5824912553439565},
  "targets_count": 10292,
  "tp_count": 5995
}