{
  "gt_count": 10279,
  "mean_obj_recall": 0.4601053788335054,
  "mean_scene_recall": 0.5065782200110558,
  "obj_recalls": {"1": 0.7728758169934641, "2": 0.666323377960865, "3": 0.27991602519244224, "4": 0.5793357933579336, "5": 0.5131467345207803, "6": 0.5343642611683849, "7": 0.0, "8": 0.334881021474173},
  "recall": 0.5065782200110558,
  "scene_recalls": {"1": 0.5065782200110558},
  "targets_count": 9045,
  "tp_count": 4582
}