{
  "gt_count": 10279,
  "mean_obj_recall": 0.25875943901093795,
  "mean_scene_recall": 0.27816473189607516,
  "obj_recalls": {"1": 0.5874183006535948, "2": 0.4253347064881565, "3": 0.21693491952414276, "4": 0.36678966789667894, "5": 0.179813401187447, "6": 0.25257731958762886, "7": 0.0, "8": 0.0412071967498549},
  "recall": 0.27816473189607516,
  "scene_recalls": {"1": 0.27816473189607516},
  "targets_count": 9045,
  "tp_count": 2516
}