{
  "gt_count": 10292,
  "mean_obj_recall": 0.20043461570334936,
  "mean_scene_recall": 0.18985619898950643,
  "obj_recalls": {"1": 0.4452614379084967, "2": 0.2955715756951596, "3": 0.1966410076976907, "4": 0.25461254612546125, "5": 0.11280746395250212, "6": 0.16237113402061856, "7": 0.12750601443464316, "8": 0.008705745792222866},
  "recall": 0.18985619898950643,
  "scene_recalls": {"1": 0.18985619898950643},
  "targets_count": 10292,
  "tp_count": 1954
}