{
  "gt_count": 10279,
  "mean_obj_recall": 0.5453868488846292,
  "mean_scene_recall": 0.6043117744610282,
  "obj_recalls": {"1": 0.8308823529411765, "2": 0.7693099897013388, "3": 0.3435969209237229, "4": 0.622140221402214, "5": 0.714164546225615, "6": 0.6082474226804123, "7": 0.0, "8": 0.4747533372025537},
  "recall": 0.6043117744610282,
  "scene_recalls": {"1": 0.6043117744610282},
  "targets_count": 9045,
  "tp_count": 5466
}