{
  "gt_count": 10279,
  "mean_obj_recall": 0.09190306469929671,
  "mean_scene_recall": 0.10127142067440575,
  "obj_recalls": {"1": 0.42401960784313725, "2": 0.017507723995880537, "3": 0.09657102869139259, "4": 0.00959409594095941, "5": 0.02205258693808312, "6": 0.14690721649484537, "7": 0.0, "8": 0.01857225769007545},
  "recall": 0.10127142067440575,
  "scene_recalls": {"1": 0.10127142067440575},
  "targets_count": 9045,
  "tp_count": 916
}