{
  "gt_count": 10279,
  "mean_obj_recall": 0.12706686151111046,
  "mean_scene_recall": 0.14118297401879493,
  "obj_recalls": {"1": 0.5465686274509803, "2": 0.025746652935118436, "3": 0.11826452064380685, "4": 0.014760147601476014, "5": 0.041560644614079725, "6": 0.21391752577319587, "7": 0.0, "8": 0.05571677307022635},
  "recall": 0.14118297401879493,
  "scene_recalls": {"1": 0.14118297401879493},
  "targets_count": 9045,
  "tp_count": 1277
}