{
  "gt_count": 10292,
  "mean_obj_recall": 0.19896886893900514,
  "mean_scene_recall": 0.19675476097940148,
  "obj_recalls": {"1": 0.6879084967320261, "2": 0.044284243048403706, "3": 0.1630510846745976, "4": 0.033210332103321034, "5": 0.11450381679389313, "6": 0.3548109965635739, "7": 0.042502004811547714, "8": 0.1514799767846779},
  "recall": 0.19675476097940148,
  "scene_recalls": {"1": 0.19675476097940148},
  "targets_count": 10292,
  "tp_count": 2025
}