{
  "gt_count": 10279,
  "mean_obj_recall": 0.1936561183375617,
  "mean_scene_recall": 0.21802100608070757,
  "obj_recalls": {"1": 0.6879084967320261, "2": 0.044284243048403706, "3": 0.1630510846745976, "4": 0.033210332103321034, "5": 0.11450381679389313, "6": 0.3548109965635739, "7": 0.0, "8": 0.1514799767846779},
  "recall": 0.21802100608070757,
  "scene_recalls": {"1": 0.21802100608070757},
  "targets_count": 9045,
  "tp_count": 1972
}