{
  "gt_count": 10292,
  "mean_obj_recall": 0.2891051368624848,
  "mean_scene_recall": 0.288087835211815,
  "obj_recalls": {"1": 0.7630718954248366, "2": 0.07312049433573635, "3": 0.198740377886634, "4": 0.05830258302583026, "5": 0.3290924512298558, "6": 0.46048109965635736, "7": 0.14274258219727345, "8": 0.2872896111433546},
  "recall": 0.288087835211815,
  "scene_recalls": {"1": 0.288087835211815},
  "targets_count": 10292,
  "tp_count": 2965
}