{
  "gt_count": 10279,
  "mean_obj_recall": 0.1595086559676172,
  "mean_scene_recall": 0.17844112769485904,
  "obj_recalls": {"1": 0.6315359477124183, "2": 0.03398558187435633, "3": 0.14135759272218335, "4": 0.024354243542435424, "5": 0.06870229007633588, "6": 0.27920962199312716, "7": 0.0, "8": 0.09692396982008125},
  "recall": 0.17844112769485904,
  "scene_recalls": {"1": 0.17844112769485904},
  "targets_count": 9045,
  "tp_count": 1614
}