{
  "gt_count": 10292,
  "mean_obj_recall": 0.26357818543262135,
  "mean_scene_recall": 0.26263116984065293,
  "obj_recalls": {"1": 0.75, "2": 0.0607621009268795, "3": 0.18964310706787962, "4": 0.05092250922509225, "5": 0.24512298558100085, "6": 0.43986254295532645, "7": 0.11868484362469928, "8": 0.2536273940800929},
  "recall": 0.26263116984065293,
  "scene_recalls": {"1": 0.26263116984065293},
  "targets_count": 10292,
  "tp_count": 2703
}