{
  "gt_count": 10279,
  "mean_obj_recall": 0.024790115172313897,
  "mean_scene_recall": 0.026865671641791045,
  "obj_recalls": {"1": 0.15931372549019607, "2": 0.0010298661174047373, "3": 0.010496850944716585, "4": 0.0, "5": 0.0008481764206955047, "6": 0.02663230240549828, "7": 0.0, "8": 0.0},
  "recall": 0.026865671641791045,
  "scene_recalls": {"1": 0.026865671641791045},
  "targets_count": 9045,
  "tp_count": 243
}