{
  "gt_count": 10279,
  "mean_obj_recall": 0.22050289633164005,
  "mean_scene_recall": 0.24975124378109453,
  "obj_recalls": {"1": 0.7246732026143791, "2": 0.04840370751802266, "3": 0.17494751574527642, "4": 0.04428044280442804, "5": 0.16793893129770993, "6": 0.39948453608247425, "7": 0.0, "8": 0.20429483459082995},
  "recall": 0.24975124378109453,
  "scene_recalls": {"1": 0.24975124378109453},
  "targets_count": 9045,
  "tp_count": 2259
}