{
  "gt_count": 10279,
  "mean_obj_recall": 0.0029616013071895424,
  "mean_scene_recall": 0.0032061912658927585,
  "obj_recalls": {"1": 0.02369281045751634, "2": 0.0, "3": 0.0, "4": 0.0, "5": 0.0, "6": 0.0, "7": 0.0, "8": 0.0},
  "recall": 0.0032061912658927585,
  "scene_recalls": {"1": 0.0032061912658927585},
  "targets_count": 9045,
  "tp_count": 29
}