{
  "gt_count": 10279,
  "mean_obj_recall": 0.27126231408782564,
  "mean_scene_recall": 0.3081260364842454,
  "obj_recalls": {"1": 0.7630718954248366, "2": 0.07312049433573635, "3": 0.198740377886634, "4": 0.05830258302583026, "5": 0.3290924512298558, "6": 0.46048109965635736, "7": 0.0, "8": 0.2872896111433546},
  "recall": 0.3081260364842454,
  "scene_recalls": {"1": 0.3081260364842454},
  "targets_count": 9045,
  "tp_count": 2787
}