{
  "gt_count": 10292,
  "mean_obj_recall": 0.09210354585406816,
  "mean_scene_recall": 0.08919549164399533,
  "obj_recalls": {"1": 0.42401960784313725, "2": 0.017507723995880537, "3": 0.09657102869139259, "4": 0.00959409594095941, "5": 0.02205258693808312, "6": 0.14690721649484537, "7": 0.0016038492381716118, "8": 0.01857225769007545},
  "recall": 0.08919549164399533,
  "scene_recalls": {"1": 0.08919549164399533},
  "targets_count": 10292,
  "tp_count": 918
}