{
  "gt_count": 10279,
  "mean_obj_recall": 0.24874257997953395,
  "mean_scene_recall": 0.28247650635710336,
  "obj_recalls": {"1": 0.75, "2": 0.0607621009268795, "3": 0.18964310706787962, "4": 0.05092250922509225, "5": 0.24512298558100085, "6": 0.43986254295532645, "7": 0.0, "8": 0.2536273940800929},
  "recall": 0.28247650635710336,
  "scene_recalls": {"1": 0.28247650635710336},
  "targets_count": 9045,
  "tp_count": 2555
}