{
  "gt_count": 10292,
  "mean_obj_recall": 0.20781949306839329,
  "mean_scene_recall": 0.19850369218810726,
  "obj_recalls": {"1": 0.5236928104575164, "2": 0.2008238928939238, "3": 0.20083974807557733, "4": 0.17416974169741697, "5": 0.09245122985581, "6": 0.23883161512027493, "7": 0.214915797914996, "8": 0.016831108531630876},
  "recall": 0.19850369218810726,
  "scene_recalls": {"1": 0.19850369218810726},
  "targets_count": 10292,
  "tp_count": 2043
}