{
  "gt_count": 10292,
  "mean_obj_recall": 0.04026576766509042,
  "mean_scene_recall": 0.0387679751263117,
  "obj_recalls": {"1": 0.18137254901960784, "2": 0.010298661174047374, "3": 0.02729181245626312, "4": 0.03616236162361624, "5": 0.0008481764206955047, "6": 0.05412371134020619, "7": 0.012028869286287089, "8": 0.0},
  "recall": 0.0387679751263117,
  "scene_recalls": {"1": 0.0387679751263117},
  "targets_count": 10292,
  "tp_count": 399
}