{
  "gt_count": 10292,
  "mean_obj_recall": 0.11140954465826543,
  "mean_scene_recall": 0.10658764088612514,
  "obj_recalls": {"1": 0.33169934640522875, "2": 0.10401647785787847, "3": 0.13086074177746676, "4": 0.0981549815498155, "5": 0.027989821882951654, "6": 0.14432989690721648, "7": 0.05132317562149158, "8": 0.002901915264074289},
  "recall": 0.10658764088612514,
  "scene_recalls": {"1": 0.10658764088612514},
  "targets_count": 10292,
  "tp_count": 1097
}