{
  "gt_count": 10292,
  "mean_obj_recall": 0.4045173161640269,
  "mean_scene_recall": 0.39059463661095994,
  "obj_recalls": {"1": 0.8047385620915033, "2": 0.3831101956745623, "3": 0.2827151854443667, "4": 0.42583025830258303, "5": 0.22985581000848176, "6": 0.4639175257731959, "7": 0.5084202085004009, "8": 0.1375507835171213},
  "recall": 0.39059463661095994,
  "scene_recalls": {"1": 0.39059463661095994},
  "targets_count": 10292,
  "tp_count": 4020
}