{
  "gt_count": 10292,
  "mean_obj_recall": 0.6524535540326627,
  "mean_scene_recall": 0.6360279828993393,
  "obj_recalls": {"1": 0.934640522875817, "2": 0.6725025746652935, "3": 0.44016794961511546, "4": 0.5771217712177121, "5": 0.7184054283290925, "6": 0.6580756013745704, "7": 0.7874899759422614, "8": 0.4312246082414393},
  "recall": 0.6360279828993393,
  "scene_recalls": {"1": 0.6360279828993393},
  "targets_count": 10292,
  "tp_count": 6546
}