{
  "gt_count": 10292,
  "mean_obj_recall": 0.30391647963341384,
  "mean_scene_recall": 0.29265448892343565,
  "obj_recalls": {"1": 0.6805555555555556, "2": 0.2760041194644696, "3": 0.244926522043387, "4": 0.3047970479704797, "5": 0.1628498727735369, "6": 0.3393470790378007, "7": 0.3520449077786688, "8": 0.07080673244341265},
  "recall": 0.29265448892343565,
  "scene_recalls": {"1": 0.29265448892343565},
  "targets_count": 10292,
  "tp_count": 3012
}