{
  "gt_count": 10292,
  "mean_obj_recall": 0.4875935657890982,
  "mean_scene_recall": 0.47298872910998835,
  "obj_recalls": {"1": 0.8782679738562091, "2": 0.46138002059732236, "3": 0.31350594821553535, "4": 0.4944649446494465, "5": 0.33163698049194235, "6": 0.5575601374570447, "7": 0.6335204490777867, "8": 0.23041207196749855},
  "recall": 0.47298872910998835,
  "scene_recalls": {"1": 0.47298872910998835},
  "targets_count": 10292,
  "tp_count": 4868
}