{
  "gt_count": 10292,
  "mean_obj_recall": 0.056437450866587635,
  "mean_scene_recall": 0.05178779634667703,
  "obj_recalls": {"1": 0.18137254901960784, "2": 0.13594232749742532, "3": 0.042687193841847444, "4": 0.05166051660516605, "5": 0.01102629346904156, "6": 0.011168384879725086, "7": 0.01764234161988773, "8": 0.0},
  "recall": 0.05178779634667703,
  "scene_recalls": {"1": 0.05178779634667703},
  "targets_count": 10292,
  "tp_count": 533
}