{
  "gt_count": 10292,
  "mean_obj_recall": 0.10650059061357245,
  "mean_scene_recall": 0.09852312475709289,
  "obj_recalls": {"1": 0.26715686274509803, "2": 0.21627188465499486, "3": 0.0748775367389783, "4": 0.08118081180811808, "5": 0.05937234944868533, "6": 0.054982817869415807, "7": 0.09061748195669607, "8": 0.0075449796865931515},
  "recall": 0.09852312475709289,
  "scene_recalls": {"1": 0.09852312475709289},
  "targets_count": 10292,
  "tp_count": 1014
}