{
  "gt_count": 10292,
  "mean_obj_recall": 0.0722886221934008,
  "mean_scene_recall": 0.06607073455110765,
  "obj_recalls": {"1": 0.20915032679738563, "2": 0.17816683831101957, "3": 0.0489853044086774, "4": 0.06420664206642067, "5": 0.016963528413910092, "6": 0.02577319587628866, "7": 0.034482758620689655, "8": 0.0005803830528148578},
  "recall": 0.06607073455110765,
  "scene_recalls": {"1": 0.06607073455110765},
  "targets_count": 10292,
  "tp_count": 680
}