{
  "gt_count": 10292,
  "mean_obj_recall": 0.0900120766338765,
  "mean_scene_recall": 0.08278274387874077,
  "obj_recalls": {"1": 0.23529411764705882, "2": 0.20185375901132852, "3": 0.05948215535339398, "4": 0.07675276752767528, "5": 0.03307888040712468, "6": 0.04381443298969072, "7": 0.06575781876503609, "8": 0.004062681369704005},
  "recall": 0.08278274387874077,
  "scene_recalls": {"1": 0.08278274387874077},
  "targets_count": 10292,
  "tp_count": 852
}