{
  "gt_count": 10292,
  "mean_obj_recall": 0.13106200446619015,
  "mean_scene_recall": 0.12232802176447727,
  "obj_recalls": {"1": 0.2908496732026144, "2": 0.23069001029866118, "3": 0.08747375787263821, "4": 0.08118081180811808, "5": 0.1263782866836302, "6": 0.08333333333333333, "7": 0.1218925421010425, "8": 0.026697620429483458},
  "recall": 0.12232802176447727,
  "scene_recalls": {"1": 0.12232802176447727},
  "targets_count": 10292,
  "tp_count": 1259
}