{
  "gt_count": 10292,
  "mean_obj_recall": 0.1196410075846813,
  "mean_scene_recall": 0.11115429459774583,
  "obj_recalls": {"1": 0.2834967320261438, "2": 0.22245108135942326, "3": 0.07977606717984605, "4": 0.08118081180811808, "5": 0.10008481764206956, "6": 0.06701030927835051, "7": 0.107457898957498, "8": 0.01567034242600116},
  "recall": 0.11115429459774583,
  "scene_recalls": {"1": 0.11115429459774583},
  "targets_count": 10292,
  "tp_count": 1144
}