{
  "gt_count": 10292,
  "mean_obj_recall": 0.13825267948053185,
  "mean_scene_recall": 0.12932374659930043,
  "obj_recalls": {"1": 0.29248366013071897, "2": 0.24098867147270855, "3": 0.09377186843946816, "4": 0.08118081180811808, "5": 0.13825275657336725, "6": 0.09278350515463918, "7": 0.132317562149158, "8": 0.03424260011607661},
  "recall": 0.12932374659930043,
  "scene_recalls": {"1": 0.12932374659930043},
  "targets_count": 10292,
  "tp_count": 1331
}