{
  "gt_count": 10292,
  "mean_obj_recall": 0.09221128462888294,
  "mean_scene_recall": 0.08744656043528955,
  "obj_recalls": {"1": 0.3660130718954248, "2": 0.07826982492276004, "3": 0.0496850944716585, "4": 0.007380073800738007, "5": 0.09414758269720101, "6": 0.03264604810996564, "7": 0.08981555733761026, "8": 0.019733023795705164},
  "recall": 0.08744656043528955,
  "scene_recalls": {"1": 0.08744656043528955},
  "targets_count": 10292,
  "tp_count": 900
}