{
  "gt_count": 10292,
  "mean_obj_recall": 0.017362133681358402,
  "mean_scene_recall": 0.016517683637776913,
  "obj_recalls": {"1": 0.12990196078431374, "2": 0.0020597322348094747, "3": 0.0034989503149055285, "4": 0.0, "5": 0.0, "6": 0.003436426116838488, "7": 0.0, "8": 0.0},
  "recall": 0.016517683637776913,
  "scene_recalls": {"1": 0.016517683637776913},
  "targets_count": 10292,
  "tp_count": 170
}