{
  "gt_count": 10292,
  "mean_obj_recall": 0.03430763967573237,
  "mean_scene_recall": 0.03254955305091333,
  "obj_recalls": {"1": 0.1919934640522876, "2": 0.030895983522142123, "3": 0.03498950314905528, "4": 0.0014760147601476014, "5": 0.0016963528413910093, "6": 0.012027491408934709, "7": 0.0008019246190858059, "8": 0.0005803830528148578},
  "recall": 0.03254955305091333,
  "scene_recalls": {"1": 0.03254955305091333},
  "targets_count": 10292,
  "tp_count": 335
}