{
  "gt_count": 10292,
  "mean_obj_recall": 0.02575986319356188,
  "mean_scene_recall": 0.02458219976680917,
  "obj_recalls": {"1": 0.1576797385620915, "2": 0.014418125643666324, "3": 0.023792862141357594, "4": 0.0007380073800738007, "5": 0.0, "6": 0.009450171821305841, "7": 0.0, "8": 0.0},
  "recall": 0.02458219976680917,
  "scene_recalls": {"1": 0.02458219976680917},
  "targets_count": 10292,
  "tp_count": 253
}