{
  "gt_count": 10292,
  "mean_obj_recall": 0.07537607009808943,
  "mean_scene_recall": 0.07122036533229693,
  "obj_recalls": {"1": 0.3431372549019608, "2": 0.06797116374871266, "3": 0.04758572428271519, "4": 0.0051660516605166054, "5": 0.0364715860899067, "6": 0.028350515463917526, "7": 0.0673616680032077, "8": 0.006964596633778294},
  "recall": 0.07122036533229693,
  "scene_recalls": {"1": 0.07122036533229693},
  "targets_count": 10292,
  "tp_count": 733
}