{
  "gt_count": 10292,
  "mean_obj_recall": 0.08387672794868464,
  "mean_scene_recall": 0.07957636999611349,
  "obj_recalls": {"1": 0.3562091503267974, "2": 0.07003089598352215, "3": 0.0489853044086774, "4": 0.005904059040590406, "5": 0.06276505513146735, "6": 0.029209621993127148, "7": 0.08340016038492382, "8": 0.014509576320371444},
  "recall": 0.07957636999611349,
  "scene_recalls": {"1": 0.07957636999611349},
  "targets_count": 10292,
  "tp_count": 819
}