{
  "gt_count": 10292,
  "mean_obj_recall": 0.05469126543739448,
  "mean_scene_recall": 0.05149630781189273,
  "obj_recalls": {"1": 0.28431372549019607, "2": 0.05664263645726056, "3": 0.04198740377886634, "4": 0.002952029520295203, "5": 0.008481764206955046, "6": 0.019759450171821305, "7": 0.02165196471531676, "8": 0.0017411491584445734},
  "recall": 0.05149630781189273,
  "scene_recalls": {"1": 0.05149630781189273},
  "targets_count": 10292,
  "tp_count": 530
}