{
  "gt_count": 10292,
  "mean_obj_recall": 0.06439854196961493,
  "mean_scene_recall": 0.06072677808006218,
  "obj_recalls": {"1": 0.3145424836601307, "2": 0.06591143151390319, "3": 0.04478656403079076, "4": 0.0051660516605166054, "5": 0.01272264631043257, "6": 0.02491408934707904, "7": 0.042502004811547714, "8": 0.0046430644225188625},
  "recall": 0.06072677808006218,
  "scene_recalls": {"1": 0.06072677808006218},
  "targets_count": 10292,
  "tp_count": 625
}