{
  "gt_count": 10292,
  "mean_obj_recall": 0.044673679409042155,
  "mean_scene_recall": 0.04216867469879518,
  "obj_recalls": {"1": 0.23447712418300654, "2": 0.04531410916580844, "3": 0.03988803358992302, "4": 0.002214022140221402, "5": 0.006785411365564037, "6": 0.01632302405498282, "7": 0.011226944667201283, "8": 0.0011607661056297156},
  "recall": 0.04216867469879518,
  "scene_recalls": {"1": 0.04216867469879518},
  "targets_count": 10292,
  "tp_count": 434
}