{
  "bop19_average_recall": 0.02521213887809302,
  "bop19_average_recall_mspd": 0.05337155071900505,
  "bop19_average_recall_mssd": 0.02174504469490867,
  "bop19_average_recall_vsd": 0.0005198212203653323,
  "bop19_average_time_per_image": -1.0
}