{
  "bop19_average_recall": 0.036266031869413136,
  "bop19_average_recall_mspd": 0.048319082782743876,
  "bop19_average_recall_mssd": 0.03580450835600467,
  "bop19_average_recall_vsd": 0.024674504469490866,
  "bop19_average_time_per_image": -1.0
}