{
  "gt_count": 10292,
  "mean_obj_recall": 0.02923340574042941,
  "mean_scene_recall": 0.027205596579867857,
  "obj_recalls": {"1": 0.11601307189542484, "2": 0.03810504634397528, "3": 0.0, "4": 0.03099630996309963, "5": 0.004240882103477523, "6": 0.02147766323024055, "7": 0.022453889334402566, "8": 0.0005803830528148578},
  "recall": 0.027205596579867857,
  "scene_recalls": {"1": 0.027205596579867857},
  "targets_count": 10292,
  "tp_count": 280
}