{
  "gt_count": 10292,
  "mean_obj_recall": 0.018840177463302944,
  "mean_scene_recall": 0.01748931208705791,
  "obj_recalls": {"1": 0.08415032679738563, "2": 0.024716786817713696, "3": 0.0, "4": 0.01845018450184502, "5": 0.0016963528413910093, "6": 0.01288659793814433, "7": 0.008821170809943865, "8": 0.0},
  "recall": 0.01748931208705791,
  "scene_recalls": {"1": 0.01748931208705791},
  "targets_count": 10292,
  "tp_count": 180
}