{
  "gt_count": 10292,
  "mean_obj_recall": 0.06973974844052129,
  "mean_scene_recall": 0.06597357170617955,
  "obj_recalls": {"1": 0.20669934640522875, "2": 0.07929969104016478, "3": 0.0034989503149055285, "4": 0.05830258302583026, "5": 0.041560644614079725, "6": 0.04982817869415808, "7": 0.09783480352846832, "8": 0.02089378990133488},
  "recall": 0.06597357170617955,
  "scene_recalls": {"1": 0.06597357170617955},
  "targets_count": 10292,
  "tp_count": 679
}