{
  "gt_count": 10292,
  "mean_obj_recall": 0.039126175767636995,
  "mean_scene_recall": 0.03663039253789351,
  "obj_recalls": {"1": 0.14215686274509803, "2": 0.04737384140061792, "3": 0.0, "4": 0.04649446494464945, "5": 0.005937234944868533, "6": 0.029209621993127148, "7": 0.040096230954290296, "8": 0.0017411491584445734},
  "recall": 0.03663039253789351,
  "scene_recalls": {"1": 0.03663039253789351},
  "targets_count": 10292,
  "tp_count": 377
}