{
  "gt_count": 10292,
  "mean_obj_recall": 0.05839981345584697,
  "mean_scene_recall": 0.054994170229304314,
  "obj_recalls": {"1": 0.19852941176470587, "2": 0.06797116374871266, "3": 0.0006997900629811056, "4": 0.05682656826568266, "5": 0.022900763358778626, "6": 0.04553264604810996, "7": 0.06255012028869286, "8": 0.012188044109112013},
  "recall": 0.054994170229304314,
  "scene_recalls": {"1": 0.054994170229304314},
  "targets_count": 10292,
  "tp_count": 566
}