{
  "gt_count": 10292,
  "mean_obj_recall": 0.013460400647249389,
  "mean_scene_recall": 0.012631169840652934,
  "obj_recalls": {"1": 0.0718954248366013, "2": 0.01132852729145211, "3": 0.0, "4": 0.012546125461254613, "5": 0.0, "6": 0.010309278350515464, "7": 0.0016038492381716118, "8": 0.0},
  "recall": 0.012631169840652934,
  "scene_recalls": {"1": 0.012631169840652934},
  "targets_count": 10292,
  "tp_count": 130
}