{
  "gt_count": 10292,
  "mean_obj_recall": 0.0644288601516926,
  "mean_scene_recall": 0.06072677808006218,
  "obj_recalls": {"1": 0.20506535947712418, "2": 0.07518022657054584, "3": 0.0013995801259622112, "4": 0.05682656826568266, "5": 0.031382527565733676, "6": 0.048109965635738834, "7": 0.0817963111467522, "8": 0.01567034242600116},
  "recall": 0.06072677808006218,
  "scene_recalls": {"1": 0.06072677808006218},
  "targets_count": 10292,
  "tp_count": 625
}