{
  "gt_count": 10292,
  "mean_obj_recall": 0.05038283900149816,
  "mean_scene_recall": 0.047221142635056355,
  "obj_recalls": {"1": 0.17892156862745098, "2": 0.06282183316168898, "3": 0.0006997900629811056, "4": 0.05387453874538745, "5": 0.011874469889737066, "6": 0.036941580756013746, "7": 0.052125100240577385, "8": 0.005803830528148578},
  "recall": 0.047221142635056355,
  "scene_recalls": {"1": 0.047221142635056355},
  "targets_count": 10292,
  "tp_count": 486
}