{
  "gt_count": 10279,
  "mean_obj_recall": 0.26557522068100037,
  "mean_scene_recall": 0.29762299613045884,
  "obj_recalls": {"1": 0.5735294117647058, "2": 0.2564366632337796, "3": 0.05178446466060182, "4": 0.03173431734317343, "5": 0.6361323155216285, "6": 0.20876288659793815, "7": 0.0, "8": 0.3662217063261753},
  "recall": 0.29762299613045884,
  "scene_recalls": {"1": 0.29762299613045884},
  "targets_count": 9045,
  "tp_count": 2692
}