{
  "gt_count": 10279,
  "mean_obj_recall": 0.23232976873728003,
  "mean_scene_recall": 0.2606965174129353,
  "obj_recalls": {"1": 0.5334967320261438, "2": 0.18949536560247168, "3": 0.04478656403079076, "4": 0.016236162361623615, "5": 0.5962680237489398, "6": 0.16494845360824742, "7": 0.0, "8": 0.3134068485200232},
  "recall": 0.2606965174129353,
  "scene_recalls": {"1": 0.2606965174129353},
  "targets_count": 9045,
  "tp_count": 2358
}