{
  "gt_count": 10279,
  "mean_obj_recall": 0.24634733795356767,
  "mean_scene_recall": 0.2761746821448314,
  "obj_recalls": {"1": 0.5473856209150327, "2": 0.21936148300720906, "3": 0.04688593421973408, "4": 0.025830258302583026, "5": 0.6183206106870229, "6": 0.17869415807560138, "7": 0.0, "8": 0.3343006384213581},
  "recall": 0.2761746821448314,
  "scene_recalls": {"1": 0.2761746821448314},
  "targets_count": 9045,
  "tp_count": 2498
}