{
  "gt_count": 10292,
  "mean_obj_recall": 0.32841335049040865,
  "mean_scene_recall": 0.3234551107656432,
  "obj_recalls": {"1": 0.5833333333333334, "2": 0.2698249227600412, "3": 0.05948215535339398, "4": 0.033210332103321034, "5": 0.6429177268871925, "6": 0.22250859106529208, "7": 0.4202085004009623, "8": 0.395821242019733},
  "recall": 0.3234551107656432,
  "scene_recalls": {"1": 0.3234551107656432},
  "targets_count": 10292,
  "tp_count": 3329
}