{
  "gt_count": 10292,
  "mean_obj_recall": 0.07269750927507669,
  "mean_scene_recall": 0.07190050524679363,
  "obj_recalls": {"1": 0.21323529411764705, "2": 0.006179196704428424, "3": 0.0034989503149055285, "4": 0.0, "5": 0.12468193384223919, "6": 0.024054982817869417, "7": 0.14434643143544507, "8": 0.06558328496807893},
  "recall": 0.07190050524679363,
  "scene_recalls": {"1": 0.07190050524679363},
  "targets_count": 10292,
  "tp_count": 740
}