{
  "gt_count": 10279,
  "mean_obj_recall": 0.21171450811635983,
  "mean_scene_recall": 0.23814262023217247,
  "obj_recalls": {"1": 0.511437908496732, "2": 0.14933058702368693, "3": 0.03988803358992302, "4": 0.013284132841328414, "5": 0.549618320610687, "6": 0.14518900343642613, "7": 0.0, "8": 0.2849680789320952},
  "recall": 0.23814262023217247,
  "scene_recalls": {"1": 0.23814262023217247},
  "targets_count": 9045,
  "tp_count": 2154
}