{
  "gt_count": 10279,
  "mean_obj_recall": 0.2864345656749835,
  "mean_scene_recall": 0.32338308457711445,
  "obj_recalls": {"1": 0.5915032679738562, "2": 0.27909371781668385, "3": 0.06438068579426172, "4": 0.03985239852398524, "5": 0.6480067854113656, "6": 0.23625429553264604, "7": 0.0, "8": 0.4323853743470691},
  "recall": 0.32338308457711445,
  "scene_recalls": {"1": 0.32338308457711445},
  "targets_count": 9045,
  "tp_count": 2925
}