{
  "gt_count": 10279,
  "mean_obj_recall": 0.1373666834106876,
  "mean_scene_recall": 0.15511332227750138,
  "obj_recalls": {"1": 0.4117647058823529, "2": 0.04840370751802266, "3": 0.015395381385584325, "4": 0.0, "5": 0.363019508057676, "6": 0.08333333333333333, "7": 0.0, "8": 0.17701683110853164},
  "recall": 0.15511332227750138,
  "scene_recalls": {"1": 0.15511332227750138},
  "targets_count": 9045,
  "tp_count": 1403
}