{
  "gt_count": 10292,
  "mean_obj_recall": 0.3395620716894181,
  "mean_scene_recall": 0.33569762922658375,
  "obj_recalls": {"1": 0.5915032679738562, "2": 0.27909371781668385, "3": 0.06438068579426172, "4": 0.03985239852398524, "5": 0.6480067854113656, "6": 0.23625429553264604, "7": 0.42502004811547717, "8": 0.4323853743470691},
  "recall": 0.33569762922658375,
  "scene_recalls": {"1": 0.33569762922658375},
  "targets_count": 10292,
  "tp_count": 3455
}