{
  "gt_count": 10292,
  "mean_obj_recall": 0.17034583337059137,
  "mean_scene_recall": 0.16828604741546832,
  "obj_recalls": {"1": 0.4117647058823529, "2": 0.04840370751802266, "3": 0.015395381385584325, "4": 0.0, "5": 0.363019508057676, "6": 0.08333333333333333, "7": 0.26383319967923013, "8": 0.17701683110853164},
  "recall": 0.16828604741546832,
  "scene_recalls": {"1": 0.16828604741546832},
  "targets_count": 10292,
  "tp_count": 1732
}