{
  "gt_count": 10279,
  "mean_obj_recall": 0.2558646950948239,
  "mean_scene_recall": 0.28689883913764513,
  "obj_recalls": {"1": 0.5637254901960784, "2": 0.23583934088568487, "3": 0.05038488453463961, "4": 0.028044280442804426, "5": 0.6276505513146734, "6": 0.19072164948453607, "7": 0.0, "8": 0.3505513639001741},
  "recall": 0.28689883913764513,
  "scene_recalls": {"1": 0.28689883913764513},
  "targets_count": 9045,
  "tp_count": 2595
}