{
  "gt_count": 10292,
  "mean_obj_recall": 0.5346151571012423,
  "mean_scene_recall": 0.52147298872911,
  "obj_recalls": {"1": 0.9150326797385621, "2": 0.5633367662203913, "3": 0.3932820153953814, "4": 0.5166051660516605, "5": 0.5173876166242578, "6": 0.6151202749140894, "7": 0.40096230954290296, "8": 0.355194428322693},
  "recall": 0.52147298872911,
  "scene_recalls": {"1": 0.52147298872911},
  "targets_count": 10292,
  "tp_count": 5367
}