{
  "gt_count": 10279,
  "mean_obj_recall": 0.2572781588367345,
  "mean_scene_recall": 0.28126036484245437,
  "obj_recalls": {"1": 0.6552287581699346, "2": 0.2883625128733265, "3": 0.24282715185444367, "4": 0.3018450184501845, "5": 0.17726887192536048, "6": 0.32130584192439865, "7": 0.0, "8": 0.0713871154962275},
  "recall": 0.28126036484245437,
  "scene_recalls": {"1": 0.28126036484245437},
  "targets_count": 9045,
  "tp_count": 2544
}