{
  "gt_count": 10292,
  "mean_obj_recall": 0.2719132831350505,
  "mean_scene_recall": 0.26136805285658765,
  "obj_recalls": {"1": 0.6552287581699346, "2": 0.2883625128733265, "3": 0.24282715185444367, "4": 0.3018450184501845, "5": 0.17726887192536048, "6": 0.32130584192439865, "7": 0.11708099438652766, "8": 0.0713871154962275},
  "recall": 0.26136805285658765,
  "scene_recalls": {"1": 0.26136805285658765},
  "targets_count": 10292,
  "tp_count": 2690
}