{
  "gt_count": 10279,
  "mean_obj_recall": 0.08588738141102728,
  "mean_scene_recall": 0.09309010503040353,
  "obj_recalls": {"1": 0.29820261437908496, "2": 0.0854788877445932, "3": 0.10076976906927922, "4": 0.06199261992619926, "5": 0.02205258693808312, "6": 0.11512027491408934, "7": 0.0, "8": 0.003482298316889147},
  "recall": 0.09309010503040353,
  "scene_recalls": {"1": 0.09309010503040353},
  "targets_count": 9045,
  "tp_count": 842
}