{
  "gt_count": 10279,
  "mean_obj_recall": 0.33753102406165286,
  "mean_scene_recall": 0.370702045328911,
  "obj_recalls": {"1": 0.7794117647058824, "2": 0.4047373841400618, "3": 0.28831350594821553, "4": 0.4059040590405904, "5": 0.24173027989821882, "6": 0.43041237113402064, "7": 0.0, "8": 0.1497388276262333},
  "recall": 0.370702045328911,
  "scene_recalls": {"1": 0.370702045328911},
  "targets_count": 9045,
  "tp_count": 3353
}