{
  "gt_count": 10292,
  "mean_obj_recall": 0.6475175068456025,
  "mean_scene_recall": 0.6331130975514964,
  "obj_recalls": {"1": 0.9419934640522876, "2": 0.7209062821833162, "3": 0.48565430370888735, "4": 0.5608856088560885, "5": 0.7379134860050891, "6": 0.7053264604810997, "7": 0.5300721732157178, "8": 0.4973882762623331},
  "recall": 0.6331130975514964,
  "scene_recalls": {"1": 0.6331130975514964},
  "targets_count": 10292,
  "tp_count": 6516
}