{
  "gt_count": 10279,
  "mean_obj_recall": 0.16922656771483155,
  "mean_scene_recall": 0.1839690436705362,
  "obj_recalls": {"1": 0.48937908496732024, "2": 0.18331616889804325, "3": 0.19034289713086075, "4": 0.15645756457564575, "5": 0.10178117048346055, "6": 0.2104810996563574, "7": 0.0, "8": 0.022054556006964595},
  "recall": 0.1839690436705362,
  "scene_recalls": {"1": 0.1839690436705362},
  "targets_count": 9045,
  "tp_count": 1664
}