{
  "gt_count": 10279,
  "mean_obj_recall": 0.4844948684083794,
  "mean_scene_recall": 0.5380873410724157,
  "obj_recalls": {"1": 0.9150326797385621, "2": 0.5633367662203913, "3": 0.3932820153953814, "4": 0.5166051660516605, "5": 0.5173876166242578, "6": 0.6151202749140894, "7": 0.0, "8": 0.355194428322693},
  "recall": 0.5380873410724157,
  "scene_recalls": {"1": 0.5380873410724157},
  "targets_count": 9045,
  "tp_count": 4867
}