{
  "gt_count": 10279,
  "mean_obj_recall": 0.5812584851936378,
  "mean_scene_recall": 0.6473189607517966,
  "obj_recalls": {"1": 0.9419934640522876, "2": 0.7209062821833162, "3": 0.48565430370888735, "4": 0.5608856088560885, "5": 0.7379134860050891, "6": 0.7053264604810997, "7": 0.0, "8": 0.4973882762623331},
  "recall": 0.6473189607517966,
  "scene_recalls": {"1": 0.6473189607517966},
  "targets_count": 9045,
  "tp_count": 5855
}