{
  "gt_count": 10292,
  "mean_obj_recall": 0.46363973802007885,
  "mean_scene_recall": 0.45481927710843373,
  "obj_recalls": {"1": 0.8643790849673203, "2": 0.2924819773429454, "3": 0.3107067879636109, "4": 0.36531365313653136, "5": 0.3935538592027142, "6": 0.5549828178694158, "7": 0.6479550922213312, "8": 0.2797446314567615},
  "recall": 0.45481927710843373,
  "scene_recalls": {"1": 0.45481927710843373},
  "targets_count": 10292,
  "tp_count": 4681
}