{
  "gt_count": 10292,
  "mean_obj_recall": 0.40417396281015394,
  "mean_scene_recall": 0.395549941702293,
  "obj_recalls": {"1": 0.8218954248366013, "2": 0.243048403707518, "3": 0.2820153953813856, "4": 0.3291512915129151, "5": 0.28074639525021206, "6": 0.5128865979381443, "7": 0.5541299117882919, "8": 0.20951828206616366},
  "recall": 0.395549941702293,
  "scene_recalls": {"1": 0.395549941702293},
  "targets_count": 10292,
  "tp_count": 4071
}