{
  "gt_count": 10292,
  "mean_obj_recall": 0.17974680358781742,
  "mean_scene_recall": 0.17226972405752042,
  "obj_recalls": {"1": 0.5098039215686274, "2": 0.12976313079299692, "3": 0.17984604618614417, "4": 0.1003690036900369, "5": 0.06446140797285835, "6": 0.23539518900343642, "7": 0.2020850040096231, "8": 0.01625072547881602},
  "recall": 0.17226972405752042,
  "scene_recalls": {"1": 0.17226972405752042},
  "targets_count": 10292,
  "tp_count": 1773
}