{
  "gt_count": 10292,
  "mean_obj_recall": 0.3303893034385849,
  "mean_scene_recall": 0.32131752817722503,
  "obj_recalls": {"1": 0.7622549019607843, "2": 0.2121524201853759, "3": 0.2561231630510847, "4": 0.2612546125461255, "5": 0.183206106870229, "6": 0.44072164948453607, "7": 0.39855653568564553, "8": 0.12884503772489844},
  "recall": 0.32131752817722503,
  "scene_recalls": {"1": 0.32131752817722503},
  "targets_count": 10292,
  "tp_count": 3307
}