{
  "gt_count": 10292,
  "mean_obj_recall": 0.5142040573127576,
  "mean_scene_recall": 0.5045666537116207,
  "obj_recalls": {"1": 0.8823529411764706, "2": 0.3419155509783728, "3": 0.3337998600419874, "4": 0.38228782287822877, "5": 0.5470737913486005, "6": 0.584192439862543, "7": 0.702485966319166, "8": 0.3395240858966918},
  "recall": 0.5045666537116207,
  "scene_recalls": {"1": 0.5045666537116207},
  "targets_count": 10292,
  "tp_count": 5193
}