{
  "gt_count": 10292,
  "mean_obj_recall": 0.03726175963179546,
  "mean_scene_recall": 0.03575592693354061,
  "obj_recalls": {"1": 0.18055555555555555, "2": 0.008238928939237899, "3": 0.02729181245626312, "4": 0.01918819188191882, "5": 0.0008481764206955047, "6": 0.05154639175257732, "7": 0.010425020048115477, "8": 0.0},
  "recall": 0.03575592693354061,
  "scene_recalls": {"1": 0.03575592693354061},
  "targets_count": 10292,
  "tp_count": 368
}