{
  "gt_count": 10292,
  "mean_obj_recall": 0.5789919720998356,
  "mean_scene_recall": 0.5658764088612515,
  "obj_recalls": {"1": 0.9166666666666666, "2": 0.7003089598352215, "3": 0.39538138558432473, "4": 0.28044280442804426, "5": 0.6921119592875318, "6": 0.622852233676976, "7": 0.48035284683239776, "8": 0.5438189204875218},
  "recall": 0.5658764088612515,
  "scene_recalls": {"1": 0.5658764088612515},
  "targets_count": 10292,
  "tp_count": 5824
}