{
  "gt_count": 10292,
  "mean_obj_recall": 0.4814918875337637,
  "mean_scene_recall": 0.47211426350563546,
  "obj_recalls": {"1": 0.9003267973856209, "2": 0.4253347064881565, "3": 0.3813855843247026, "4": 0.12619926199261994, "5": 0.6140797285835454, "6": 0.5996563573883161, "7": 0.38011226944667204, "8": 0.4248403946604759},
  "recall": 0.47211426350563546,
  "scene_recalls": {"1": 0.47211426350563546},
  "targets_count": 10292,
  "tp_count": 4859
}