{
  "gt_count": 10292,
  "mean_obj_recall": 0.19769458211937596,
  "mean_scene_recall": 0.19976680917217257,
  "obj_recalls": {"1": 0.6633986928104575, "2": 0.01132852729145211, "3": 0.13226032190342898, "4": 0.0, "5": 0.2001696352841391, "6": 0.28951890034364264, "7": 0.04170008019246191, "8": 0.2431804991294254},
  "recall": 0.19976680917217257,
  "scene_recalls": {"1": 0.19976680917217257},
  "targets_count": 10292,
  "tp_count": 2056
}