{
  "gt_count": 10292,
  "mean_obj_recall": 0.5114101185550808,
  "mean_scene_recall": 0.5001943256898562,
  "obj_recalls": {"1": 0.9044117647058824, "2": 0.5190525231719877, "3": 0.3911826452064381, "4": 0.16014760147601476, "5": 0.6454622561492791, "6": 0.6039518900343642, "7": 0.41379310344827586, "8": 0.4532791642484039},
  "recall": 0.5001943256898562,
  "scene_recalls": {"1": 0.5001943256898562},
  "targets_count": 10292,
  "tp_count": 5148
}