{
  "gt_count": 10292,
  "mean_obj_recall": 0.28505314733368176,
  "mean_scene_recall": 0.2852701127089001,
  "obj_recalls": {"1": 0.7875816993464052, "2": 0.06488156539649846, "3": 0.23093072078376486, "4": 0.0007380073800738007, "5": 0.3452078032230704, "6": 0.4424398625429553, "7": 0.10104250200481155, "8": 0.3076030179918746},
  "recall": 0.2852701127089001,
  "scene_recalls": {"1": 0.2852701127089001},
  "targets_count": 10292,
  "tp_count": 2936
}