{
  "1": {
    "diameter": 205.17724944542786,
    "min_x": -81.95719909667969,
    "min_y": -4.708990097045898,
    "min_z": -28.900800704956055,
    "size_x": 169.0032958984375,
    "size_y": 22.736289978027344,
    "size_z": 114.09930229187012
  },
  "2": {
    "diameter": 61.67850772199529,
    "min_x": -24.148300170898438,
    "min_y": 0.43424999713897705,
    "min_z": -12.461999893188477,
    "size_x": 37.38059997558594,
    "size_y": 32.94324862957001,
    "size_z": 36.35479927062988
  },
  "3": {
    "diameter": 89.04149340239634,
    "min_x": -36.02880096435547,
    "min_y": 9.79535961151123,
    "min_z": -14.9798002243042,
    "size_x": 66.25130081176758,
    "size_y": 18.503239631652832,
    "size_z": 56.540099143981934
  },
  "4": {
    "diameter": 96.35528044333024,
    "min_x": -28.68400001525879,
    "min_y": -0.8992000222206116,
    "min_z": -18.185199737548828,
    "size_x": 37.92796039581299,
    "size_y": 36.16879993677139,
    "size_z": 80.85559844970703
  },
  "5": {
    "diameter": 160.15756560240325,
    "min_x": -30.839000701904297,
    "min_y": -14.058500289916992,
    "min_z": -49.11199951171875,
    "size_x": 40.10696029663086,
    "size_y": 52.040998458862305,
    "size_z": 146.060302734375
  },
  "6": {
    "diameter": 129.50141319068484,
    "min_x": -73.45939636230469,
    "min_y": -6.705570220947266,
    "min_z": -13.584699630737305,
    "size_x": 89.96349716186523,
    "size_y": 33.70897102355957,
    "size_z": 86.83830070495605
  },
  "7": {
    "diameter": 159.25543227151115,
    "min_x": -45.98440170288086,
    "min_y": -24.989299774169922,
    "min_z": -99.10440063476562,
    "size_x": 49.90094184875488,
    "size_y": 39.89989948272705,
    "size_z": 145.87730026245117
  },
  "8": {
    "diameter": 200.56245755263274,
    "min_x": -53.27880096435547,
    "min_y": -10.16569995880127,
    "min_z": -109.5790023803711,
    "size_x": 86.04100036621094,
    "size_y": 35.50179958343506,
    "size_z": 177.65660095214844
  }
}