{
  "gt_count": 10279,
  "mean_obj_recall": 0.11174617104742336,
  "mean_scene_recall": 0.12283029297954672,
  "obj_recalls": {"1": 0.45588235294117646, "2": 0.03398558187435633, "3": 0.1364590622813156, "4": 0.025830258302583026, "5": 0.027989821882951654, "6": 0.19931271477663232, "7": 0.0, "8": 0.014509576320371444},
  "recall": 0.12283029297954672,
  "scene_recalls": {"1": 0.12283029297954672},
  "targets_count": 9045,
  "tp_count": 1111
}