{
  "gt_count": 10279,
  "mean_obj_recall": 0.19175797873128006,
  "mean_scene_recall": 0.2127142067440575,
  "obj_recalls": {"1": 0.6821895424836601, "2": 0.06591143151390319, "3": 0.17634709587123862, "4": 0.08118081180811808, "5": 0.07888040712468193, "6": 0.36597938144329895, "7": 0.0, "8": 0.08357515960533952},
  "recall": 0.2127142067440575,
  "scene_recalls": {"1": 0.2127142067440575},
  "targets_count": 9045,
  "tp_count": 1924
}