{
  "gt_count": 10279,
  "mean_obj_recall": 0.3164627166348293,
  "mean_scene_recall": 0.35765616362631286,
  "obj_recalls": {"1": 0.8022875816993464, "2": 0.13594232749742532, "3": 0.2624212736179146, "4": 0.15793357933579336, "5": 0.37150127226463103, "6": 0.5137457044673539, "7": 0.0, "8": 0.2878699941961695},
  "recall": 0.35765616362631286,
  "scene_recalls": {"1": 0.35765616362631286},
  "targets_count": 9045,
  "tp_count": 3235
}