{
  "gt_count": 10279,
  "mean_obj_recall": 0.0696588362612725,
  "mean_scene_recall": 0.07672747374239912,
  "obj_recalls": {"1": 0.2973856209150327, "2": 0.015447991761071062, "3": 0.10286913925822254, "4": 0.01107011070110701, "5": 0.008481764206955046, "6": 0.12027491408934708, "7": 0.0, "8": 0.0017411491584445734},
  "recall": 0.07672747374239912,
  "scene_recalls": {"1": 0.07672747374239912},
  "targets_count": 9045,
  "tp_count": 694
}