{
  "gt_count": 10279,
  "mean_obj_recall": 0.22798140173368103,
  "mean_scene_recall": 0.2542841348811498,
  "obj_recalls": {"1": 0.7418300653594772, "2": 0.07826982492276004, "3": 0.20293911826452066, "4": 0.1055350553505535, "5": 0.13316369804919423, "6": 0.4338487972508591, "7": 0.0, "8": 0.1282646546720836},
  "recall": 0.2542841348811498,
  "scene_recalls": {"1": 0.2542841348811498},
  "targets_count": 9045,
  "tp_count": 2300
}