{
  "gt_count": 10279,
  "mean_obj_recall": 0.00505764874757246,
  "mean_scene_recall": 0.00552791597567717,
  "obj_recalls": {"1": 0.03676470588235294, "2": 0.0, "3": 0.002099370188943317, "4": 0.0007380073800738007, "5": 0.0, "6": 0.000859106529209622, "7": 0.0, "8": 0.0},
  "recall": 0.00552791597567717,
  "scene_recalls": {"1": 0.00552791597567717},
  "targets_count": 9045,
  "tp_count": 50
}