{
  "gt_count": 10279,
  "mean_obj_recall": 0.029780876671509405,
  "mean_scene_recall": 0.03239358761746822,
  "obj_recalls": {"1": 0.17320261437908496, "2": 0.0010298661174047373, "3": 0.01959412176347096, "4": 0.0014760147601476014, "5": 0.0008481764206955047, "6": 0.04209621993127148, "7": 0.0, "8": 0.0},
  "recall": 0.03239358761746822,
  "scene_recalls": {"1": 0.03239358761746822},
  "targets_count": 9045,
  "tp_count": 293
}