{
  "gt_count": 10279,
  "mean_obj_recall": 0.5493630016226685,
  "mean_scene_recall": 0.6068546158098397,
  "obj_recalls": {"1": 0.9272875816993464, "2": 0.7188465499485067, "3": 0.42197340797760674, "4": 0.6125461254612546, "5": 0.6827820186598813, "6": 0.6426116838487973, "7": 0.0, "8": 0.3888566453859547},
  "recall": 0.6068546158098397,
  "scene_recalls": {"1": 0.6068546158098397},
  "targets_count": 9045,
  "tp_count": 5489
}