{
  "gt_count": 10279,
  "mean_obj_recall": 0.49691450113682667,
  "mean_scene_recall": 0.5485903814262023,
  "obj_recalls": {"1": 0.9199346405228758, "2": 0.6343975283213182, "3": 0.3820853743876837, "4": 0.5852398523985239, "5": 0.5055131467345207, "6": 0.6237113402061856, "7": 0.0, "8": 0.3244341265235055},
  "recall": 0.5485903814262023,
  "scene_recalls": {"1": 0.5485903814262023},
  "targets_count": 9045,
  "tp_count": 4962
}