{
  "gt_count": 10279,
  "mean_obj_recall": 0.5875956247393825,
  "mean_scene_recall": 0.6506357103372029,
  "obj_recalls": {"1": 0.9428104575163399, "2": 0.7713697219361483, "3": 0.483554933519944, "4": 0.6273062730627307, "5": 0.7608142493638677, "6": 0.6743986254295533, "7": 0.0, "8": 0.4405107370864771},
  "recall": 0.6506357103372029,
  "scene_recalls": {"1": 0.6506357103372029},
  "targets_count": 9045,
  "tp_count": 5885
}