{
  "gt_count": 10279,
  "mean_obj_recall": 0.3640914517245054,
  "mean_scene_recall": 0.3982310668877833,
  "obj_recalls": {"1": 0.815359477124183, "2": 0.46755921730175076, "3": 0.2995101469559132, "4": 0.4752767527675277, "5": 0.23918575063613232, "6": 0.4742268041237113, "7": 0.0, "8": 0.1416134648868253},
  "recall": 0.3982310668877833,
  "scene_recalls": {"1": 0.3982310668877833},
  "targets_count": 9045,
  "tp_count": 3602
}