{
  "gt_count": 10279,
  "mean_obj_recall": 0.03946414432503009,
  "mean_scene_recall": 0.043228302929795466,
  "obj_recalls": {"1": 0.1830065359477124, "2": 0.01132852729145211, "3": 0.02729181245626312, "4": 0.03911439114391144, "5": 0.0008481764206955047, "6": 0.05412371134020619, "7": 0.0, "8": 0.0},
  "recall": 0.043228302929795466,
  "scene_recalls": {"1": 0.043228302929795466},
  "targets_count": 9045,
  "tp_count": 391
}