{
  "gt_count": 10279,
  "mean_obj_recall": 0.11078827272509603,
  "mean_scene_recall": 0.11973466003316749,
  "obj_recalls": {"1": 0.33251633986928103, "2": 0.13594232749742532, "3": 0.13296011196641008, "4": 0.10627306273062731, "5": 0.031382527565733676, "6": 0.14432989690721648, "7": 0.0, "8": 0.002901915264074289},
  "recall": 0.11973466003316749,
  "scene_recalls": {"1": 0.11973466003316749},
  "targets_count": 9045,
  "tp_count": 1083
}