{
  "gt_count": 10279,
  "mean_obj_recall": 0.2790762747547866,
  "mean_scene_recall": 0.3041459369817579,
  "obj_recalls": {"1": 0.6911764705882353, "2": 0.345005149330587, "3": 0.24842547235829252, "4": 0.36014760147601477, "5": 0.1670907548770144, "6": 0.3487972508591065, "7": 0.0, "8": 0.07196749854904237},
  "recall": 0.3041459369817579,
  "scene_recalls": {"1": 0.3041459369817579},
  "targets_count": 9045,
  "tp_count": 2751
}