{
  "gt_count": 10279,
  "mean_obj_recall": 0.19353091167457928,
  "mean_scene_recall": 0.2091763405196241,
  "obj_recalls": {"1": 0.5261437908496732, "2": 0.2451081359423275, "3": 0.20713785864240727, "4": 0.20811808118081182, "5": 0.10178117048346055, "6": 0.24312714776632302, "7": 0.0, "8": 0.016831108531630876},
  "recall": 0.2091763405196241,
  "scene_recalls": {"1": 0.2091763405196241},
  "targets_count": 9045,
  "tp_count": 1892
}