{
  "gt_count": 10292,
  "mean_obj_recall": 0.004795714442462625,
  "mean_scene_recall": 0.004566653711620676,
  "obj_recalls": {"1": 0.03594771241830065, "2": 0.0, "3": 0.0006997900629811056, "4": 0.0, "5": 0.0, "6": 0.001718213058419244, "7": 0.0, "8": 0.0},
  "recall": 0.004566653711620676,
  "scene_recalls": {"1": 0.004566653711620676},
  "targets_count": 10292,
  "tp_count": 47
}