{
  "gt_count": 10292,
  "mean_obj_recall": 0.03576076370449424,
  "mean_scene_recall": 0.03468713563933152,
  "obj_recalls": {"1": 0.1707516339869281, "2": 0.02059732234809475, "3": 0.05738278516445067, "4": 0.002952029520295203, "5": 0.0016963528413910093, "6": 0.009450171821305841, "7": 0.023255813953488372, "8": 0.0},
  "recall": 0.03468713563933152,
  "scene_recalls": {"1": 0.03468713563933152},
  "targets_count": 10292,
  "tp_count": 357
}