{
  "gt_count": 10292,
  "mean_obj_recall": 0.021528977879042923,
  "mean_scene_recall": 0.020598523124757094,
  "obj_recalls": {"1": 0.1388888888888889, "2": 0.005149330587023687, "3": 0.013995801259622114, "4": 0.0007380073800738007, "5": 0.0, "6": 0.009450171821305841, "7": 0.00400962309542903, "8": 0.0},
  "recall": 0.020598523124757094,
  "scene_recalls": {"1": 0.020598523124757094},
  "targets_count": 10292,
  "tp_count": 212
}