{
  "gt_count": 10292,
  "mean_obj_recall": 0.09680024390971273,
  "mean_scene_recall": 0.0940536338904003,
  "obj_recalls": {"1": 0.3839869281045752, "2": 0.07415036045314109, "3": 0.08957312806158152, "4": 0.04649446494464945, "5": 0.035623409669211195, "6": 0.023195876288659795, "7": 0.09061748195669607, "8": 0.030760301799187463},
  "recall": 0.0940536338904003,
  "scene_recalls": {"1": 0.0940536338904003},
  "targets_count": 10292,
  "tp_count": 968
}