{
  "gt_count": 10292,
  "mean_obj_recall": 0.08029990191079447,
  "mean_scene_recall": 0.0778274387874077,
  "obj_recalls": {"1": 0.3415032679738562, "2": 0.05973223480947477, "3": 0.08397480755773268, "4": 0.04059040590405904, "5": 0.011874469889737066, "6": 0.01804123711340206, "7": 0.07217321571772253, "8": 0.014509576320371444},
  "recall": 0.0778274387874077,
  "scene_recalls": {"1": 0.0778274387874077},
  "targets_count": 10292,
  "tp_count": 801
}