{
  "gt_count": 10292,
  "mean_obj_recall": 0.0625599566149574,
  "mean_scene_recall": 0.060338126700349784,
  "obj_recalls": {"1": 0.26143790849673204, "2": 0.05252317198764161, "3": 0.07907627711686493, "4": 0.022878228782287822, "5": 0.002544529262086514, "6": 0.014604810996563574, "7": 0.06335204490777867, "8": 0.004062681369704005},
  "recall": 0.060338126700349784,
  "scene_recalls": {"1": 0.060338126700349784},
  "targets_count": 10292,
  "tp_count": 621
}