{
  "gt_count": 10292,
  "mean_obj_recall": 0.10352847871348027,
  "mean_scene_recall": 0.10066070734551108,
  "obj_recalls": {"1": 0.38480392156862747, "2": 0.07518022657054584, "3": 0.09307207837648705, "4": 0.05092250922509225, "5": 0.06700593723494487, "6": 0.02663230240549828, "7": 0.0946271050521251, "8": 0.035983749274521186},
  "recall": 0.10066070734551108,
  "scene_recalls": {"1": 0.10066070734551108},
  "targets_count": 10292,
  "tp_count": 1036
}