{
  "gt_count": 10292,
  "mean_obj_recall": 0.07334213858927338,
  "mean_scene_recall": 0.07092887679751263,
  "obj_recalls": {"1": 0.30392156862745096, "2": 0.05870236869207003, "3": 0.08187543736878937, "4": 0.037638376383763834, "5": 0.009329940627650551, "6": 0.01804123711340206, "7": 0.0673616680032077, "8": 0.009866511897852582},
  "recall": 0.07092887679751263,
  "scene_recalls": {"1": 0.07092887679751263},
  "targets_count": 10292,
  "tp_count": 730
}