{
  "gt_count": 10292,
  "mean_obj_recall": 0.08874726239940697,
  "mean_scene_recall": 0.08598911776136806,
  "obj_recalls": {"1": 0.3758169934640523, "2": 0.06797116374871266, "3": 0.08817354793561931, "4": 0.04206642066420664, "5": 0.017811704834605598, "6": 0.020618556701030927, "7": 0.07778668805132317, "8": 0.019733023795705164},
  "recall": 0.08598911776136806,
  "scene_recalls": {"1": 0.08598911776136806},
  "targets_count": 10292,
  "tp_count": 885
}