{
  "gt_count": 10292,
  "mean_obj_recall": 0.049629796142941184,
  "mean_scene_recall": 0.047804119704624955,
  "obj_recalls": {"1": 0.21650326797385622, "2": 0.0411946446961895, "3": 0.072778166550035, "4": 0.0051660516605166054, "5": 0.0016963528413910093, "6": 0.012027491408934709, "7": 0.046511627906976744, "8": 0.0011607661056297156},
  "recall": 0.047804119704624955,
  "scene_recalls": {"1": 0.047804119704624955},
  "targets_count": 10292,
  "tp_count": 492
}