{
  "gt_count": 10279,
  "mean_obj_recall": 0.10622357132295417,
  "mean_scene_recall": 0.11498065229408513,
  "obj_recalls": {"1": 0.39869281045751637, "2": 0.09062821833161688, "3": 0.08257522743177047, "4": 0.028782287822878228, "5": 0.14079728583545378, "6": 0.08161512027491409, "7": 0.0, "8": 0.026697620429483458},
  "recall": 0.11498065229408513,
  "scene_recalls": {"1": 0.11498065229408513},
  "targets_count": 9045,
  "tp_count": 1040
}