{
  "gt_count": 10279,
  "mean_obj_recall": 0.20576277012366093,
  "mean_scene_recall": 0.22808181315644002,
  "obj_recalls": {"1": 0.5351307189542484, "2": 0.22142121524201855, "3": 0.09517144856543037, "4": 0.05092250922509225, "5": 0.366412213740458, "6": 0.16752577319587628, "7": 0.0, "8": 0.20951828206616366},
  "recall": 0.22808181315644002,
  "scene_recalls": {"1": 0.22808181315644002},
  "targets_count": 9045,
  "tp_count": 2063
}