{
  "gt_count": 10279,
  "mean_obj_recall": 0.23507377209409935,
  "mean_scene_recall": 0.2619126589275843,
  "obj_recalls": {"1": 0.5506535947712419, "2": 0.2399588053553038, "3": 0.0979706088173548, "4": 0.06346863468634686, "5": 0.48261238337574214, "6": 0.18127147766323023, "7": 0.0, "8": 0.2646546720835752},
  "recall": 0.2619126589275843,
  "scene_recalls": {"1": 0.2619126589275843},
  "targets_count": 9045,
  "tp_count": 2369
}