{
  "gt_count": 10279,
  "mean_obj_recall": 0.03492264873544379,
  "mean_scene_recall": 0.038474295190713104,
  "obj_recalls": {"1": 0.15849673202614378, "2": 0.015447991761071062, "3": 0.05038488453463961, "4": 0.014022140221402213, "5": 0.016115351993214587, "6": 0.02491408934707904, "7": 0.0, "8": 0.0},
  "recall": 0.038474295190713104,
  "scene_recalls": {"1": 0.038474295190713104},
  "targets_count": 9045,
  "tp_count": 348
}