{
  "gt_count": 10279,
  "mean_obj_recall": 0.009966739319903939,
  "mean_scene_recall": 0.010945273631840797,
  "obj_recalls": {"1": 0.04656862745098039, "2": 0.005149330587023687, "3": 0.01119664100769769, "4": 0.007380073800738007, "5": 0.0008481764206955047, "6": 0.00859106529209622, "7": 0.0, "8": 0.0},
  "recall": 0.010945273631840797,
  "scene_recalls": {"1": 0.010945273631840797},
  "targets_count": 9045,
  "tp_count": 99
}