{
  "gt_count": 10279,
  "mean_obj_recall": 0.1387288290420945,
  "mean_scene_recall": 0.15046987285793256,
  "obj_recalls": {"1": 0.4632352941176471, "2": 0.14933058702368693, "3": 0.086074177746676, "4": 0.037638376383763834, "5": 0.19168787107718405, "6": 0.11512027491408934, "7": 0.0, "8": 0.06674405107370865},
  "recall": 0.15046987285793256,
  "scene_recalls": {"1": 0.15046987285793256},
  "targets_count": 9045,
  "tp_count": 1361
}