{
  "gt_count": 10279,
  "mean_obj_recall": 0.17020459842831456,
  "mean_scene_recall": 0.1865118850193477,
  "obj_recalls": {"1": 0.5106209150326797, "2": 0.18846549948506694, "3": 0.09237228831350595, "4": 0.04428044280442804, "5": 0.2536047497879559, "6": 0.14518900343642613, "7": 0.0, "8": 0.12710388856645385},
  "recall": 0.1865118850193477,
  "scene_recalls": {"1": 0.1865118850193477},
  "targets_count": 9045,
  "tp_count": 1687
}