{
  "gt_count": 10279,
  "mean_obj_recall": 0.2543568869664149,
  "mean_scene_recall": 0.284024322830293,
  "obj_recalls": {"1": 0.5604575163398693, "2": 0.2564366632337796, "3": 0.10076976906927922, "4": 0.06937269372693727, "5": 0.5521628498727735, "6": 0.1950171821305842, "7": 0.0, "8": 0.3006384213580963},
  "recall": 0.284024322830293,
  "scene_recalls": {"1": 0.284024322830293},
  "targets_count": 9045,
  "tp_count": 2569
}