{
  "gt_count": 10279,
  "mean_obj_recall": 0.06770110856788975,
  "mean_scene_recall": 0.07396351575456053,
  "obj_recalls": {"1": 0.27532679738562094, "2": 0.03398558187435633, "3": 0.07697690692792163, "4": 0.01992619926199262, "5": 0.07718405428329092, "6": 0.05240549828178694, "7": 0.0, "8": 0.005803830528148578},
  "recall": 0.07396351575456053,
  "scene_recalls": {"1": 0.07396351575456053},
  "targets_count": 9045,
  "tp_count": 669
}