{
  "gt_count": 10292,
  "mean_obj_recall": 0.6483761886705719,
  "mean_scene_recall": 0.6296152351340847,
  "obj_recalls": {"1": 0.8333333333333334, "2": 0.7929969104016478, "3": 0.35129461161651504, "4": 0.6745387453874538, "5": 0.732824427480916, "6": 0.6005154639175257, "7": 0.7546110665597434, "8": 0.4468949506674405},
  "recall": 0.6296152351340847,
  "scene_recalls": {"1": 0.6296152351340847},
  "targets_count": 10292,
  "tp_count": 6480
}