{
  "gt_count": 10292,
  "mean_obj_recall": 0.5131075711891177,
  "mean_scene_recall": 0.49300427516517686,
  "obj_recalls": {"1": 0.7671568627450981, "2": 0.6601441812564367, "3": 0.2813156053184045, "4": 0.6265682656826568, "5": 0.40882103477523324, "6": 0.506872852233677, "7": 0.6311146752205292, "8": 0.2228670922809054},
  "recall": 0.49300427516517686,
  "scene_recalls": {"1": 0.49300427516517686},
  "targets_count": 10292,
  "tp_count": 5074
}