{
  "gt_count": 10292,
  "mean_obj_recall": 0.042692642999318034,
  "mean_scene_recall": 0.039545277885736495,
  "obj_recalls": {"1": 0.14624183006535948, "2": 0.07929969104016478, "3": 0.023792862141357594, "4": 0.047232472324723246, "5": 0.0033927056827820186, "6": 0.03436426116838488, "7": 0.007217321571772253, "8": 0.0},
  "recall": 0.039545277885736495,
  "scene_recalls": {"1": 0.039545277885736495},
  "targets_count": 10292,
  "tp_count": 407
}