{
  "gt_count": 10292,
  "mean_obj_recall": 0.005903777428556336,
  "mean_scene_recall": 0.006024096385542169,
  "obj_recalls": {"1": 0.022058823529411766, "2": 0.007209062821833162, "3": 0.008397480755773267, "4": 0.0, "5": 0.0, "6": 0.000859106529209622, "7": 0.0, "8": 0.008705745792222866},
  "recall": 0.006024096385542169,
  "scene_recalls": {"1": 0.006024096385542169},
  "targets_count": 10292,
  "tp_count": 62
}