{
  "gt_count": 10292,
  "mean_obj_recall": 0.05616830065359477,
  "mean_scene_recall": 0.053439564710454725,
  "obj_recalls": {"1": 0.4493464052287582, "2": 0.0, "3": 0.0, "4": 0.0, "5": 0.0, "6": 0.0, "7": 0.0, "8": 0.0},
  "recall": 0.053439564710454725,
  "scene_recalls": {"1": 0.053439564710454725},
  "targets_count": 10292,
  "tp_count": 550
}