{
  "gt_count": 10292,
  "mean_obj_recall": 0.04585375816993464,
  "mean_scene_recall": 0.043626117372716676,
  "obj_recalls": {"1": 0.3668300653594771, "2": 0.0, "3": 0.0, "4": 0.0, "5": 0.0, "6": 0.0, "7": 0.0, "8": 0.0},
  "recall": 0.043626117372716676,
  "scene_recalls": {"1": 0.043626117372716676},
  "targets_count": 10292,
  "tp_count": 449
}