{
  "gt_count": 10292,
  "mean_obj_recall": 0.028390522875816993,
  "mean_scene_recall": 0.02701127089001166,
  "obj_recalls": {"1": 0.22712418300653595, "2": 0.0, "3": 0.0, "4": 0.0, "5": 0.0, "6": 0.0, "7": 0.0, "8": 0.0},
  "recall": 0.02701127089001166,
  "scene_recalls": {"1": 0.02701127089001166},
  "targets_count": 10292,
  "tp_count": 278
}