{
  "gt_count": 10292,
  "mean_obj_recall": 0.061683006535947715,
  "mean_scene_recall": 0.0586863583365721,
  "obj_recalls": {"1": 0.4934640522875817, "2": 0.0, "3": 0.0, "4": 0.0, "5": 0.0, "6": 0.0, "7": 0.0, "8": 0.0},
  "recall": 0.0586863583365721,
  "scene_recalls": {"1": 0.0586863583365721},
  "targets_count": 10292,
  "tp_count": 604
}