{
  "gt_count": 10292,
  "mean_obj_recall": 0.00852666908591825,
  "mean_scene_recall": 0.008356004663816556,
  "obj_recalls": {"1": 0.03676470588235294, "2": 0.0020597322348094747, "3": 0.016794961511546535, "4": 0.0007380073800738007, "5": 0.0, "6": 0.009450171821305841, "7": 0.0024057738572574178, "8": 0.0},
  "recall": 0.008356004663816556,
  "scene_recalls": {"1": 0.008356004663816556},
  "targets_count": 10292,
  "tp_count": 86
}