{
  "gt_count": 10292,
  "mean_obj_recall": 0.014550179207022486,
  "mean_scene_recall": 0.014088612514574427,
  "obj_recalls": {"1": 0.06045751633986928, "2": 0.003089598352214212, "3": 0.02099370188943317, "4": 0.002214022140221402, "5": 0.0016963528413910093, "6": 0.022336769759450172, "7": 0.0056134723336006415, "8": 0.0},
  "recall": 0.014088612514574427,
  "scene_recalls": {"1": 0.014088612514574427},
  "targets_count": 10292,
  "tp_count": 145
}