{
  "gt_count": 10292,
  "mean_obj_recall": 0.006413332324198288,
  "mean_scene_recall": 0.006315584920326467,
  "obj_recalls": {"1": 0.028594771241830064, "2": 0.0020597322348094747, "3": 0.01469559132260322, "4": 0.0, "5": 0.0, "6": 0.005154639175257732, "7": 0.0008019246190858059, "8": 0.0},
  "recall": 0.006315584920326467,
  "scene_recalls": {"1": 0.006315584920326467},
  "targets_count": 10292,
  "tp_count": 65
}