{
  "gt_count": 10292,
  "mean_obj_recall": 0.013366975327158758,
  "mean_scene_recall": 0.012922658375437233,
  "obj_recalls": {"1": 0.05718954248366013, "2": 0.003089598352214212, "3": 0.01959412176347096, "4": 0.0007380073800738007, "5": 0.0016963528413910093, "6": 0.020618556701030927, "7": 0.00400962309542903, "8": 0.0},
  "recall": 0.012922658375437233,
  "scene_recalls": {"1": 0.012922658375437233},
  "targets_count": 10292,
  "tp_count": 133
}