{
  "gt_count": 10292,
  "mean_obj_recall": 0.011120984932335674,
  "mean_scene_recall": 0.010785075787019044,
  "obj_recalls": {"1": 0.04330065359477124, "2": 0.003089598352214212, "3": 0.018894331700489854, "4": 0.0007380073800738007, "5": 0.0016963528413910093, "6": 0.01804123711340206, "7": 0.0032076984763432237, "8": 0.0},
  "recall": 0.010785075787019044,
  "scene_recalls": {"1": 0.010785075787019044},
  "targets_count": 10292,
  "tp_count": 111
}