{
  "gt_count": 10292,
  "mean_obj_recall": 0.005103060138845957,
  "mean_scene_recall": 0.005052467936261173,
  "obj_recalls": {"1": 0.021241830065359478, "2": 0.0010298661174047373, "3": 0.012596221133659902, "4": 0.0, "5": 0.0, "6": 0.005154639175257732, "7": 0.0008019246190858059, "8": 0.0},
  "recall": 0.005052467936261173,
  "scene_recalls": {"1": 0.005052467936261173},
  "targets_count": 10292,
  "tp_count": 52
}