{
  "gt_count": 10292,
  "mean_obj_recall": 0.015670191316640995,
  "mean_scene_recall": 0.015157403808783521,
  "obj_recalls": {"1": 0.06454248366013073, "2": 0.004119464469618949, "3": 0.02099370188943317, "4": 0.002214022140221402, "5": 0.0016963528413910093, "6": 0.023195876288659795, "7": 0.00801924619085806, "8": 0.0005803830528148578},
  "recall": 0.015157403808783521,
  "scene_recalls": {"1": 0.015157403808783521},
  "targets_count": 10292,
  "tp_count": 156
}