{
  "gt_count": 10292,
  "mean_obj_recall": 0.003649692679629859,
  "mean_scene_recall": 0.003692188107267781,
  "obj_recalls": {"1": 0.016339869281045753, "2": 0.0, "3": 0.01119664100769769, "4": 0.0, "5": 0.0, "6": 0.000859106529209622, "7": 0.0008019246190858059, "8": 0.0},
  "recall": 0.003692188107267781,
  "scene_recalls": {"1": 0.003692188107267781},
  "targets_count": 10292,
  "tp_count": 38
}