{
  "gt_count": 10292,
  "mean_obj_recall": 0.5538864784408917,
  "mean_scene_recall": 0.5375048581422464,
  "obj_recalls": {"1": 0.6552287581699346, "2": 0.835221421215242, "3": 0.4429671098670399, "4": 0.4656826568265683, "5": 0.7039864291772688, "6": 0.4338487972508591, "7": 0.46351242983159585, "8": 0.4306442251886245},
  "recall": 0.5375048581422464,
  "scene_recalls": {"1": 0.5375048581422464},
  "targets_count": 10292,
  "tp_count": 5532
}