{
  "gt_count": 10292,
  "mean_obj_recall": 0.5200319539985522,
  "mean_scene_recall": 0.5026233968130587,
  "obj_recalls": {"1": 0.6470588235294118, "2": 0.7909371781668383, "3": 0.3547935619314206, "4": 0.4014760147601476, "5": 0.6827820186598813, "6": 0.4269759450171821, "7": 0.45228548516439454, "8": 0.403946604759141},
  "recall": 0.5026233968130587,
  "scene_recalls": {"1": 0.5026233968130587},
  "targets_count": 10292,
  "tp_count": 5173
}