{
  "gt_count": 10292,
  "mean_obj_recall": 0.6008222363285733,
  "mean_scene_recall": 0.5856976292265837,
  "obj_recalls": {"1": 0.6584967320261438, "2": 0.9052523171987642, "3": 0.5878236529041287, "4": 0.5276752767527675, "5": 0.7116200169635284, "6": 0.4639175257731959, "7": 0.48516439454691257, "8": 0.4666279744631457},
  "recall": 0.5856976292265837,
  "scene_recalls": {"1": 0.5856976292265837},
  "targets_count": 10292,
  "tp_count": 6028
}