{
  "gt_count": 10292,
  "mean_obj_recall": 0.31967367970587224,
  "mean_scene_recall": 0.3044111931597357,
  "obj_recalls": {"1": 0.46977124183006536, "2": 0.451081359423275, "3": 0.14415675297410777, "4": 0.13874538745387455, "5": 0.4732824427480916, "6": 0.3857388316151203, "7": 0.27987169206094625, "8": 0.2147417295414974},
  "recall": 0.3044111931597357,
  "scene_recalls": {"1": 0.3044111931597357},
  "targets_count": 10292,
  "tp_count": 3133
}