{
  "gt_count": 10292,
  "mean_obj_recall": 0.1440304514620546,
  "mean_scene_recall": 0.1349591916051302,
  "obj_recalls": {"1": 0.21241830065359477, "2": 0.1822863027806385, "3": 0.07627711686494051, "4": 0.04870848708487085, "5": 0.19592875318066158, "6": 0.2611683848797251, "7": 0.12670408981555734, "8": 0.04875217643644805},
  "recall": 0.1349591916051302,
  "scene_recalls": {"1": 0.1349591916051302},
  "targets_count": 10292,
  "tp_count": 1389
}