{
  "gt_count": 10292,
  "mean_obj_recall": 0.40659494130263596,
  "mean_scene_recall": 0.3914691022153129,
  "obj_recalls": {"1": 0.576797385620915, "2": 0.5149330587023687, "3": 0.185444366689993, "4": 0.21918819188191882, "5": 0.6446140797285835, "6": 0.41323024054982815, "7": 0.38572574178027264, "8": 0.3128264654672084},
  "recall": 0.3914691022153129,
  "scene_recalls": {"1": 0.3914691022153129},
  "targets_count": 10292,
  "tp_count": 4029
}