{
  "gt_count": 10292,
  "mean_obj_recall": 0.45516786084419913,
  "mean_scene_recall": 0.440439176059075,
  "obj_recalls": {"1": 0.6323529411764706, "2": 0.5849639546858908, "3": 0.24842547235829252, "4": 0.28044280442804426, "5": 0.6666666666666666, "6": 0.42010309278350516, "7": 0.4450681635926223, "8": 0.363319791062101},
  "recall": 0.440439176059075,
  "scene_recalls": {"1": 0.440439176059075},
  "targets_count": 10292,
  "tp_count": 4533
}