{
  "gt_count": 10292,
  "mean_obj_recall": 0.3720092561067777,
  "mean_scene_recall": 0.35649047804119705,
  "obj_recalls": {"1": 0.5416666666666666, "2": 0.4922760041194645, "3": 0.16864940517844645, "4": 0.17121771217712178, "5": 0.5928753180661578, "6": 0.4054982817869416, "7": 0.32878909382518046, "8": 0.2751015670342426},
  "recall": 0.35649047804119705,
  "scene_recalls": {"1": 0.35649047804119705},
  "targets_count": 10292,
  "tp_count": 3669
}