{
  "gt_count": 10292,
  "mean_obj_recall": 0.14574749789249813,
  "mean_scene_recall": 0.13855421686746988,
  "obj_recalls": {"1": 0.41013071895424835, "2": 0.22451081359423275, "3": 0.1112666200139958, "4": 0.12619926199261994, "5": 0.09584393553859202, "6": 0.03951890034364261, "7": 0.11788291900561347, "8": 0.04062681369704005},
  "recall": 0.13855421686746988,
  "scene_recalls": {"1": 0.13855421686746988},
  "targets_count": 10292,
  "tp_count": 1426
}