{
  "gt_count": 10292,
  "mean_obj_recall": 0.023364488913364664,
  "mean_scene_recall": 0.022347454333462885,
  "obj_recalls": {"1": 0.13970588235294118, "2": 0.009268795056642637, "3": 0.01469559132260322, "4": 0.007380073800738007, "5": 0.0, "6": 0.009450171821305841, "7": 0.006415396952686447, "8": 0.0},
  "recall": 0.022347454333462885,
  "scene_recalls": {"1": 0.022347454333462885},
  "targets_count": 10292,
  "tp_count": 230
}