{
  "gt_count": 10292,
  "mean_obj_recall": 0.12163717528152375,
  "mean_scene_recall": 0.1154294597745822,
  "obj_recalls": {"1": 0.39052287581699346, "2": 0.19361483007209063, "3": 0.10286913925822254, "4": 0.11291512915129151, "5": 0.02883799830364716, "6": 0.02663230240549828, "7": 0.09623095429029671, "8": 0.021474172954149738},
  "recall": 0.1154294597745822,
  "scene_recalls": {"1": 0.1154294597745822},
  "targets_count": 10292,
  "tp_count": 1188
}