{
  "gt_count": 10292,
  "mean_obj_recall": 0.10618030133012267,
  "mean_scene_recall": 0.10066070734551108,
  "obj_recalls": {"1": 0.3480392156862745, "2": 0.16992790937178168, "3": 0.09167249825052484, "4": 0.1011070110701107, "5": 0.017811704834605598, "6": 0.023195876288659795, "7": 0.08259823576583801, "8": 0.015089959373186303},
  "recall": 0.10066070734551108,
  "scene_recalls": {"1": 0.10066070734551108},
  "targets_count": 10292,
  "tp_count": 1036
}