{
  "gt_count": 10292,
  "mean_obj_recall": 0.15370293588526246,
  "mean_scene_recall": 0.14642440730664594,
  "obj_recalls": {"1": 0.4117647058823529, "2": 0.23377960865087538, "3": 0.1231630510846746, "4": 0.12693726937269373, "5": 0.11195928753180662, "6": 0.04896907216494845, "7": 0.12429831595829992, "8": 0.04875217643644805},
  "recall": 0.14642440730664594,
  "scene_recalls": {"1": 0.14642440730664594},
  "targets_count": 10292,
  "tp_count": 1507
}