{
  "gt_count": 10292,
  "mean_obj_recall": 0.0871240091172337,
  "mean_scene_recall": 0.08258841818888457,
  "obj_recalls": {"1": 0.2883986928104575, "2": 0.13594232749742532, "3": 0.08467459762071379, "4": 0.08339483394833948, "5": 0.01102629346904156, "6": 0.01718213058419244, "7": 0.07056936647955092, "8": 0.005803830528148578},
  "recall": 0.08258841818888457,
  "scene_recalls": {"1": 0.08258841818888457},
  "targets_count": 10292,
  "tp_count": 850
}