{
  "gt_count": 10292,
  "mean_obj_recall": 0.13436952777240224,
  "mean_scene_recall": 0.12767197823552273,
  "obj_recalls": {"1": 0.4084967320261438, "2": 0.2121524201853759, "3": 0.10636808957312806, "4": 0.12398523985239852, "5": 0.04919423240033927, "6": 0.030927835051546393, "7": 0.11307137129109864, "8": 0.030760301799187463},
  "recall": 0.12767197823552273,
  "scene_recalls": {"1": 0.12767197823552273},
  "targets_count": 10292,
  "tp_count": 1314
}