{
  "gt_count": 10292,
  "mean_obj_recall": 0.04484347966985935,
  "mean_scene_recall": 0.04246016323357948,
  "obj_recalls": {"1": 0.1772875816993464, "2": 0.06591143151390319, "3": 0.0615815255423373, "4": 0.015498154981549815, "5": 0.0016963528413910093, "6": 0.010309278350515464, "7": 0.026463512429831595, "8": 0.0},
  "recall": 0.04246016323357948,
  "scene_recalls": {"1": 0.04246016323357948},
  "targets_count": 10292,
  "tp_count": 437
}