{
  "gt_count": 10292,
  "mean_obj_recall": 0.0655083283114603,
  "mean_scene_recall": 0.06198989506412748,
  "obj_recalls": {"1": 0.23284313725490197, "2": 0.10298661174047374, "3": 0.07837648705388384, "4": 0.042804428044280446, "5": 0.002544529262086514, "6": 0.012027491408934709, "7": 0.05132317562149158, "8": 0.0011607661056297156},
  "recall": 0.06198989506412748,
  "scene_recalls": {"1": 0.06198989506412748},
  "targets_count": 10292,
  "tp_count": 638
}