{
  "gt_count": 10292,
  "mean_obj_recall": 0.12494360244789657,
  "mean_scene_recall": 0.1168869024485037,
  "obj_recalls": {"1": 0.3480392156862745, "2": 0.27188465499485065, "3": 0.11336599020293912, "4": 0.06789667896678966, "5": 0.058524173027989825, "6": 0.02147766323024055, "7": 0.0817963111467522, "8": 0.03656413232733604},
  "recall": 0.1168869024485037,
  "scene_recalls": {"1": 0.1168869024485037},
  "targets_count": 10292,
  "tp_count": 1203
}