{
  "gt_count": 10292,
  "mean_obj_recall": 0.16300556635853075,
  "mean_scene_recall": 0.1566265060240964,
  "obj_recalls": {"1": 0.3954248366013072, "2": 0.28733264675592174, "3": 0.16864940517844645, "4": 0.08634686346863468, "5": 0.09754028837998303, "6": 0.06013745704467354, "7": 0.11226944667201283, "8": 0.0963435867672664},
  "recall": 0.1566265060240964,
  "scene_recalls": {"1": 0.1566265060240964},
  "targets_count": 10292,
  "tp_count": 1612
}