{
  "gt_count": 10292,
  "mean_obj_recall": 0.1685145188811902,
  "mean_scene_recall": 0.16265060240963855,
  "obj_recalls": {"1": 0.3954248366013072, "2": 0.29042224510813597, "3": 0.172148355493352, "4": 0.08708487084870849, "5": 0.10008481764206956, "6": 0.07474226804123711, "7": 0.11387329591018444, "8": 0.114335461404527},
  "recall": 0.16265060240963855,
  "scene_recalls": {"1": 0.16265060240963855},
  "targets_count": 10292,
  "tp_count": 1674
}