{
  "gt_count": 10292,
  "mean_obj_recall": 0.15699885390096438,
  "mean_scene_recall": 0.15011659541391373,
  "obj_recalls": {"1": 0.3946078431372549, "2": 0.2801235839340886, "3": 0.16375087473757874, "4": 0.08339483394833948, "5": 0.0916030534351145, "6": 0.05670103092783505, "7": 0.107457898957498, "8": 0.0783517121300058},
  "recall": 0.15011659541391373,
  "scene_recalls": {"1": 0.15011659541391373},
  "targets_count": 10292,
  "tp_count": 1545
}