{
  "gt_count": 10292,
  "mean_obj_recall": 0.16021780077589648,
  "mean_scene_recall": 0.1536144578313253,
  "obj_recalls": {"1": 0.3954248366013072, "2": 0.28321318228630277, "3": 0.16515045486354094, "4": 0.08560885608856089, "5": 0.09584393553859202, "6": 0.058419243986254296, "7": 0.10986367281475541, "8": 0.08821822402785838},
  "recall": 0.1536144578313253,
  "scene_recalls": {"1": 0.1536144578313253},
  "targets_count": 10292,
  "tp_count": 1581
}