{
  "gt_count": 10292,
  "mean_obj_recall": 0.0742367171278971,
  "mean_scene_recall": 0.06733385153517295,
  "obj_recalls": {"1": 0.184640522875817, "2": 0.2286302780638517, "3": 0.08467459762071379, "4": 0.03616236162361624, "5": 0.005089058524173028, "6": 0.013745704467353952, "7": 0.03688853247794707, "8": 0.004062681369704005},
  "recall": 0.06733385153517295,
  "scene_recalls": {"1": 0.06733385153517295},
  "targets_count": 10292,
  "tp_count": 693
}