{
  "gt_count": 10292,
  "mean_obj_recall": 0.15387006301015743,
  "mean_scene_recall": 0.14661873299650213,
  "obj_recalls": {"1": 0.3946078431372549, "2": 0.2780638516992791, "3": 0.15815255423372987, "4": 0.08339483394833948, "5": 0.08736217133163698, "6": 0.05584192439862543, "7": 0.10505212510024058, "8": 0.06848520023215322},
  "recall": 0.14661873299650213,
  "scene_recalls": {"1": 0.14661873299650213},
  "targets_count": 10292,
  "tp_count": 1509
}