{
  "gt_count": 10292,
  "mean_obj_recall": 0.14921941195867264,
  "mean_scene_recall": 0.14166342790516906,
  "obj_recalls": {"1": 0.3929738562091503, "2": 0.27394438722966014, "3": 0.1469559132260322, "4": 0.08044280442804429, "5": 0.08396946564885496, "6": 0.05326460481099656, "7": 0.10184442662389735, "8": 0.06035983749274521},
  "recall": 0.14166342790516906,
  "scene_recalls": {"1": 0.14166342790516906},
  "targets_count": 10292,
  "tp_count": 1458
}