{
  "gt_count": 10292,
  "mean_obj_recall": 0.13992866894269584,
  "mean_scene_recall": 0.13204430625728722,
  "obj_recalls": {"1": 0.3888888888888889, "2": 0.2729145211122554, "3": 0.13365990202939118, "4": 0.07158671586715867, "5": 0.07548770144189991, "6": 0.036941580756013746, "7": 0.09061748195669607, "8": 0.04933255948926291},
  "recall": 0.13204430625728722,
  "scene_recalls": {"1": 0.13204430625728722},
  "targets_count": 10292,
  "tp_count": 1359
}