{
  "gt_count": 10292,
  "mean_obj_recall": 0.14512746198170867,
  "mean_scene_recall": 0.13738826272833268,
  "obj_recalls": {"1": 0.39133986928104575, "2": 0.2729145211122554, "3": 0.14205738278516444, "4": 0.07675276752767528, "5": 0.08227311280746395, "6": 0.044673539518900345, "7": 0.09703287890938252, "8": 0.053975623911781775},
  "recall": 0.13738826272833268,
  "scene_recalls": {"1": 0.13738826272833268},
  "targets_count": 10292,
  "tp_count": 1414
}