{
  "gt_count": 10292,
  "mean_obj_recall": 0.3525692680057414,
  "mean_scene_recall": 0.3373493975903614,
  "obj_recalls": {"1": 0.6993464052287581, "2": 0.4212152420185376, "3": 0.26941917424772566, "4": 0.42140221402214023, "5": 0.17048346055979643, "6": 0.36597938144329895, "7": 0.40016038492381717, "8": 0.07254788160185723},
  "recall": 0.3373493975903614,
  "scene_recalls": {"1": 0.3373493975903614},
  "targets_count": 10292,
  "tp_count": 3472
}