{
  "gt_count": 10292,
  "mean_obj_recall": 0.5570284006574346,
  "mean_scene_recall": 0.5377963466770307,
  "obj_recalls": {"1": 0.8962418300653595, "2": 0.6601441812564367, "3": 0.3806857942617215, "4": 0.6369003690036901, "5": 0.3706530958439355, "6": 0.5816151202749141, "7": 0.6856455493183641, "8": 0.24434126523505514},
  "recall": 0.5377963466770307,
  "scene_recalls": {"1": 0.5377963466770307},
  "targets_count": 10292,
  "tp_count": 5535
}