{
  "gt_count": 10292,
  "mean_obj_recall": 0.7331702656242638,
  "mean_scene_recall": 0.7121064904780412,
  "obj_recalls": {"1": 0.9501633986928104, "2": 0.8661174047373842, "3": 0.5283414975507348, "4": 0.7084870848708487, "5": 0.818490245971162, "6": 0.7164948453608248, "7": 0.8187650360866079, "8": 0.4585026117237377},
  "recall": 0.7121064904780412,
  "scene_recalls": {"1": 0.7121064904780412},
  "targets_count": 10292,
  "tp_count": 7329
}