{
  "gt_count": 10292,
  "mean_obj_recall": 0.6903129946698923,
  "mean_scene_recall": 0.6691605130198213,
  "obj_recalls": {"1": 0.9370915032679739, "2": 0.8135942327497425, "3": 0.47585724282715186, "4": 0.6937269372693727, "5": 0.7319762510602206, "6": 0.6726804123711341, "7": 0.7971130713712911, "8": 0.4004643064422519},
  "recall": 0.6691605130198213,
  "scene_recalls": {"1": 0.6691605130198213},
  "targets_count": 10292,
  "tp_count": 6887
}