{
  "gt_count": 10292,
  "mean_obj_recall": 0.6300474438916748,
  "mean_scene_recall": 0.6101826661484648,
  "obj_recalls": {"1": 0.9272875816993464, "2": 0.737384140061792, "3": 0.4366689993002099, "4": 0.6760147601476014, "5": 0.5368956743002544, "6": 0.6400343642611683, "7": 0.7570168404170008, "8": 0.3290771909460244},
  "recall": 0.6101826661484648,
  "scene_recalls": {"1": 0.6101826661484648},
  "targets_count": 10292,
  "tp_count": 6280
}