{
  "gt_count": 10292,
  "mean_obj_recall": 0.04259256172470917,
  "mean_scene_recall": 0.04090555771472989,
  "obj_recalls": {"1": 0.1830065359477124, "2": 0.018537590113285273, "3": 0.02939118264520644, "4": 0.042804428044280446, "5": 0.0008481764206955047, "6": 0.05412371134020619, "7": 0.012028869286287089, "8": 0.0},
  "recall": 0.04090555771472989,
  "scene_recalls": {"1": 0.04090555771472989},
  "targets_count": 10292,
  "tp_count": 421
}