{
  "gt_count": 10292,
  "mean_obj_recall": 0.46497547363435177,
  "mean_scene_recall": 0.4464632724446172,
  "obj_recalls": {"1": 0.8243464052287581, "2": 0.568486096807415, "3": 0.3289013296011197, "4": 0.5660516605166052, "5": 0.2502120441051739, "6": 0.4879725085910653, "7": 0.5493183640737771, "8": 0.1445153801508996},
  "recall": 0.4464632724446172,
  "scene_recalls": {"1": 0.4464632724446172},
  "targets_count": 10292,
  "tp_count": 4595
}