{
  "gt_count": 10292,
  "mean_obj_recall": 0.12593990862447907,
  "mean_scene_recall": 0.11902448503692188,
  "obj_recalls": {"1": 0.3341503267973856, "2": 0.17507723995880536, "3": 0.1371588523442967, "4": 0.12103321033210332, "5": 0.033927056827820185, "6": 0.15034364261168384, "7": 0.05292702485966319, "8": 0.002901915264074289},
  "recall": 0.11902448503692188,
  "scene_recalls": {"1": 0.11902448503692188},
  "targets_count": 10292,
  "tp_count": 1225
}