{
  "gt_count": 10292,
  "mean_obj_recall": 0.23563403549919693,
  "mean_scene_recall": 0.22376603186941313,
  "obj_recalls": {"1": 0.5310457516339869, "2": 0.2945417095777549, "3": 0.21413575927221834, "4": 0.24944649446494466, "5": 0.10602205258693809, "6": 0.25171821305841924, "7": 0.22133119486768243, "8": 0.016831108531630876},
  "recall": 0.22376603186941313,
  "scene_recalls": {"1": 0.22376603186941313},
  "targets_count": 10292,
  "tp_count": 2303
}