{
  "gt_count": 10279,
  "mean_obj_recall": 0.04081371296726168,
  "mean_scene_recall": 0.044444444444444446,
  "obj_recalls": {"1": 0.22630718954248366, "2": 0.010298661174047374, "3": 0.03079076277116865, "4": 0.002952029520295203, "5": 0.02205258693808312, "6": 0.03178694158075601, "7": 0.0, "8": 0.0023215322112594312},
  "recall": 0.044444444444444446,
  "scene_recalls": {"1": 0.044444444444444446},
  "targets_count": 9045,
  "tp_count": 402
}