{
  "gt_count": 10279,
  "mean_obj_recall": 0.004845952421256276,
  "mean_scene_recall": 0.0051962410171365395,
  "obj_recalls": {"1": 0.028594771241830064, "2": 0.0020597322348094747, "3": 0.002099370188943317, "4": 0.0, "5": 0.0, "6": 0.006013745704467354, "7": 0.0, "8": 0.0},
  "recall": 0.0051962410171365395,
  "scene_recalls": {"1": 0.0051962410171365395},
  "targets_count": 9045,
  "tp_count": 47
}