{
  "gt_count": 10292,
  "mean_obj_recall": 0.05274234167616304,
  "mean_scene_recall": 0.05062184220753984,
  "obj_recalls": {"1": 0.22630718954248366, "2": 0.010298661174047374, "3": 0.03079076277116865, "4": 0.002952029520295203, "5": 0.02205258693808312, "6": 0.03178694158075601, "7": 0.0954290296712109, "8": 0.0023215322112594312},
  "recall": 0.05062184220753984,
  "scene_recalls": {"1": 0.05062184220753984},
  "targets_count": 10292,
  "tp_count": 521
}