{
  "gt_count": 10292,
  "mean_obj_recall": 0.0009021651964715317,
  "mean_scene_recall": 0.0008744656043528955,
  "obj_recalls": {"1": 0.0, "2": 0.0, "3": 0.0, "4": 0.0, "5": 0.0, "6": 0.0, "7": 0.007217321571772253, "8": 0.0},
  "recall": 0.0008744656043528955,
  "scene_recalls": {"1": 0.0008744656043528955},
  "targets_count": 10292,
  "tp_count": 9
}