{
  "gt_count": 10279,
  "mean_obj_recall": 0.11181687572643641,
  "mean_scene_recall": 0.12338308457711443,
  "obj_recalls": {"1": 0.40441176470588236, "2": 0.082389289392379, "3": 0.04688593421973408, "4": 0.01107011070110701, "5": 0.16963528413910092, "6": 0.09192439862542956, "7": 0.0, "8": 0.08821822402785838},
  "recall": 0.12338308457711443,
  "scene_recalls": {"1": 0.12338308457711443},
  "targets_count": 9045,
  "tp_count": 1116
}