{
  "gt_count": 10279,
  "mean_obj_recall": 0.021079560396656545,
  "mean_scene_recall": 0.022885572139303482,
  "obj_recalls": {"1": 0.1323529411764706, "2": 0.005149330587023687, "3": 0.013995801259622114, "4": 0.0, "5": 0.0033927056827820186, "6": 0.013745704467353952, "7": 0.0, "8": 0.0},
  "recall": 0.022885572139303482,
  "scene_recalls": {"1": 0.022885572139303482},
  "targets_count": 9045,
  "tp_count": 207
}