{
  "gt_count": 10279,
  "mean_obj_recall": 0.0810946582525777,
  "mean_scene_recall": 0.08899944720840243,
  "obj_recalls": {"1": 0.37173202614379086, "2": 0.030895983522142123, "3": 0.042687193841847444, "4": 0.008118081180811807, "5": 0.10008481764206956, "6": 0.06099656357388316, "7": 0.0, "8": 0.03424260011607661},
  "recall": 0.08899944720840243,
  "scene_recalls": {"1": 0.08899944720840243},
  "targets_count": 9045,
  "tp_count": 805
}