{
  "gt_count": 10279,
  "mean_obj_recall": 0.09654724010459262,
  "mean_scene_recall": 0.10635710337202875,
  "obj_recalls": {"1": 0.3929738562091503, "2": 0.05046343975283213, "3": 0.044086773967809655, "4": 0.008856088560885609, "5": 0.13316369804919423, "6": 0.08247422680412371, "7": 0.0, "8": 0.06035983749274521},
  "recall": 0.10635710337202875,
  "scene_recalls": {"1": 0.10635710337202875},
  "targets_count": 9045,
  "tp_count": 962
}