{
  "gt_count": 10279,
  "mean_obj_recall": 0.06278539520876995,
  "mean_scene_recall": 0.06843559977888336,
  "obj_recalls": {"1": 0.3284313725490196, "2": 0.016477857878475798, "3": 0.03918824352694192, "4": 0.005904059040590406, "5": 0.05258693808312129, "6": 0.04982817869415808, "7": 0.0, "8": 0.009866511897852582},
  "recall": 0.06843559977888336,
  "scene_recalls": {"1": 0.06843559977888336},
  "targets_count": 9045,
  "tp_count": 619
}