{
  "gt_count": 10279,
  "mean_obj_recall": 0.1457542968642761,
  "mean_scene_recall": 0.1625207296849088,
  "obj_recalls": {"1": 0.42892156862745096, "2": 0.13079299691040164, "3": 0.05108467459762071, "4": 0.015498154981549815, "5": 0.26208651399491095, "6": 0.1134020618556701, "7": 0.0, "8": 0.16424840394660475},
  "recall": 0.1625207296849088,
  "scene_recalls": {"1": 0.1625207296849088},
  "targets_count": 9045,
  "tp_count": 1470
}