{
  "gt_count": 10292,
  "mean_obj_recall": 0.0298202614379085,
  "mean_scene_recall": 0.028371550719005052,
  "obj_recalls": {"1": 0.238562091503268, "2": 0.0, "3": 0.0, "4": 0.0, "5": 0.0, "6": 0.0, "7": 0.0, "8": 0.0},
  "recall": 0.028371550719005052,
  "scene_recalls": {"1": 0.028371550719005052},
  "targets_count": 10292,
  "tp_count": 292
}