{
  "gt_count": 10292,
  "mean_obj_recall": 0.03952205882352941,
  "mean_scene_recall": 0.0376020209871745,
  "obj_recalls": {"1": 0.3161764705882353, "2": 0.0, "3": 0.0, "4": 0.0, "5": 0.0, "6": 0.0, "7": 0.0, "8": 0.0},
  "recall": 0.0376020209871745,
  "scene_recalls": {"1": 0.0376020209871745},
  "targets_count": 10292,
  "tp_count": 387
}