{
  "gt_count": 10292,
  "mean_obj_recall": 0.017361111111111112,
  "mean_scene_recall": 0.016517683637776913,
  "obj_recalls": {"1": 0.1388888888888889, "2": 0.0, "3": 0.0, "4": 0.0, "5": 0.0, "6": 0.0, "7": 0.0, "8": 0.0},
  "recall": 0.016517683637776913,
  "scene_recalls": {"1": 0.016517683637776913},
  "targets_count": 10292,
  "tp_count": 170
}