{
  "gt_count": 10292,
  "mean_obj_recall": 0.022263071895424837,
  "mean_scene_recall": 0.02118150019432569,
  "obj_recalls": {"1": 0.1781045751633987, "2": 0.0, "3": 0.0, "4": 0.0, "5": 0.0, "6": 0.0, "7": 0.0, "8": 0.0},
  "recall": 0.02118150019432569,
  "scene_recalls": {"1": 0.02118150019432569},
  "targets_count": 10292,
  "tp_count": 218
}