{
  "gt_count": 10292,
  "mean_obj_recall": 0.011437908496732025,
  "mean_scene_recall": 0.010882238631947143,
  "obj_recalls": {"1": 0.0915032679738562, "2": 0.0, "3": 0.0, "4": 0.0, "5": 0.0, "6": 0.0, "7": 0.0, "8": 0.0},
  "recall": 0.010882238631947143,
  "scene_recalls": {"1": 0.010882238631947143},
  "targets_count": 10292,
  "tp_count": 112
}