{
  "gt_count": 10292,
  "mean_obj_recall": 0.038705065359477125,
  "mean_scene_recall": 0.03682471822774971,
  "obj_recalls": {"1": 0.309640522875817, "2": 0.0, "3": 0.0, "4": 0.0, "5": 0.0, "6": 0.0, "7": 0.0, "8": 0.0},
  "recall": 0.03682471822774971,
  "scene_recalls": {"1": 0.03682471822774971},
  "targets_count": 10292,
  "tp_count": 379
}