{
  "gt_count": 10292,
  "mean_obj_recall": 0.035845588235294115,
  "mean_scene_recall": 0.03410415856976292,
  "obj_recalls": {"1": 0.2867647058823529, "2": 0.0, "3": 0.0, "4": 0.0, "5": 0.0, "6": 0.0, "7": 0.0, "8": 0.0},
  "recall": 0.03410415856976292,
  "scene_recalls": {"1": 0.03410415856976292},
  "targets_count": 10292,
  "tp_count": 351
}