{
  "gt_count": 10292,
  "mean_obj_recall": 0.03707107843137255,
  "mean_scene_recall": 0.03527011270890012,
  "obj_recalls": {"1": 0.2965686274509804, "2": 0.0, "3": 0.0, "4": 0.0, "5": 0.0, "6": 0.0, "7": 0.0, "8": 0.0},
  "recall": 0.03527011270890012,
  "scene_recalls": {"1": 0.03527011270890012},
  "targets_count": 10292,
  "tp_count": 363
}