{
  "gt_count": 10292,
  "mean_obj_recall": 0.13845406968613705,
  "mean_scene_recall": 0.13116984065293433,
  "obj_recalls": {"1": 0.3954248366013072, "2": 0.2533470648815654, "3": 0.11406578026592022, "4": 0.07306273062730627, "5": 0.10262934690415607, "6": 0.01804123711340206, "7": 0.09302325581395349, "8": 0.05803830528148578},
  "recall": 0.13116984065293433,
  "scene_recalls": {"1": 0.13116984065293433},
  "targets_count": 10292,
  "tp_count": 1350
}