{
  "gt_count": 10292,
  "mean_obj_recall": 0.11460444636932039,
  "mean_scene_recall": 0.11066848037310532,
  "obj_recalls": {"1": 0.39133986928104575, "2": 0.12358393408856849, "3": 0.10916724982505248, "4": 0.057564575645756455, "5": 0.09245122985581, "6": 0.01718213058419244, "7": 0.08259823576583801, "8": 0.042948345908299476},
  "recall": 0.11066848037310532,
  "scene_recalls": {"1": 0.11066848037310532},
  "targets_count": 10292,
  "tp_count": 1139
}