{
  "gt_count": 10292,
  "mean_obj_recall": 0.14254786040555054,
  "mean_scene_recall": 0.1349591916051302,
  "obj_recalls": {"1": 0.39624183006535946, "2": 0.2698249227600412, "3": 0.11476557032890133, "4": 0.07675276752767528, "5": 0.10262934690415607, "6": 0.02147766323024055, "7": 0.0954290296712109, "8": 0.0632617527568195},
  "recall": 0.1349591916051302,
  "scene_recalls": {"1": 0.1349591916051302},
  "targets_count": 10292,
  "tp_count": 1389
}