{
  "gt_count": 10292,
  "mean_obj_recall": 0.02972099699421207,
  "mean_scene_recall": 0.02905169063350175,
  "obj_recalls": {"1": 0.17973856209150327, "2": 0.0, "3": 0.01959412176347096, "4": 0.0, "5": 0.004240882103477523, "6": 0.009450171821305841, "7": 0.01603849238171612, "8": 0.008705745792222866},
  "recall": 0.02905169063350175,
  "scene_recalls": {"1": 0.02905169063350175},
  "targets_count": 10292,
  "tp_count": 299
}