{
  "gt_count": 10292,
  "mean_obj_recall": 0.08576052875011969,
  "mean_scene_recall": 0.08365720948309366,
  "obj_recalls": {"1": 0.375, "2": 0.04737384140061792, "3": 0.09517144856543037, "4": 0.0051660516605166054, "5": 0.05089058524173028, "6": 0.01632302405498282, "7": 0.06655974338412189, "8": 0.02959953569355775},
  "recall": 0.08365720948309366,
  "scene_recalls": {"1": 0.08365720948309366},
  "targets_count": 10292,
  "tp_count": 861
}