{
  "gt_count": 10292,
  "mean_obj_recall": 0.09824412358036903,
  "mean_scene_recall": 0.09570540225417801,
  "obj_recalls": {"1": 0.38235294117647056, "2": 0.07312049433573635, "3": 0.10496850944716585, "4": 0.025092250922509225, "5": 0.06955046649703138, "6": 0.01718213058419244, "7": 0.07538091419406576, "8": 0.038305281485780614},
  "recall": 0.09570540225417801,
  "scene_recalls": {"1": 0.09570540225417801},
  "targets_count": 10292,
  "tp_count": 985
}