{
  "gt_count": 10292,
  "mean_obj_recall": 0.06783342160422265,
  "mean_scene_recall": 0.06665371162067625,
  "obj_recalls": {"1": 0.3349673202614379, "2": 0.013388259526261586, "3": 0.06997900629811056, "4": 0.0007380073800738007, "5": 0.02883799830364716, "6": 0.014604810996563574, "7": 0.05693664795509222, "8": 0.023215322112594312},
  "recall": 0.06665371162067625,
  "scene_recalls": {"1": 0.06665371162067625},
  "targets_count": 10292,
  "tp_count": 686
}