{
  "gt_count": 10292,
  "mean_obj_recall": 0.13370803432141842,
  "mean_scene_recall": 0.12689467547609795,
  "obj_recalls": {"1": 0.3937908496732026, "2": 0.22966014418125644, "3": 0.11406578026592022, "4": 0.07011070110701106, "5": 0.10178117048346055, "6": 0.01718213058419244, "7": 0.09141940657578188, "8": 0.05165409170052235},
  "recall": 0.12689467547609795,
  "scene_recalls": {"1": 0.12689467547609795},
  "targets_count": 10292,
  "tp_count": 1306
}