{
  "gt_count": 10292,
  "mean_obj_recall": 0.12391658378359144,
  "mean_scene_recall": 0.11863583365720948,
  "obj_recalls": {"1": 0.3929738562091503, "2": 0.1709577754891864, "3": 0.11266620013995801, "4": 0.06568265682656826, "5": 0.09838846480067855, "6": 0.01718213058419244, "7": 0.08821170809943865, "8": 0.04526987811955891},
  "recall": 0.11863583365720948,
  "scene_recalls": {"1": 0.11863583365720948},
  "targets_count": 10292,
  "tp_count": 1221
}