{
  "gt_count": 10292,
  "mean_obj_recall": 0.10621122540166747,
  "mean_scene_recall": 0.10318694131364166,
  "obj_recalls": {"1": 0.38480392156862747, "2": 0.09268795056642637, "3": 0.10776766969909027, "4": 0.03911439114391144, "5": 0.08396946564885496, "6": 0.01718213058419244, "7": 0.0817963111467522, "8": 0.04236796285548462},
  "recall": 0.10318694131364166,
  "scene_recalls": {"1": 0.10318694131364166},
  "targets_count": 10292,
  "tp_count": 1062
}