{
  "gt_count": 10292,
  "mean_obj_recall": 0.5148131859041394,
  "mean_scene_recall": 0.49232413525068014,
  "obj_recalls": {"1": 0.6944444444444444, "2": 0.8764160659114315, "3": 0.2939118264520644, "4": 0.2738007380073801, "5": 0.6649703138252756, "6": 0.48109965635738833, "7": 0.4322373696872494, "8": 0.4016250725478816},
  "recall": 0.49232413525068014,
  "scene_recalls": {"1": 0.49232413525068014},
  "targets_count": 10292,
  "tp_count": 5067
}