{
  "gt_count": 10292,
  "mean_obj_recall": 0.3758351605631233,
  "mean_scene_recall": 0.35649047804119705,
  "obj_recalls": {"1": 0.6233660130718954, "2": 0.5314109165808445, "3": 0.0, "4": 0.13210332103321032, "5": 0.6208651399491094, "6": 0.45532646048109965, "7": 0.3360064153969527, "8": 0.3076030179918746},
  "recall": 0.35649047804119705,
  "scene_recalls": {"1": 0.35649047804119705},
  "targets_count": 10292,
  "tp_count": 3669
}