{
  "gt_count": 10279,
  "mean_obj_recall": 0.2577173135789145,
  "mean_scene_recall": 0.27451630735212823,
  "obj_recalls": {"1": 0.5138888888888888, "2": 0.45314109165808447, "3": 0.0, "4": 0.06863468634686347, "5": 0.41899915182357933, "6": 0.3917525773195876, "7": 0.0, "8": 0.21532211259431225},
  "recall": 0.27451630735212823,
  "scene_recalls": {"1": 0.27451630735212823},
  "targets_count": 9045,
  "tp_count": 2483
}