{
  "gt_count": 10292,
  "mean_obj_recall": 0.5446499688199334,
  "mean_scene_recall": 0.5231247570928876,
  "obj_recalls": {"1": 0.7026143790849673, "2": 0.9031925849639547, "3": 0.3806857942617215, "4": 0.31365313653136534, "5": 0.6912637828668363, "6": 0.48711340206185566, "7": 0.4578989574979952, "8": 0.4207777132907719},
  "recall": 0.5231247570928876,
  "scene_recalls": {"1": 0.5231247570928876},
  "targets_count": 10292,
  "tp_count": 5384
}