{
  "gt_count": 10279,
  "mean_obj_recall": 0.30379309398267684,
  "mean_scene_recall": 0.326147042564953,
  "obj_recalls": {"1": 0.576797385620915, "2": 0.49536560247167866, "3": 0.0, "4": 0.1018450184501845, "5": 0.546225614927905, "6": 0.4338487972508591, "7": 0.0, "8": 0.2762623331398723},
  "recall": 0.326147042564953,
  "scene_recalls": {"1": 0.326147042564953},
  "targets_count": 9045,
  "tp_count": 2950
}