{
  "gt_count": 10292,
  "mean_obj_recall": 0.2822762550384173,
  "mean_scene_recall": 0.26506024096385544,
  "obj_recalls": {"1": 0.5138888888888888, "2": 0.45314109165808447, "3": 0.0, "4": 0.06863468634686347, "5": 0.41899915182357933, "6": 0.3917525773195876, "7": 0.19647153167602247, "8": 0.21532211259431225},
  "recall": 0.26506024096385544,
  "scene_recalls": {"1": 0.26506024096385544},
  "targets_count": 10292,
  "tp_count": 2728
}