{
  "gt_count": 10292,
  "mean_obj_recall": 0.434889442675585,
  "mean_scene_recall": 0.41206762534006997,
  "obj_recalls": {"1": 0.6748366013071896, "2": 0.709577754891864, "3": 0.06578026592022393, "4": 0.15645756457564575, "5": 0.6522476675148431, "6": 0.4647766323024055, "7": 0.4025661587810746, "8": 0.3528728961114335},
  "recall": 0.41206762534006997,
  "scene_recalls": {"1": 0.41206762534006997},
  "targets_count": 10292,
  "tp_count": 4241
}