{
  "gt_count": 10279,
  "mean_obj_recall": 0.33383435863850425,
  "mean_scene_recall": 0.359314538419016,
  "obj_recalls": {"1": 0.6233660130718954, "2": 0.5314109165808445, "3": 0.0, "4": 0.13210332103321032, "5": 0.6208651399491094, "6": 0.45532646048109965, "7": 0.0, "8": 0.3076030179918746},
  "recall": 0.359314538419016,
  "scene_recalls": {"1": 0.359314538419016},
  "targets_count": 9045,
  "tp_count": 3250
}