{
  "gt_count": 10279,
  "mean_obj_recall": 0.35973647313250856,
  "mean_scene_recall": 0.3862907683803206,
  "obj_recalls": {"1": 0.6625816993464052, "2": 0.631307929969104, "3": 0.0034989503149055285, "4": 0.14243542435424356, "5": 0.6395250212044106, "6": 0.46134020618556704, "7": 0.0, "8": 0.3372025536854324},
  "recall": 0.3862907683803206,
  "scene_recalls": {"1": 0.3862907683803206},
  "targets_count": 9045,
  "tp_count": 3494
}