{
  "gt_count": 10292,
  "mean_obj_recall": 0.4073507473907283,
  "mean_scene_recall": 0.38563933151962687,
  "obj_recalls": {"1": 0.6625816993464052, "2": 0.631307929969104, "3": 0.0034989503149055285, "4": 0.14243542435424356, "5": 0.6395250212044106, "6": 0.46134020618556704, "7": 0.3809141940657578, "8": 0.3372025536854324},
  "recall": 0.38563933151962687,
  "scene_recalls": {"1": 0.38563933151962687},
  "targets_count": 10292,
  "tp_count": 3969
}