{
  "gt_count": 10292,
  "mean_obj_recall": 0.46674365495951087,
  "mean_scene_recall": 0.4439370384764866,
  "obj_recalls": {"1": 0.6813725490196079, "2": 0.7847579814624099, "3": 0.1595521343596921, "4": 0.18228782287822878, "5": 0.6590330788804071, "6": 0.4699312714776632, "7": 0.4186046511627907, "8": 0.3784097504352873},
  "recall": 0.4439370384764866,
  "scene_recalls": {"1": 0.4439370384764866},
  "targets_count": 10292,
  "tp_count": 4569
}