{
  "gt_count": 10279,
  "mean_obj_recall": 0.4607835146932332,
  "mean_scene_recall": 0.5006080707573245,
  "obj_recalls": {"1": 0.6944444444444444, "2": 0.8764160659114315, "3": 0.2939118264520644, "4": 0.2738007380073801, "5": 0.6649703138252756, "6": 0.48109965635738833, "7": 0.0, "8": 0.4016250725478816},
  "recall": 0.5006080707573245,
  "scene_recalls": {"1": 0.5006080707573245},
  "targets_count": 9045,
  "tp_count": 4528
}