{
  "gt_count": 10279,
  "mean_obj_recall": 0.11343636844932249,
  "mean_scene_recall": 0.11774461028192372,
  "obj_recalls": {"1": 0.22712418300653595, "2": 0.21524201853759012, "3": 0.0, "4": 0.021402214022140223, "5": 0.17726887192536048, "6": 0.21305841924398625, "7": 0.0, "8": 0.053395240858966915},
  "recall": 0.11774461028192372,
  "scene_recalls": {"1": 0.11774461028192372},
  "targets_count": 9045,
  "tp_count": 1065
}