{
  "gt_count": 10279,
  "mean_obj_recall": 0.5150803847042233,
  "mean_scene_recall": 0.5666113875069099,
  "obj_recalls": {"1": 0.7116013071895425, "2": 0.913491246138002, "3": 0.4723582925122463, "4": 0.35424354243542433, "5": 0.6963528413910093, "6": 0.5094501718213058, "7": 0.0, "8": 0.4631456761462565},
  "recall": 0.5666113875069099,
  "scene_recalls": {"1": 0.5666113875069099},
  "targets_count": 9045,
  "tp_count": 5125
}