{
  "gt_count": 10292,
  "mean_obj_recall": 0.0356077426147046,
  "mean_scene_recall": 0.03381267003497863,
  "obj_recalls": {"1": 0.2369281045751634, "2": 0.0, "3": 0.0, "4": 0.0007380073800738007, "5": 0.0033927056827820186, "6": 0.03951890034364261, "7": 0.0008019246190858059, "8": 0.003482298316889147},
  "recall": 0.03381267003497863,
  "scene_recalls": {"1": 0.03381267003497863},
  "targets_count": 10292,
  "tp_count": 348
}