{
  "gt_count": 10292,
  "mean_obj_recall": 0.11466420484290134,
  "mean_scene_recall": 0.11329187718616401,
  "obj_recalls": {"1": 0.4722222222222222, "2": 0.007209062821833162, "3": 0.0, "4": 0.00959409594095941, "5": 0.0916030534351145, "6": 0.17525773195876287, "7": 0.046511627906976744, "8": 0.11491584445734185},
  "recall": 0.11329187718616401,
  "scene_recalls": {"1": 0.11329187718616401},
  "targets_count": 10292,
  "tp_count": 1166
}