{
  "gt_count": 10292,
  "mean_obj_recall": 0.07080008601670917,
  "mean_scene_recall": 0.06820831713952584,
  "obj_recalls": {"1": 0.39705882352941174, "2": 0.004119464469618949, "3": 0.0, "4": 0.0036900369003690036, "5": 0.017811704834605598, "6": 0.1013745704467354, "7": 0.010425020048115477, "8": 0.03192106790481718},
  "recall": 0.06820831713952584,
  "scene_recalls": {"1": 0.06820831713952584},
  "targets_count": 10292,
  "tp_count": 702
}