{
  "gt_count": 10292,
  "mean_obj_recall": 0.12906799790293064,
  "mean_scene_recall": 0.12786630392537893,
  "obj_recalls": {"1": 0.49264705882352944, "2": 0.01132852729145211, "3": 0.0, "4": 0.013284132841328414, "5": 0.13401187446988974, "6": 0.18642611683848798, "7": 0.056134723336006415, "8": 0.138711549622751},
  "recall": 0.12786630392537893,
  "scene_recalls": {"1": 0.12786630392537893},
  "targets_count": 10292,
  "tp_count": 1316
}