{
  "gt_count": 10292,
  "mean_obj_recall": 0.019524669833569167,
  "mean_scene_recall": 0.018460940536338902,
  "obj_recalls": {"1": 0.136437908496732, "2": 0.0, "3": 0.0, "4": 0.0, "5": 0.0, "6": 0.019759450171821305, "7": 0.0, "8": 0.0},
  "recall": 0.018460940536338902,
  "scene_recalls": {"1": 0.018460940536338902},
  "targets_count": 10292,
  "tp_count": 190
}