{
  "gt_count": 10292,
  "mean_obj_recall": 0.05422119104372212,
  "mean_scene_recall": 0.051690633501748934,
  "obj_recalls": {"1": 0.3349673202614379, "2": 0.0010298661174047373, "3": 0.0, "4": 0.002214022140221402, "5": 0.009329940627650551, "6": 0.06958762886597938, "7": 0.0056134723336006415, "8": 0.011027278003482298},
  "recall": 0.051690633501748934,
  "scene_recalls": {"1": 0.051690633501748934},
  "targets_count": 10292,
  "tp_count": 532
}