{
  "gt_count": 10292,
  "mean_obj_recall": 0.6930969892181067,
  "mean_scene_recall": 0.6803342401865526,
  "obj_recalls": {"1": 0.8316993464052288, "2": 0.9814624098867147, "3": 0.6417074877536739, "4": 0.6361623616236163, "5": 0.7404580152671756, "6": 0.5927835051546392, "7": 0.5076182838813151, "8": 0.6128845037724898},
  "recall": 0.6803342401865526,
  "scene_recalls": {"1": 0.6803342401865526},
  "targets_count": 10292,
  "tp_count": 7002
}