{
  "gt_count": 10292,
  "mean_obj_recall": 0.24855027088635628,
  "mean_scene_recall": 0.23328799067236689,
  "obj_recalls": {"1": 0.2785947712418301, "2": 0.47579814624098865, "3": 0.22953114065780267, "4": 0.13062730627306274, "5": 0.2340966921119593, "6": 0.33419243986254293, "7": 0.20689655172413793, "8": 0.09866511897852583},
  "recall": 0.23328799067236689,
  "scene_recalls": {"1": 0.23328799067236689},
  "targets_count": 10292,
  "tp_count": 2401
}