{
  "gt_count": 10292,
  "mean_obj_recall": 0.5952357926558203,
  "mean_scene_recall": 0.5776331130975515,
  "obj_recalls": {"1": 0.7949346405228758, "2": 0.88259526261586, "3": 0.46815955213435967, "4": 0.36162361623616235, "5": 0.7065309584393554, "6": 0.5687285223367697, "7": 0.4755412991178829, "8": 0.5037724898432966},
  "recall": 0.5776331130975515,
  "scene_recalls": {"1": 0.5776331130975515},
  "targets_count": 10292,
  "tp_count": 5945
}