{
  "gt_count": 10292,
  "mean_obj_recall": 0.6239304949410958,
  "mean_scene_recall": 0.6061018266614846,
  "obj_recalls": {"1": 0.8006535947712419, "2": 0.9433573635427395, "3": 0.49755073477956613, "4": 0.44132841328413286, "5": 0.719253604749788, "6": 0.5747422680412371, "7": 0.48757016840417, "8": 0.5269878119558908},
  "recall": 0.6061018266614846,
  "scene_recalls": {"1": 0.6061018266614846},
  "targets_count": 10292,
  "tp_count": 6238
}