{
  "gt_count": 10292,
  "mean_obj_recall": 0.5171125701909489,
  "mean_scene_recall": 0.49931986008550333,
  "obj_recalls": {"1": 0.7214052287581699, "2": 0.7507723995880535, "3": 0.3834849545136459, "4": 0.2738007380073801, "5": 0.6463104325699746, "6": 0.538659793814433, "7": 0.4161988773055333, "8": 0.4062681369704005},
  "recall": 0.49931986008550333,
  "scene_recalls": {"1": 0.49931986008550333},
  "targets_count": 10292,
  "tp_count": 5139
}