{
  "gt_count": 10292,
  "mean_obj_recall": 0.669772673570733,
  "mean_scene_recall": 0.6546832491255344,
  "obj_recalls": {"1": 0.829248366013072, "2": 0.9732234809474768, "3": 0.5584324702589223, "4": 0.5933579335793358, "5": 0.7353689567430025, "6": 0.5876288659793815, "7": 0.4987971130713713, "8": 0.5821242019733024},
  "recall": 0.6546832491255344,
  "scene_recalls": {"1": 0.6546832491255344},
  "targets_count": 10292,
  "tp_count": 6738
}