{
  "gt_count": 10279,
  "mean_obj_recall": 0.21498138305145925,
  "mean_scene_recall": 0.23747927031509122,
  "obj_recalls": {"1": 0.5449346405228758, "2": 0.1627188465499485, "3": 0.20503848845346395, "4": 0.24280442804428043, "5": 0.19253604749787956, "6": 0.2981099656357388, "7": 0.0, "8": 0.07370864770748695},
  "recall": 0.23747927031509122,
  "scene_recalls": {"1": 0.23747927031509122},
  "targets_count": 9045,
  "tp_count": 2148
}