{
  "gt_count": 10279,
  "mean_obj_recall": 0.3362333679742535,
  "mean_scene_recall": 0.37534549474847984,
  "obj_recalls": {"1": 0.6576797385620915, "2": 0.286302780638517, "3": 0.244926522043387, "4": 0.31808118081180814, "5": 0.5207803223070399, "6": 0.40034364261168387, "7": 0.0, "8": 0.2617527568195009},
  "recall": 0.37534549474847984,
  "scene_recalls": {"1": 0.37534549474847984},
  "targets_count": 9045,
  "tp_count": 3395
}