{
  "gt_count": 10279,
  "mean_obj_recall": 0.05820825051964004,
  "mean_scene_recall": 0.06434494195688226,
  "obj_recalls": {"1": 0.2042483660130719, "2": 0.037075180226570546, "3": 0.08257522743177047, "4": 0.055350553505535055, "5": 0.009329940627650551, "6": 0.07302405498281787, "7": 0.0, "8": 0.004062681369704005},
  "recall": 0.06434494195688226,
  "scene_recalls": {"1": 0.06434494195688226},
  "targets_count": 9045,
  "tp_count": 582
}