{
  "gt_count": 10279,
  "mean_obj_recall": 0.17443498069899832,
  "mean_scene_recall": 0.19170812603648424,
  "obj_recalls": {"1": 0.47467320261437906, "2": 0.12873326467559218, "3": 0.19174247725682295, "4": 0.1985239852398524, "5": 0.13655640373197625, "6": 0.23797250859106528, "7": 0.0, "8": 0.027278003482298318},
  "recall": 0.19170812603648424,
  "scene_recalls": {"1": 0.19170812603648424},
  "targets_count": 9045,
  "tp_count": 1734
}