{
  "gt_count": 10279,
  "mean_obj_recall": 0.017525752659387668,
  "mean_scene_recall": 0.019679380873410725,
  "obj_recalls": {"1": 0.08006535947712418, "2": 0.004119464469618949, "3": 0.02939118264520644, "4": 0.014022140221402213, "5": 0.0, "6": 0.012027491408934709, "7": 0.0, "8": 0.0005803830528148578},
  "recall": 0.019679380873410725,
  "scene_recalls": {"1": 0.019679380873410725},
  "targets_count": 9045,
  "tp_count": 178
}