{
  "gt_count": 10279,
  "mean_obj_recall": 0.3620188092500526,
  "mean_scene_recall": 0.4048645660585959,
  "obj_recalls": {"1": 0.6683006535947712, "2": 0.32852729145211124, "3": 0.2624212736179146, "4": 0.33431734317343176, "5": 0.5894826123833757, "6": 0.4054982817869416, "7": 0.0, "8": 0.3076030179918746},
  "recall": 0.4048645660585959,
  "scene_recalls": {"1": 0.4048645660585959},
  "targets_count": 9045,
  "tp_count": 3662
}