{
  "gt_count": 10279,
  "mean_obj_recall": 0.2549305561365971,
  "mean_scene_recall": 0.28313985627418464,
  "obj_recalls": {"1": 0.5923202614379085, "2": 0.19258496395468588, "3": 0.21973407977606718, "4": 0.27084870848708487, "5": 0.27565733672603904, "6": 0.3548109965635739, "7": 0.0, "8": 0.1334881021474173},
  "recall": 0.28313985627418464,
  "scene_recalls": {"1": 0.28313985627418464},
  "targets_count": 9045,
  "tp_count": 2561
}