{
  "gt_count": 10279,
  "mean_obj_recall": 0.1217782469868948,
  "mean_scene_recall": 0.13355444997236043,
  "obj_recalls": {"1": 0.3611111111111111, "2": 0.09577754891864057, "3": 0.15745276417074877, "4": 0.11439114391143912, "5": 0.0720949957591179, "6": 0.16237113402061856, "7": 0.0, "8": 0.011027278003482298},
  "recall": 0.13355444997236043,
  "scene_recalls": {"1": 0.13355444997236043},
  "targets_count": 9045,
  "tp_count": 1208
}