{
  "gt_count": 10292,
  "mean_obj_recall": 0.014729222229424143,
  "mean_scene_recall": 0.014380101049358725,
  "obj_recalls": {"1": 0.07598039215686274, "2": 0.005149330587023687, "3": 0.02589223233030091, "4": 0.0014760147601476014, "5": 0.0, "6": 0.007731958762886598, "7": 0.0016038492381716118, "8": 0.0},
  "recall": 0.014380101049358725,
  "scene_recalls": {"1": 0.014380101049358725},
  "targets_count": 10292,
  "tp_count": 148
}