{
  "gt_count": 10292,
  "mean_obj_recall": 0.046041799484398335,
  "mean_scene_recall": 0.04401476875242907,
  "obj_recalls": {"1": 0.14624183006535948, "2": 0.04737384140061792, "3": 0.05948215535339398, "4": 0.02214022140221402, "5": 0.006785411365564037, "6": 0.054982817869415807, "7": 0.0272654370489174, "8": 0.004062681369704005},
  "recall": 0.04401476875242907,
  "scene_recalls": {"1": 0.04401476875242907},
  "targets_count": 10292,
  "tp_count": 453
}