{
  "gt_count": 10292,
  "mean_obj_recall": 0.050512027441349486,
  "mean_scene_recall": 0.04838709677419355,
  "obj_recalls": {"1": 0.16339869281045752, "2": 0.04943357363542739, "3": 0.0622813156053184, "4": 0.024354243542435424, "5": 0.007633587786259542, "6": 0.06013745704467354, "7": 0.030473135525260625, "8": 0.006384213580963436},
  "recall": 0.04838709677419355,
  "scene_recalls": {"1": 0.04838709677419355},
  "targets_count": 10292,
  "tp_count": 498
}