{
  "gt_count": 10292,
  "mean_obj_recall": 0.05443564970586848,
  "mean_scene_recall": 0.052273610571317526,
  "obj_recalls": {"1": 0.17483660130718953, "2": 0.05046343975283213, "3": 0.06508047585724283, "4": 0.025830258302583026, "5": 0.011874469889737066, "6": 0.06443298969072164, "7": 0.03368083400160385, "8": 0.009286128845037725},
  "recall": 0.052273610571317526,
  "scene_recalls": {"1": 0.052273610571317526},
  "targets_count": 10292,
  "tp_count": 538
}