{
  "gt_count": 10292,
  "mean_obj_recall": 0.057859788496111765,
  "mean_scene_recall": 0.05547998445394481,
  "obj_recalls": {"1": 0.18137254901960784, "2": 0.05664263645726056, "3": 0.06648005598320504, "4": 0.02730627306273063, "5": 0.017811704834605598, "6": 0.0661512027491409, "7": 0.03608660785886127, "8": 0.011027278003482298},
  "recall": 0.05547998445394481,
  "scene_recalls": {"1": 0.05547998445394481},
  "targets_count": 10292,
  "tp_count": 571
}