{
  "gt_count": 10292,
  "mean_obj_recall": 0.02657460120977903,
  "mean_scene_recall": 0.025262339681305868,
  "obj_recalls": {"1": 0.10212418300653595, "2": 0.029866117404737384, "3": 0.04198740377886634, "4": 0.002214022140221402, "5": 0.0016963528413910093, "6": 0.027491408934707903, "7": 0.007217321571772253, "8": 0.0},
  "recall": 0.025262339681305868,
  "scene_recalls": {"1": 0.025262339681305868},
  "targets_count": 10292,
  "tp_count": 260
}