{
  "gt_count": 10292,
  "mean_obj_recall": 0.0422620342553609,
  "mean_scene_recall": 0.04022541780023319,
  "obj_recalls": {"1": 0.1380718954248366, "2": 0.044284243048403706, "3": 0.05458362491252624, "4": 0.01918819188191882, "5": 0.005089058524173028, "6": 0.05326460481099656, "7": 0.022453889334402566, "8": 0.0011607661056297156},
  "recall": 0.04022541780023319,
  "scene_recalls": {"1": 0.04022541780023319},
  "targets_count": 10292,
  "tp_count": 414
}