{
  "gt_count": 10292,
  "mean_obj_recall": 0.03586209757302485,
  "mean_scene_recall": 0.03410415856976292,
  "obj_recalls": {"1": 0.12173202614379085, "2": 0.03913491246138002, "3": 0.0496850944716585, "4": 0.014760147601476014, "5": 0.0033927056827820186, "6": 0.0429553264604811, "7": 0.015236567762630313, "8": 0.0},
  "recall": 0.03410415856976292,
  "scene_recalls": {"1": 0.03410415856976292},
  "targets_count": 10292,
  "tp_count": 351
}