{
  "gt_count": 10292,
  "mean_obj_recall": 0.006805669092335162,
  "mean_scene_recall": 0.006704236300038865,
  "obj_recalls": {"1": 0.04084967320261438, "2": 0.0, "3": 0.01119664100769769, "4": 0.0007380073800738007, "5": 0.0, "6": 0.000859106529209622, "7": 0.0008019246190858059, "8": 0.0},
  "recall": 0.006704236300038865,
  "scene_recalls": {"1": 0.006704236300038865},
  "targets_count": 10292,
  "tp_count": 69
}