{
  "gt_count": 10279,
  "mean_obj_recall": 0.053372056622932026,
  "mean_scene_recall": 0.05948037589828634,
  "obj_recalls": {"1": 0.2867647058823529, "2": 0.0, "3": 0.055283414975507345, "4": 0.0014760147601476014, "5": 0.006785411365564037, "6": 0.06099656357388316, "7": 0.0, "8": 0.01567034242600116},
  "recall": 0.05948037589828634,
  "scene_recalls": {"1": 0.05948037589828634},
  "targets_count": 9045,
  "tp_count": 538
}