{
  "gt_count": 10279,
  "mean_obj_recall": 0.021707984617164007,
  "mean_scene_recall": 0.023880597014925373,
  "obj_recalls": {"1": 0.12173202614379085, "2": 0.0, "3": 0.021693491952414275, "4": 0.0007380073800738007, "5": 0.0008481764206955047, "6": 0.027491408934707903, "7": 0.0, "8": 0.0011607661056297156},
  "recall": 0.023880597014925373,
  "scene_recalls": {"1": 0.023880597014925373},
  "targets_count": 9045,
  "tp_count": 216
}