{
  "gt_count": 10279,
  "mean_obj_recall": 0.1187317952472767,
  "mean_scene_recall": 0.13488114980652294,
  "obj_recalls": {"1": 0.494281045751634, "2": 0.006179196704428424, "3": 0.08117564730580826, "4": 0.016236162361623615, "5": 0.041560644614079725, "6": 0.20189003436426117, "7": 0.0, "8": 0.1085316308763784},
  "recall": 0.13488114980652294,
  "scene_recalls": {"1": 0.13488114980652294},
  "targets_count": 9045,
  "tp_count": 1220
}