{
  "gt_count": 10279,
  "mean_obj_recall": 0.08072751744547725,
  "mean_scene_recall": 0.0904367053620785,
  "obj_recalls": {"1": 0.4019607843137255, "2": 0.0, "3": 0.06578026592022393, "4": 0.005904059040590406, "5": 0.015267175572519083, "6": 0.11512027491408934, "7": 0.0, "8": 0.04178757980266976},
  "recall": 0.0904367053620785,
  "scene_recalls": {"1": 0.0904367053620785},
  "targets_count": 9045,
  "tp_count": 818
}