{
  "gt_count": 10279,
  "mean_obj_recall": 0.09407307445883792,
  "mean_scene_recall": 0.10580431177446104,
  "obj_recalls": {"1": 0.44362745098039214, "2": 0.0010298661174047373, "3": 0.07137858642407278, "4": 0.010332103321033211, "5": 0.017811704834605598, "6": 0.1486254295532646, "7": 0.0, "8": 0.05977945443993035},
  "recall": 0.10580431177446104,
  "scene_recalls": {"1": 0.10580431177446104},
  "targets_count": 9045,
  "tp_count": 957
}