{
  "gt_count": 10279,
  "mean_obj_recall": 0.0022368587656464802,
  "mean_scene_recall": 0.0024322830292979546,
  "obj_recalls": {"1": 0.01715686274509804, "2": 0.0, "3": 0.0, "4": 0.0007380073800738007, "5": 0.0, "6": 0.0, "7": 0.0, "8": 0.0},
  "recall": 0.0024322830292979546,
  "scene_recalls": {"1": 0.0024322830292979546},
  "targets_count": 9045,
  "tp_count": 22
}