{
  "gt_count": 10279,
  "mean_obj_recall": 0.03661272527164231,
  "mean_scene_recall": 0.040574903261470424,
  "obj_recalls": {"1": 0.19607843137254902, "2": 0.0, "3": 0.04338698390482855, "4": 0.0007380073800738007, "5": 0.004240882103477523, "6": 0.04381443298969072, "7": 0.0, "8": 0.0046430644225188625},
  "recall": 0.040574903261470424,
  "scene_recalls": {"1": 0.040574903261470424},
  "targets_count": 9045,
  "tp_count": 367
}