{
  "gt_count": 10279,
  "mean_obj_recall": 0.06913671916508435,
  "mean_scene_recall": 0.0771697070204533,
  "obj_recalls": {"1": 0.3611111111111111, "2": 0.0, "3": 0.06018194541637509, "4": 0.004428044280442804, "5": 0.01102629346904156, "6": 0.08848797250859107, "7": 0.0, "8": 0.027858386535113175},
  "recall": 0.0771697070204533,
  "scene_recalls": {"1": 0.0771697070204533},
  "targets_count": 9045,
  "tp_count": 698
}