{
  "gt_count": 10292,
  "mean_obj_recall": 0.07122280856474275,
  "mean_scene_recall": 0.06820831713952584,
  "obj_recalls": {"1": 0.28921568627450983, "2": 0.042224510813594233, "3": 0.08957312806158152, "4": 0.01845018450184502, "5": 0.015267175572519083, "6": 0.10996563573883161, "7": 0.0016038492381716118, "8": 0.003482298316889147},
  "recall": 0.06820831713952584,
  "scene_recalls": {"1": 0.06820831713952584},
  "targets_count": 10292,
  "tp_count": 702
}