{
  "gt_count": 10292,
  "mean_obj_recall": 0.30475732288767354,
  "mean_scene_recall": 0.29906723668869023,
  "obj_recalls": {"1": 0.8071895424836601, "2": 0.16065911431513905, "3": 0.2470258922323303, "4": 0.13579335793357933, "5": 0.24597116200169636, "6": 0.4725085910652921, "7": 0.16519647153167602, "8": 0.2037144515380151},
  "recall": 0.29906723668869023,
  "scene_recalls": {"1": 0.29906723668869023},
  "targets_count": 10292,
  "tp_count": 3078
}