{
  "gt_count": 10292,
  "mean_obj_recall": 0.44767635449259524,
  "mean_scene_recall": 0.4424795958025651,
  "obj_recalls": {"1": 0.8954248366013072, "2": 0.266735324407827, "3": 0.3219034289713086, "4": 0.1948339483394834, "5": 0.5640373197625106, "6": 0.6254295532646048, "7": 0.3079390537289495, "8": 0.4051073708647707},
  "recall": 0.4424795958025651,
  "scene_recalls": {"1": 0.4424795958025651},
  "targets_count": 10292,
  "tp_count": 4554
}