{
  "gt_count": 10292,
  "mean_obj_recall": 0.44559249461245864,
  "mean_scene_recall": 0.4246987951807229,
  "obj_recalls": {"1": 0.7132352941176471, "2": 0.6343975283213182, "3": 0.271518544436669, "4": 0.5970479704797048, "5": 0.2968617472434266, "6": 0.4218213058419244, "7": 0.5068163592622293, "8": 0.12304120719674985},
  "recall": 0.4246987951807229,
  "scene_recalls": {"1": 0.4246987951807229},
  "targets_count": 10292,
  "tp_count": 4371
}