{
  "gt_count": 10292,
  "mean_obj_recall": 0.3303160991661812,
  "mean_scene_recall": 0.31315584920326467,
  "obj_recalls": {"1": 0.619281045751634, "2": 0.4840370751802266, "3": 0.24002799160251925, "4": 0.44575645756457566, "5": 0.1993214588634436, "6": 0.281786941580756, "7": 0.32878909382518046, "8": 0.04352872896111434},
  "recall": 0.31315584920326467,
  "scene_recalls": {"1": 0.31315584920326467},
  "targets_count": 10292,
  "tp_count": 3223
}