{
  "gt_count": 10292,
  "mean_obj_recall": 0.6151747153466615,
  "mean_scene_recall": 0.595705402254178,
  "obj_recalls": {"1": 0.8129084967320261, "2": 0.7651905252317199, "3": 0.34219734079776065, "4": 0.6870848708487085, "5": 0.640373197625106, "6": 0.5756013745704467, "7": 0.7225340817963112, "8": 0.375507835171213},
  "recall": 0.595705402254178,
  "scene_recalls": {"1": 0.595705402254178},
  "targets_count": 10292,
  "tp_count": 6131
}