{
  "gt_count": 10292,
  "mean_obj_recall": 0.28860403991462447,
  "mean_scene_recall": 0.27662261951029926,
  "obj_recalls": {"1": 0.6584967320261438, "2": 0.345005149330587, "3": 0.25262421273617913, "4": 0.3505535055350554, "5": 0.178117048346056, "6": 0.33075601374570446, "7": 0.1218925421010425, "8": 0.0713871154962275},
  "recall": 0.27662261951029926,
  "scene_recalls": {"1": 0.27662261951029926},
  "targets_count": 10292,
  "tp_count": 2847
}