{
  "gt_count": 10279,
  "mean_obj_recall": 0.35881559967404236,
  "mean_scene_recall": 0.39292426755113324,
  "obj_recalls": {"1": 0.7818627450980392, "2": 0.48300720906282185, "3": 0.3107067879636109, "4": 0.46420664206642065, "5": 0.24427480916030533, "6": 0.43556701030927836, "7": 0.0, "8": 0.15089959373186304},
  "recall": 0.39292426755113324,
  "scene_recalls": {"1": 0.39292426755113324},
  "targets_count": 9045,
  "tp_count": 3554
}