{
  "gt_count": 10279,
  "mean_obj_recall": 0.5698944970178224,
  "mean_scene_recall": 0.6319513543394141,
  "obj_recalls": {"1": 0.934640522875817, "2": 0.733264675592173, "3": 0.4555633310006998, "4": 0.5992619926199262, "5": 0.7039864291772688, "6": 0.6872852233676976, "7": 0.0, "8": 0.4451538015089959},
  "recall": 0.6319513543394141,
  "scene_recalls": {"1": 0.6319513543394141},
  "targets_count": 9045,
  "tp_count": 5716
}