{
  "gt_count": 10279,
  "mean_obj_recall": 0.08901421739986892,
  "mean_scene_recall": 0.0962962962962963,
  "obj_recalls": {"1": 0.29820261437908496, "2": 0.09783728115345006, "3": 0.10076976906927922, "4": 0.07380073800738007, "5": 0.022900763358778626, "6": 0.11512027491408934, "7": 0.0, "8": 0.003482298316889147},
  "recall": 0.0962962962962963,
  "scene_recalls": {"1": 0.0962962962962963},
  "targets_count": 9045,
  "tp_count": 871
}