{
  "gt_count": 10292,
  "mean_obj_recall": 0.6797489874832361,
  "mean_scene_recall": 0.663136416634279,
  "obj_recalls": {"1": 0.9428104575163399, "2": 0.7950566426364573, "3": 0.509447165850245, "4": 0.6132841328413284, "5": 0.7659033078880407, "6": 0.7336769759450171, "7": 0.5757818765036087, "8": 0.502031340684852},
  "recall": 0.663136416634279,
  "scene_recalls": {"1": 0.663136416634279},
  "targets_count": 10292,
  "tp_count": 6825
}