{
  "gt_count": 10279,
  "mean_obj_recall": 0.607776252920285,
  "mean_scene_recall": 0.6751796572692095,
  "obj_recalls": {"1": 0.9428104575163399, "2": 0.7950566426364573, "3": 0.509447165850245, "4": 0.6132841328413284, "5": 0.7659033078880407, "6": 0.7336769759450171, "7": 0.0, "8": 0.502031340684852},
  "recall": 0.6751796572692095,
  "scene_recalls": {"1": 0.6751796572692095},
  "targets_count": 9045,
  "tp_count": 6107
}