{
  "gt_count": 10279,
  "mean_obj_recall": 0.5093716726250331,
  "mean_scene_recall": 0.5638474295190713,
  "obj_recalls": {"1": 0.9166666666666666, "2": 0.6529351184346035, "3": 0.4079776067179846, "4": 0.5749077490774908, "5": 0.5351993214588634, "6": 0.6262886597938144, "7": 0.0, "8": 0.3609982588508416},
  "recall": 0.5638474295190713,
  "scene_recalls": {"1": 0.5638474295190713},
  "targets_count": 9045,
  "tp_count": 5100
}