{
  "gt_count": 10279,
  "mean_obj_recall": 0.1792033500070666,
  "mean_scene_recall": 0.19447208402432284,
  "obj_recalls": {"1": 0.48937908496732024, "2": 0.2121524201853759, "3": 0.19174247725682295, "4": 0.1940959409594096, "5": 0.1085665818490246, "6": 0.21563573883161513, "7": 0.0, "8": 0.022054556006964595},
  "recall": 0.19447208402432284,
  "scene_recalls": {"1": 0.19447208402432284},
  "targets_count": 9045,
  "tp_count": 1759
}