{
  "gt_count": 10279,
  "mean_obj_recall": 0.03136203398153264,
  "mean_scene_recall": 0.03383084577114428,
  "obj_recalls": {"1": 0.16830065359477125, "2": 0.012358393408856848, "3": 0.01819454163750875, "4": 0.007380073800738007, "5": 0.0008481764206955047, "6": 0.04381443298969072, "7": 0.0, "8": 0.0},
  "recall": 0.03383084577114428,
  "scene_recalls": {"1": 0.03383084577114428},
  "targets_count": 9045,
  "tp_count": 306
}