{
  "gt_count": 10292,
  "mean_obj_recall": 0.18291225137033848,
  "mean_scene_recall": 0.1745044694908667,
  "obj_recalls": {"1": 0.48937908496732024, "2": 0.2121524201853759, "3": 0.19174247725682295, "4": 0.1940959409594096, "5": 0.1085665818490246, "6": 0.21563573883161513, "7": 0.02967121090617482, "8": 0.022054556006964595},
  "recall": 0.1745044694908667,
  "scene_recalls": {"1": 0.1745044694908667},
  "targets_count": 10292,
  "tp_count": 1796
}