{
  "gt_count": 10292,
  "mean_obj_recall": 0.6100521356421997,
  "mean_scene_recall": 0.5984259619121648,
  "obj_recalls": {"1": 0.940359477124183, "2": 0.6096807415036045, "3": 0.45906228131560534, "4": 0.4988929889298893, "5": 0.7065309584393554, "6": 0.6872852233676976, "7": 0.49398556535685645, "8": 0.4846198491004063},
  "recall": 0.5984259619121648,
  "scene_recalls": {"1": 0.5984259619121648},
  "targets_count": 10292,
  "tp_count": 6159
}