{
  "gt_count": 10292,
  "mean_obj_recall": 0.16155104891571745,
  "mean_scene_recall": 0.1548775748153906,
  "obj_recalls": {"1": 0.48856209150326796, "2": 0.15036045314109167, "3": 0.1868439468159552, "4": 0.12472324723247233, "5": 0.0899067005937235, "6": 0.20189003436426117, "7": 0.028067361668003207, "8": 0.022054556006964595},
  "recall": 0.1548775748153906,
  "scene_recalls": {"1": 0.1548775748153906},
  "targets_count": 10292,
  "tp_count": 1594
}