{
  "gt_count": 10292,
  "mean_obj_recall": 0.3408699820158657,
  "mean_scene_recall": 0.33015934706568206,
  "obj_recalls": {"1": 0.7785947712418301, "2": 0.32852729145211124, "3": 0.2729181245626312, "4": 0.34686346863468637, "5": 0.23748939779474132, "6": 0.4261168384879725, "7": 0.1884522854851644, "8": 0.14799767846778875},
  "recall": 0.33015934706568206,
  "scene_recalls": {"1": 0.33015934706568206},
  "targets_count": 10292,
  "tp_count": 3398
}