{
  "gt_count": 10292,
  "mean_obj_recall": 0.2540296143668773,
  "mean_scene_recall": 0.24446171783909834,
  "obj_recalls": {"1": 0.6511437908496732, "2": 0.24613800205973224, "3": 0.24142757172848145, "4": 0.23542435424354244, "5": 0.17217981340118746, "6": 0.31443298969072164, "7": 0.10184442662389735, "8": 0.06964596633778293},
  "recall": 0.24446171783909834,
  "scene_recalls": {"1": 0.24446171783909834},
  "targets_count": 10292,
  "tp_count": 2516
}