{
  "gt_count": 10292,
  "mean_obj_recall": 0.5037492223750231,
  "mean_scene_recall": 0.4931014380101049,
  "obj_recalls": {"1": 0.9076797385620915, "2": 0.46446961894953653, "3": 0.37508747375787266, "4": 0.45682656826568263, "5": 0.49703138252756573, "6": 0.6065292096219931, "7": 0.37530072173215717, "8": 0.347069065583285},
  "recall": 0.4931014380101049,
  "scene_recalls": {"1": 0.4931014380101049},
  "targets_count": 10292,
  "tp_count": 5075
}