{
  "gt_count": 10292,
  "mean_obj_recall": 0.030827814684653777,
  "mean_scene_recall": 0.029246016323357948,
  "obj_recalls": {"1": 0.16830065359477125, "2": 0.010298661174047374, "3": 0.01819454163750875, "4": 0.0051660516605166054, "5": 0.0008481764206955047, "6": 0.04381443298969072, "7": 0.0, "8": 0.0},
  "recall": 0.029246016323357948,
  "scene_recalls": {"1": 0.029246016323357948},
  "targets_count": 10292,
  "tp_count": 301
}