{
  "gt_count": 10279,
  "mean_obj_recall": 0.13007877720934544,
  "mean_scene_recall": 0.14328358208955225,
  "obj_recalls": {"1": 0.44689542483660133, "2": 0.06385169927909372, "3": 0.13855843247025892, "4": 0.09225092250922509, "5": 0.06361323155216285, "6": 0.20876288659793815, "7": 0.0, "8": 0.026697620429483458},
  "recall": 0.14328358208955225,
  "scene_recalls": {"1": 0.14328358208955225},
  "targets_count": 9045,
  "tp_count": 1296
}