{
  "gt_count": 10279,
  "mean_obj_recall": 0.08866334703060594,
  "mean_scene_recall": 0.09751243781094528,
  "obj_recalls": {"1": 0.3341503267973856, "2": 0.04325437693099897, "3": 0.11546536039188243, "4": 0.03911439114391144, "5": 0.02883799830364716, "6": 0.13745704467353953, "7": 0.0, "8": 0.011027278003482298},
  "recall": 0.09751243781094528,
  "scene_recalls": {"1": 0.09751243781094528},
  "targets_count": 9045,
  "tp_count": 882
}