{
  "gt_count": 10279,
  "mean_obj_recall": 0.0010065914049314617,
  "mean_scene_recall": 0.001105583195135434,
  "obj_recalls": {"1": 0.007352941176470588, "2": 0.0, "3": 0.0006997900629811056, "4": 0.0, "5": 0.0, "6": 0.0, "7": 0.0, "8": 0.0},
  "recall": 0.001105583195135434,
  "scene_recalls": {"1": 0.001105583195135434},
  "targets_count": 9045,
  "tp_count": 10
}