{
  "gt_count": 10279,
  "mean_obj_recall": 0.16579150904667744,
  "mean_scene_recall": 0.18352681039248203,
  "obj_recalls": {"1": 0.5024509803921569, "2": 0.07621009268795056, "3": 0.15605318404478657, "4": 0.12915129151291513, "5": 0.1280746395250212, "6": 0.2757731958762887, "7": 0.0, "8": 0.05861868833430064},
  "recall": 0.18352681039248203,
  "scene_recalls": {"1": 0.18352681039248203},
  "targets_count": 9045,
  "tp_count": 1660
}