{
  "gt_count": 10279,
  "mean_obj_recall": 0.2251081102694864,
  "mean_scene_recall": 0.25207296849087896,
  "obj_recalls": {"1": 0.5686274509803921, "2": 0.11225540679711637, "3": 0.18404478656403078, "4": 0.16531365313653137, "5": 0.2697201017811705, "6": 0.34536082474226804, "7": 0.0, "8": 0.1555426581543819},
  "recall": 0.25207296849087896,
  "scene_recalls": {"1": 0.25207296849087896},
  "targets_count": 9045,
  "tp_count": 2280
}