{
  "gt_count": 10279,
  "mean_obj_recall": 0.2557051416767516,
  "mean_scene_recall": 0.2873410724156993,
  "obj_recalls": {"1": 0.5947712418300654, "2": 0.13182286302780638, "3": 0.1966410076976907, "4": 0.17785977859778598, "5": 0.3816793893129771, "6": 0.3556701030927835, "7": 0.0, "8": 0.20719674985490424},
  "recall": 0.2873410724156993,
  "scene_recalls": {"1": 0.2873410724156993},
  "targets_count": 9045,
  "tp_count": 2599
}