{
  "gt_count": 10279,
  "mean_obj_recall": 0.2758182201575068,
  "mean_scene_recall": 0.3098949695964621,
  "obj_recalls": {"1": 0.6127450980392157, "2": 0.16374871266735325, "3": 0.20363890832750176, "4": 0.19114391143911438, "5": 0.4385072094995759, "6": 0.3599656357388316, "7": 0.0, "8": 0.236796285548462},
  "recall": 0.3098949695964621,
  "scene_recalls": {"1": 0.3098949695964621},
  "targets_count": 9045,
  "tp_count": 2803
}