{
  "gt_count": 10279,
  "mean_obj_recall": 0.19332105229603425,
  "mean_scene_recall": 0.21536760641238253,
  "obj_recalls": {"1": 0.5334967320261438, "2": 0.09474768280123584, "3": 0.172148355493352, "4": 0.15055350553505534, "5": 0.17302798982188294, "6": 0.32044673539518903, "7": 0.0, "8": 0.10214741729541497},
  "recall": 0.21536760641238253,
  "scene_recalls": {"1": 0.21536760641238253},
  "targets_count": 9045,
  "tp_count": 1948
}