{
  "gt_count": 10292,
  "mean_obj_recall": 0.0636884102000897,
  "mean_scene_recall": 0.05956082394092499,
  "obj_recalls": {"1": 0.3006535947712418, "2": 0.08650875386199794, "3": 0.0496850944716585, "4": 0.0051660516605166054, "5": 0.010178117048346057, "6": 0.022336769759450172, "7": 0.03207698476343224, "8": 0.002901915264074289},
  "recall": 0.05956082394092499,
  "scene_recalls": {"1": 0.05956082394092499},
  "targets_count": 10292,
  "tp_count": 613
}