{
  "gt_count": 10292,
  "mean_obj_recall": 0.027985312284216364,
  "mean_scene_recall": 0.026525456665371164,
  "obj_recalls": {"1": 0.16094771241830066, "2": 0.024716786817713696, "3": 0.02729181245626312, "4": 0.0014760147601476014, "5": 0.0, "6": 0.009450171821305841, "7": 0.0, "8": 0.0},
  "recall": 0.026525456665371164,
  "scene_recalls": {"1": 0.026525456665371164},
  "targets_count": 10292,
  "tp_count": 273
}