{
  "gt_count": 10292,
  "mean_obj_recall": 0.03847521784487732,
  "mean_scene_recall": 0.03614457831325301,
  "obj_recalls": {"1": 0.20016339869281047, "2": 0.04943357363542739, "3": 0.03918824352694192, "4": 0.002214022140221402, "5": 0.0033927056827820186, "6": 0.012027491408934709, "7": 0.0008019246190858059, "8": 0.0005803830528148578},
  "recall": 0.03614457831325301,
  "scene_recalls": {"1": 0.03614457831325301},
  "targets_count": 10292,
  "tp_count": 372
}