{
  "gt_count": 10292,
  "mean_obj_recall": 0.08873459909177812,
  "mean_scene_recall": 0.08346288379323746,
  "obj_recalls": {"1": 0.3700980392156863, "2": 0.10504634397528322, "3": 0.05318404478656403, "4": 0.011808118081180811, "5": 0.04580152671755725, "6": 0.028350515463917526, "7": 0.08340016038492382, "8": 0.012188044109112013},
  "recall": 0.08346288379323746,
  "scene_recalls": {"1": 0.08346288379323746},
  "targets_count": 10292,
  "tp_count": 859
}