{
  "gt_count": 10292,
  "mean_obj_recall": 0.0024509803921568627,
  "mean_scene_recall": 0.002331908278274388,
  "obj_recalls": {"1": 0.0196078431372549, "2": 0.0, "3": 0.0, "4": 0.0, "5": 0.0, "6": 0.0, "7": 0.0, "8": 0.0},
  "recall": 0.002331908278274388,
  "scene_recalls": {"1": 0.002331908278274388},
  "targets_count": 10292,
  "tp_count": 24
}