{
  "gt_count": 10292,
  "mean_obj_recall": 0.07497696138291467,
  "mean_scene_recall": 0.07015157403808783,
  "obj_recalls": {"1": 0.33251633986928103, "2": 0.10092687950566426, "3": 0.05038488453463961, "4": 0.00959409594095941, "5": 0.016963528413910092, "6": 0.027491408934707903, "7": 0.056134723336006415, "8": 0.005803830528148578},
  "recall": 0.07015157403808783,
  "scene_recalls": {"1": 0.07015157403808783},
  "targets_count": 10292,
  "tp_count": 722
}