{
  "gt_count": 10292,
  "mean_obj_recall": 0.051355446576086025,
  "mean_scene_recall": 0.04809560823940925,
  "obj_recalls": {"1": 0.24754901960784315, "2": 0.06797116374871266, "3": 0.04618614415675298, "4": 0.002952029520295203, "5": 0.008481764206955046, "6": 0.018900343642611683, "7": 0.01764234161988773, "8": 0.0011607661056297156},
  "recall": 0.04809560823940925,
  "scene_recalls": {"1": 0.04809560823940925},
  "targets_count": 10292,
  "tp_count": 495
}