{
  "gt_count": 10292,
  "mean_obj_recall": 0.1072865953219144,
  "mean_scene_recall": 0.10124368441507968,
  "obj_recalls": {"1": 0.3888888888888889, "2": 0.11946446961894953, "3": 0.06018194541637509, "4": 0.013284132841328414, "5": 0.10432569974554708, "6": 0.03608247422680412, "7": 0.11226944667201283, "8": 0.02379570516540917},
  "recall": 0.10124368441507968,
  "scene_recalls": {"1": 0.10124368441507968},
  "targets_count": 10292,
  "tp_count": 1042
}