{
  "gt_count": 10292,
  "mean_obj_recall": 0.017984455056211976,
  "mean_scene_recall": 0.01700349786241741,
  "obj_recalls": {"1": 0.12990196078431374, "2": 0.006179196704428424, "3": 0.0034989503149055285, "4": 0.0, "5": 0.0, "6": 0.00429553264604811, "7": 0.0, "8": 0.0},
  "recall": 0.01700349786241741,
  "scene_recalls": {"1": 0.01700349786241741},
  "targets_count": 10292,
  "tp_count": 175
}