{
  "gt_count": 10292,
  "mean_obj_recall": 0.10088401906040018,
  "mean_scene_recall": 0.09492809949475321,
  "obj_recalls": {"1": 0.3799019607843137, "2": 0.11225540679711637, "3": 0.05598320503848846, "4": 0.012546125461254613, "5": 0.09414758269720101, "6": 0.03436426116838488, "7": 0.10104250200481155, "8": 0.016831108531630876},
  "recall": 0.09492809949475321,
  "scene_recalls": {"1": 0.09492809949475321},
  "targets_count": 10292,
  "tp_count": 977
}