{
  "gt_count": 10279,
  "mean_obj_recall": 0.32370563470365443,
  "mean_scene_recall": 0.3615257048092869,
  "obj_recalls": {"1": 0.6405228758169934, "2": 0.37899073120494337, "3": 0.19384184744576627, "4": 0.06937269372693727, "5": 0.6666666666666666, "6": 0.2542955326460481, "7": 0.0, "8": 0.3859547301218804},
  "recall": 0.3615257048092869,
  "scene_recalls": {"1": 0.3615257048092869},
  "targets_count": 9045,
  "tp_count": 3270
}