{
  "gt_count": 10279,
  "mean_obj_recall": 0.3586109479676107,
  "mean_scene_recall": 0.39756771697070203,
  "obj_recalls": {"1": 0.6544117647058824, "2": 0.529351184346035, "3": 0.23862841147655703, "4": 0.1033210332103321, "5": 0.6726039016115352, "6": 0.2654639175257732, "7": 0.0, "8": 0.4051073708647707},
  "recall": 0.39756771697070203,
  "scene_recalls": {"1": 0.39756771697070203},
  "targets_count": 9045,
  "tp_count": 3596
}