{
  "gt_count": 10279,
  "mean_obj_recall": 0.474700797900031,
  "mean_scene_recall": 0.5280265339966832,
  "obj_recalls": {"1": 0.6830065359477124, "2": 0.8012358393408857, "3": 0.46116165150454863, "4": 0.32177121771217715, "5": 0.6972010178117048, "6": 0.34106529209621994, "7": 0.0, "8": 0.4921648287869994},
  "recall": 0.5280265339966832,
  "scene_recalls": {"1": 0.5280265339966832},
  "targets_count": 9045,
  "tp_count": 4776
}