{
  "gt_count": 10279,
  "mean_obj_recall": 0.28809488228695357,
  "mean_scene_recall": 0.3226091763405196,
  "obj_recalls": {"1": 0.5866013071895425, "2": 0.2893923789907312, "3": 0.15255423372988103, "4": 0.053136531365313655, "5": 0.64715860899067, "6": 0.2259450171821306, "7": 0.0, "8": 0.3499709808473593},
  "recall": 0.3226091763405196,
  "scene_recalls": {"1": 0.3226091763405196},
  "targets_count": 9045,
  "tp_count": 2918
}