{
  "gt_count": 10279,
  "mean_obj_recall": 0.22072016456047874,
  "mean_scene_recall": 0.24322830292979547,
  "obj_recalls": {"1": 0.46405228758169936, "2": 0.23892893923789907, "3": 0.0741777466759972, "4": 0.01918819188191882, "5": 0.5470737913486005, "6": 0.1872852233676976, "7": 0.0, "8": 0.2350551363900174},
  "recall": 0.24322830292979547,
  "scene_recalls": {"1": 0.24322830292979547},
  "targets_count": 9045,
  "tp_count": 2200
}