{
  "gt_count": 10292,
  "mean_obj_recall": 0.3411221477240024,
  "mean_scene_recall": 0.33492032646715897,
  "obj_recalls": {"1": 0.5866013071895425, "2": 0.2893923789907312, "3": 0.15255423372988103, "4": 0.053136531365313655, "5": 0.64715860899067, "6": 0.2259450171821306, "7": 0.4242181234963913, "8": 0.3499709808473593},
  "recall": 0.33492032646715897,
  "scene_recalls": {"1": 0.33492032646715897},
  "targets_count": 10292,
  "tp_count": 3447
}