{
  "gt_count": 10292,
  "mean_obj_recall": 0.31003632910519063,
  "mean_scene_recall": 0.30246793626117374,
  "obj_recalls": {"1": 0.5269607843137255, "2": 0.27703398558187436, "3": 0.10636808957312806, "4": 0.022878228782287822, "5": 0.6242578456318915, "6": 0.21649484536082475, "7": 0.39695268644747395, "8": 0.3093441671503192},
  "recall": 0.30246793626117374,
  "scene_recalls": {"1": 0.30246793626117374},
  "targets_count": 10292,
  "tp_count": 3113
}