{
  "gt_count": 10279,
  "mean_obj_recall": 0.08724468929039328,
  "mean_scene_recall": 0.09275843007186291,
  "obj_recalls": {"1": 0.19281045751633988, "2": 0.14521112255406798, "3": 0.026592022393282014, "4": 0.0007380073800738007, "5": 0.20525869380831213, "6": 0.06872852233676977, "7": 0.0, "8": 0.05861868833430064},
  "recall": 0.09275843007186291,
  "scene_recalls": {"1": 0.09275843007186291},
  "targets_count": 9045,
  "tp_count": 839
}