{
  "gt_count": 10279,
  "mean_obj_recall": 0.4352085973320009,
  "mean_scene_recall": 0.48092868988391374,
  "obj_recalls": {"1": 0.673202614379085, "2": 0.7548918640576725, "3": 0.35199440167949614, "4": 0.25904059040590405, "5": 0.6929601357082273, "6": 0.30326460481099654, "7": 0.0, "8": 0.4463145676146257},
  "recall": 0.48092868988391374,
  "scene_recalls": {"1": 0.48092868988391374},
  "targets_count": 9045,
  "tp_count": 4350
}