{
  "gt_count": 10292,
  "mean_obj_recall": 0.5364489935696382,
  "mean_scene_recall": 0.5239020598523125,
  "obj_recalls": {"1": 0.6830065359477124, "2": 0.8012358393408857, "3": 0.46116165150454863, "4": 0.32177121771217715, "5": 0.6972010178117048, "6": 0.34106529209621994, "7": 0.49398556535685645, "8": 0.4921648287869994},
  "recall": 0.5239020598523125,
  "scene_recalls": {"1": 0.5239020598523125},
  "targets_count": 10292,
  "tp_count": 5392
}