{
  "gt_count": 10279,
  "mean_obj_recall": 0.06949492485632806,
  "mean_scene_recall": 0.07672747374239912,
  "obj_recalls": {"1": 0.2099673202614379, "2": 0.05664263645726056, "3": 0.0979706088173548, "4": 0.08708487084870849, "5": 0.02205258693808312, "6": 0.0781786941580756, "7": 0.0, "8": 0.004062681369704005},
  "recall": 0.07672747374239912,
  "scene_recalls": {"1": 0.07672747374239912},
  "targets_count": 9045,
  "tp_count": 694
}