{
  "gt_count": 10279,
  "mean_obj_recall": 0.3915790158966622,
  "mean_scene_recall": 0.43449419568822556,
  "obj_recalls": {"1": 0.6944444444444444, "2": 0.4325437693099897, "3": 0.27991602519244224, "4": 0.4014760147601476, "5": 0.6072943172179813, "6": 0.4209621993127148, "7": 0.0, "8": 0.2959953569355775},
  "recall": 0.43449419568822556,
  "scene_recalls": {"1": 0.43449419568822556},
  "targets_count": 9045,
  "tp_count": 3930
}