{
  "gt_count": 10279,
  "mean_obj_recall": 0.018858192836340354,
  "mean_scene_recall": 0.021116639027086787,
  "obj_recalls": {"1": 0.08333333333333333, "2": 0.006179196704428424, "3": 0.03079076277116865, "4": 0.016236162361623615, "5": 0.0, "6": 0.013745704467353952, "7": 0.0, "8": 0.0005803830528148578},
  "recall": 0.021116639027086787,
  "scene_recalls": {"1": 0.021116639027086787},
  "targets_count": 9045,
  "tp_count": 191
}