{
  "gt_count": 10279,
  "mean_obj_recall": 0.3452973088375427,
  "mean_scene_recall": 0.38297401879491433,
  "obj_recalls": {"1": 0.6748366013071896, "2": 0.35427394438722964, "3": 0.2624212736179146, "4": 0.388929889298893, "5": 0.45122985581000846, "6": 0.4054982817869416, "7": 0.0, "8": 0.22518862449216484},
  "recall": 0.38297401879491433,
  "scene_recalls": {"1": 0.38297401879491433},
  "targets_count": 9045,
  "tp_count": 3464
}