{
  "gt_count": 10279,
  "mean_obj_recall": 0.13986670911978571,
  "mean_scene_recall": 0.15345494748479824,
  "obj_recalls": {"1": 0.36764705882352944, "2": 0.12770339855818744, "3": 0.18054583624912526, "4": 0.17121771217712178, "5": 0.09584393553859202, "6": 0.16494845360824742, "7": 0.0, "8": 0.011027278003482298},
  "recall": 0.15345494748479824,
  "scene_recalls": {"1": 0.15345494748479824},
  "targets_count": 9045,
  "tp_count": 1388
}