{
  "gt_count": 10279,
  "mean_obj_recall": 0.2003103337401811,
  "mean_scene_recall": 0.2193477059148701,
  "obj_recalls": {"1": 0.5, "2": 0.19464469618949537, "3": 0.2106368089573128, "4": 0.2738007380073801, "5": 0.15097540288379982, "6": 0.24398625429553264, "7": 0.0, "8": 0.028438769587928032},
  "recall": 0.2193477059148701,
  "scene_recalls": {"1": 0.2193477059148701},
  "targets_count": 9045,
  "tp_count": 1984
}