{
  "gt_count": 10279,
  "mean_obj_recall": 0.4200506947924946,
  "mean_scene_recall": 0.46611387506909896,
  "obj_recalls": {"1": 0.7034313725490197, "2": 0.4922760041194645, "3": 0.30230930720783766, "4": 0.4088560885608856, "5": 0.6844783715012722, "6": 0.43127147766323026, "7": 0.0, "8": 0.3377829367382472},
  "recall": 0.46611387506909896,
  "scene_recalls": {"1": 0.46611387506909896},
  "targets_count": 9045,
  "tp_count": 4216
}