{
  "gt_count": 10279,
  "mean_obj_recall": 0.2957095531904787,
  "mean_scene_recall": 0.3271420674405749,
  "obj_recalls": {"1": 0.6413398692810458, "2": 0.286302780638517, "3": 0.24842547235829252, "4": 0.36457564575645757, "5": 0.3053435114503817, "6": 0.37285223367697595, "7": 0.0, "8": 0.146836912362159},
  "recall": 0.3271420674405749,
  "scene_recalls": {"1": 0.3271420674405749},
  "targets_count": 9045,
  "tp_count": 2959
}