{
  "gt_count": 10292,
  "mean_obj_recall": 0.03861530703064192,
  "mean_scene_recall": 0.037213369607462105,
  "obj_recalls": {"1": 0.17401960784313725, "2": 0.03192584963954686, "3": 0.06088173547935619, "4": 0.004428044280442804, "5": 0.0016963528413910093, "6": 0.010309278350515464, "7": 0.02566158781074579, "8": 0.0},
  "recall": 0.037213369607462105,
  "scene_recalls": {"1": 0.037213369607462105},
  "targets_count": 10292,
  "tp_count": 383
}