{
  "gt_count": 10292,
  "mean_obj_recall": 0.11579981906599301,
  "mean_scene_recall": 0.11202876020209872,
  "obj_recalls": {"1": 0.40032679738562094, "2": 0.101956745623069, "3": 0.099370188943317, "4": 0.06346863468634686, "5": 0.08566581849024597, "6": 0.03006872852233677, "7": 0.10665597433841219, "8": 0.038885664538595474},
  "recall": 0.11202876020209872,
  "scene_recalls": {"1": 0.11202876020209872},
  "targets_count": 10292,
  "tp_count": 1153
}