{
  "gt_count": 10292,
  "mean_obj_recall": 0.08027779114633461,
  "mean_scene_recall": 0.0776331130975515,
  "obj_recalls": {"1": 0.32189542483660133, "2": 0.07106076210092688, "3": 0.08537438768369489, "4": 0.053136531365313655, "5": 0.010178117048346057, "6": 0.01804123711340206, "7": 0.06976744186046512, "8": 0.012768427161926872},
  "recall": 0.0776331130975515,
  "scene_recalls": {"1": 0.0776331130975515},
  "targets_count": 10292,
  "tp_count": 799
}