{
  "gt_count": 10292,
  "mean_obj_recall": 0.02202992732399533,
  "mean_scene_recall": 0.02108433734939759,
  "obj_recalls": {"1": 0.1388888888888889, "2": 0.006179196704428424, "3": 0.01469559132260322, "4": 0.002214022140221402, "5": 0.0, "6": 0.009450171821305841, "7": 0.0048115477145148355, "8": 0.0},
  "recall": 0.02108433734939759,
  "scene_recalls": {"1": 0.02108433734939759},
  "targets_count": 10292,
  "tp_count": 217
}