{
  "gt_count": 10292,
  "mean_obj_recall": 0.11002377762187332,
  "mean_scene_recall": 0.10629615235134085,
  "obj_recalls": {"1": 0.39624183006535946, "2": 0.09783728115345006, "3": 0.09377186843946816, "4": 0.06273062730627306, "5": 0.07039864291772689, "6": 0.027491408934707903, "7": 0.09863672814755413, "8": 0.0330818340104469},
  "recall": 0.10629615235134085,
  "scene_recalls": {"1": 0.10629615235134085},
  "targets_count": 10292,
  "tp_count": 1094
}