{
  "gt_count": 10292,
  "mean_obj_recall": 0.053937072303711364,
  "mean_scene_recall": 0.051690633501748934,
  "obj_recalls": {"1": 0.2238562091503268, "2": 0.055612770339855816, "3": 0.0748775367389783, "4": 0.012546125461254613, "5": 0.0016963528413910093, "6": 0.012027491408934709, "7": 0.04971932638331997, "8": 0.0011607661056297156},
  "recall": 0.051690633501748934,
  "scene_recalls": {"1": 0.051690633501748934},
  "targets_count": 10292,
  "tp_count": 532
}