{
  "gt_count": 10292,
  "mean_obj_recall": 0.08893424336260816,
  "mean_scene_recall": 0.08598911776136806,
  "obj_recalls": {"1": 0.35866013071895425, "2": 0.07826982492276004, "3": 0.08747375787263821, "4": 0.05904059040590406, "5": 0.016115351993214587, "6": 0.018900343642611683, "7": 0.07618283881315156, "8": 0.016831108531630876},
  "recall": 0.08598911776136806,
  "scene_recalls": {"1": 0.08598911776136806},
  "targets_count": 10292,
  "tp_count": 885
}