{
  "gt_count": 10292,
  "mean_obj_recall": 0.06860755915917571,
  "mean_scene_recall": 0.06597357170617955,
  "obj_recalls": {"1": 0.27450980392156865, "2": 0.06797116374871266, "3": 0.08117564730580826, "4": 0.03394833948339483, "5": 0.005089058524173028, "6": 0.014604810996563574, "7": 0.06575781876503609, "8": 0.005803830528148578},
  "recall": 0.06597357170617955,
  "scene_recalls": {"1": 0.06597357170617955},
  "targets_count": 10292,
  "tp_count": 679
}