{
  "gt_count": 10292,
  "mean_obj_recall": 0.0988904023220442,
  "mean_scene_recall": 0.09570540225417801,
  "obj_recalls": {"1": 0.38562091503267976, "2": 0.08959835221421215, "3": 0.09167249825052484, "4": 0.06199261992619926, "5": 0.02883799830364716, "6": 0.02147766323024055, "7": 0.08580593424218123, "8": 0.0261172373766686},
  "recall": 0.09570540225417801,
  "scene_recalls": {"1": 0.09570540225417801},
  "targets_count": 10292,
  "tp_count": 985
}