{
  "gt_count": 10292,
  "mean_obj_recall": 0.013786764705882353,
  "mean_scene_recall": 0.013116984065293432,
  "obj_recalls": {"1": 0.11029411764705882, "2": 0.0, "3": 0.0, "4": 0.0, "5": 0.0, "6": 0.0, "7": 0.0, "8": 0.0},
  "recall": 0.013116984065293432,
  "scene_recalls": {"1": 0.013116984065293432},
  "targets_count": 10292,
  "tp_count": 135
}