{
  "gt_count": 10292,
  "mean_obj_recall": 0.012867647058823529,
  "mean_scene_recall": 0.012242518460940537,
  "obj_recalls": {"1": 0.10294117647058823, "2": 0.0, "3": 0.0, "4": 0.0, "5": 0.0, "6": 0.0, "7": 0.0, "8": 0.0},
  "recall": 0.012242518460940537,
  "scene_recalls": {"1": 0.012242518460940537},
  "targets_count": 10292,
  "tp_count": 126
}