{
  "gt_count": 10292,
  "mean_obj_recall": 0.01460375816993464,
  "mean_scene_recall": 0.013894286824718228,
  "obj_recalls": {"1": 0.11683006535947713, "2": 0.0, "3": 0.0, "4": 0.0, "5": 0.0, "6": 0.0, "7": 0.0, "8": 0.0},
  "recall": 0.013894286824718228,
  "scene_recalls": {"1": 0.013894286824718228},
  "targets_count": 10292,
  "tp_count": 143
}