{
  "gt_count": 10292,
  "mean_obj_recall": 0.005923202614379085,
  "mean_scene_recall": 0.005635445005829771,
  "obj_recalls": {"1": 0.04738562091503268, "2": 0.0, "3": 0.0, "4": 0.0, "5": 0.0, "6": 0.0, "7": 0.0, "8": 0.0},
  "recall": 0.005635445005829771,
  "scene_recalls": {"1": 0.005635445005829771},
  "targets_count": 10292,
  "tp_count": 58
}