{
  "gt_count": 10292,
  "mean_obj_recall": 0.056781045751633986,
  "mean_scene_recall": 0.05402254178002332,
  "obj_recalls": {"1": 0.4542483660130719, "2": 0.0, "3": 0.0, "4": 0.0, "5": 0.0, "6": 0.0, "7": 0.0, "8": 0.0},
  "recall": 0.05402254178002332,
  "scene_recalls": {"1": 0.05402254178002332},
  "targets_count": 10292,
  "tp_count": 556
}