{
  "gt_count": 10292,
  "mean_obj_recall": 0.04891748366013072,
  "mean_scene_recall": 0.04654100272055966,
  "obj_recalls": {"1": 0.39133986928104575, "2": 0.0, "3": 0.0, "4": 0.0, "5": 0.0, "6": 0.0, "7": 0.0, "8": 0.0},
  "recall": 0.04654100272055966,
  "scene_recalls": {"1": 0.04654100272055966},
  "targets_count": 10292,
  "tp_count": 479
}