{
  "gt_count": 10292,
  "mean_obj_recall": 0.03758169934640523,
  "mean_scene_recall": 0.03575592693354061,
  "obj_recalls": {"1": 0.3006535947712418, "2": 0.0, "3": 0.0, "4": 0.0, "5": 0.0, "6": 0.0, "7": 0.0, "8": 0.0},
  "recall": 0.03575592693354061,
  "scene_recalls": {"1": 0.03575592693354061},
  "targets_count": 10292,
  "tp_count": 368
}