{
  "gt_count": 10292,
  "mean_obj_recall": 0.0005807524791726809,
  "mean_scene_recall": 0.000582977069568597,
  "obj_recalls": {"1": 0.0008169934640522876, "2": 0.0010298661174047373, "3": 0.0027991602519244225, "4": 0.0, "5": 0.0, "6": 0.0, "7": 0.0, "8": 0.0},
  "recall": 0.000582977069568597,
  "scene_recalls": {"1": 0.000582977069568597},
  "targets_count": 10292,
  "tp_count": 6
}