{
  "gt_count": 10292,
  "mean_obj_recall": 0.044730392156862746,
  "mean_scene_recall": 0.04255732607850758,
  "obj_recalls": {"1": 0.35784313725490197, "2": 0.0, "3": 0.0, "4": 0.0, "5": 0.0, "6": 0.0, "7": 0.0, "8": 0.0},
  "recall": 0.04255732607850758,
  "scene_recalls": {"1": 0.04255732607850758},
  "targets_count": 10292,
  "tp_count": 438
}