{
  "gt_count": 10292,
  "mean_obj_recall": 0.05933415032679738,
  "mean_scene_recall": 0.056451612903225805,
  "obj_recalls": {"1": 0.47467320261437906, "2": 0.0, "3": 0.0, "4": 0.0, "5": 0.0, "6": 0.0, "7": 0.0, "8": 0.0},
  "recall": 0.056451612903225805,
  "scene_recalls": {"1": 0.056451612903225805},
  "targets_count": 10292,
  "tp_count": 581
}