{
  "gt_count": 10292,
  "mean_obj_recall": 0.0017443983038430155,
  "mean_scene_recall": 0.001748931208705791,
  "obj_recalls": {"1": 0.006535947712418301, "2": 0.0020597322348094747, "3": 0.004198740377886634, "4": 0.0, "5": 0.0, "6": 0.0, "7": 0.0, "8": 0.0011607661056297156},
  "recall": 0.001748931208705791,
  "scene_recalls": {"1": 0.001748931208705791},
  "targets_count": 10292,
  "tp_count": 18
}