{
  "gt_count": 10279,
  "mean_obj_recall": 0.07216173044368868,
  "mean_scene_recall": 0.07960199004975124,
  "obj_recalls": {"1": 0.2107843137254902, "2": 0.06282183316168898, "3": 0.10286913925822254, "4": 0.09225092250922509, "5": 0.02374893977947413, "6": 0.08075601374570447, "7": 0.0, "8": 0.004062681369704005},
  "recall": 0.07960199004975124,
  "scene_recalls": {"1": 0.07960199004975124},
  "targets_count": 9045,
  "tp_count": 720
}