{
  "gt_count": 10279,
  "mean_obj_recall": 0.41205219798355214,
  "mean_scene_recall": 0.4552791597567717,
  "obj_recalls": {"1": 0.7050653594771242, "2": 0.5066941297631308, "3": 0.28621413575927224, "4": 0.43468634686346863, "5": 0.635284139100933, "6": 0.42783505154639173, "7": 0.0, "8": 0.3006384213580963},
  "recall": 0.4552791597567717,
  "scene_recalls": {"1": 0.4552791597567717},
  "targets_count": 9045,
  "tp_count": 4118
}