{
  "gt_count": 10279,
  "mean_obj_recall": 0.3134777991083947,
  "mean_scene_recall": 0.34483139856274186,
  "obj_recalls": {"1": 0.6519607843137255, "2": 0.3635427394438723, "3": 0.25262421273617913, "4": 0.3940959409594096, "5": 0.31297709923664124, "6": 0.38230240549828176, "7": 0.0, "8": 0.15031921067904816},
  "recall": 0.34483139856274186,
  "scene_recalls": {"1": 0.34483139856274186},
  "targets_count": 9045,
  "tp_count": 3119
}