{
  "gt_count": 10279,
  "mean_obj_recall": 0.4401585160481975,
  "mean_scene_recall": 0.4871199557766722,
  "obj_recalls": {"1": 0.7132352941176471, "2": 0.5550978372811535, "3": 0.31280615815255425, "4": 0.44354243542435423, "5": 0.7073791348600509, "6": 0.44329896907216493, "7": 0.0, "8": 0.3459082994776553},
  "recall": 0.4871199557766722,
  "scene_recalls": {"1": 0.4871199557766722},
  "targets_count": 9045,
  "tp_count": 4406
}