{
  "gt_count": 10279,
  "mean_obj_recall": 0.019798394676276764,
  "mean_scene_recall": 0.022222222222222223,
  "obj_recalls": {"1": 0.08415032679738563, "2": 0.007209062821833162, "3": 0.03498950314905528, "4": 0.017712177121771217, "5": 0.0, "6": 0.013745704467353952, "7": 0.0, "8": 0.0005803830528148578},
  "recall": 0.022222222222222223,
  "scene_recalls": {"1": 0.022222222222222223},
  "targets_count": 9045,
  "tp_count": 201
}