{
  "gt_count": 10279,
  "mean_obj_recall": 0.21141180538252746,
  "mean_scene_recall": 0.23117744610281923,
  "obj_recalls": {"1": 0.5098039215686274, "2": 0.22760041194644695, "3": 0.2218334499650105, "4": 0.3040590405904059, "5": 0.15097540288379982, "6": 0.24742268041237114, "7": 0.0, "8": 0.02959953569355775},
  "recall": 0.23117744610281923,
  "scene_recalls": {"1": 0.23117744610281923},
  "targets_count": 9045,
  "tp_count": 2091
}