{
  "gt_count": 10279,
  "mean_obj_recall": 0.3636576414611955,
  "mean_scene_recall": 0.40165837479270317,
  "obj_recalls": {"1": 0.6813725490196079, "2": 0.42636457260556127, "3": 0.2722183344996501, "4": 0.4191881918819188, "5": 0.4681933842239186, "6": 0.4115120274914089, "7": 0.0, "8": 0.23041207196749855},
  "recall": 0.40165837479270317,
  "scene_recalls": {"1": 0.40165837479270317},
  "targets_count": 9045,
  "tp_count": 3633
}