{
  "gt_count": 10279,
  "mean_obj_recall": 0.26235975791346655,
  "mean_scene_recall": 0.2881149806522941,
  "obj_recalls": {"1": 0.5939542483660131, "2": 0.2883625128733265, "3": 0.23862841147655703, "4": 0.36014760147601477, "5": 0.21374045801526717, "6": 0.31872852233676974, "7": 0.0, "8": 0.0853163087637841},
  "recall": 0.2881149806522941,
  "scene_recalls": {"1": 0.2881149806522941},
  "targets_count": 9045,
  "tp_count": 2606
}