{
  "gt_count": 10292,
  "mean_obj_recall": 0.00043736878936319107,
  "mean_scene_recall": 0.0004858142246404975,
  "obj_recalls": {"1": 0.0, "2": 0.0, "3": 0.0034989503149055285, "4": 0.0, "5": 0.0, "6": 0.0, "7": 0.0, "8": 0.0},
  "recall": 0.0004858142246404975,
  "scene_recalls": {"1": 0.0004858142246404975},
  "targets_count": 10292,
  "tp_count": 5
}