{
  "gt_count": 10292,
  "mean_obj_recall": 0.006703428698875986,
  "mean_scene_recall": 0.006801399144966964,
  "obj_recalls": {"1": 0.025326797385620915, "2": 0.008238928939237899, "3": 0.010496850944716585, "4": 0.0, "5": 0.0, "6": 0.000859106529209622, "7": 0.0, "8": 0.008705745792222866},
  "recall": 0.006801399144966964,
  "scene_recalls": {"1": 0.006801399144966964},
  "targets_count": 10292,
  "tp_count": 70
}