{
  "gt_count": 10292,
  "mean_obj_recall": 0.003051978720596606,
  "mean_scene_recall": 0.0030120481927710845,
  "obj_recalls": {"1": 0.011437908496732025, "2": 0.004119464469618949, "3": 0.007697690692792162, "4": 0.0, "5": 0.0, "6": 0.0, "7": 0.0, "8": 0.0011607661056297156},
  "recall": 0.0030120481927710845,
  "scene_recalls": {"1": 0.0030120481927710845},
  "targets_count": 10292,
  "tp_count": 31
}