{
  "gt_count": 10292,
  "mean_obj_recall": 0.04743236184892782,
  "mean_scene_recall": 0.04508356004663817,
  "obj_recalls": {"1": 0.12990196078431374, "2": 0.0690010298661174, "3": 0.06927921623512946, "4": 0.03837638376383764, "5": 0.005937234944868533, "6": 0.04553264604810996, "7": 0.020850040096230954, "8": 0.0005803830528148578},
  "recall": 0.04508356004663817,
  "scene_recalls": {"1": 0.04508356004663817},
  "targets_count": 10292,
  "tp_count": 464
}