{
  "gt_count": 10292,
  "mean_obj_recall": 0.07123130227656102,
  "mean_scene_recall": 0.06801399144966964,
  "obj_recalls": {"1": 0.19526143790849673, "2": 0.09165808444902163, "3": 0.08537438768369489, "4": 0.05608856088560885, "5": 0.018659881255301103, "6": 0.06701030927835051, "7": 0.046511627906976744, "8": 0.009286128845037725},
  "recall": 0.06801399144966964,
  "scene_recalls": {"1": 0.06801399144966964},
  "targets_count": 10292,
  "tp_count": 700
}