{
  "gt_count": 10292,
  "mean_obj_recall": 0.08349507356296565,
  "mean_scene_recall": 0.07957636999611349,
  "obj_recalls": {"1": 0.20179738562091504, "2": 0.11328527291452112, "3": 0.09307207837648705, "4": 0.05830258302583026, "5": 0.04834605597964377, "6": 0.07560137457044673, "7": 0.060144346431435444, "8": 0.017411491584445733},
  "recall": 0.07957636999611349,
  "scene_recalls": {"1": 0.07957636999611349},
  "targets_count": 10292,
  "tp_count": 819
}