{
  "gt_count": 10292,
  "mean_obj_recall": 0.036266984240179316,
  "mean_scene_recall": 0.034201321414691024,
  "obj_recalls": {"1": 0.1111111111111111, "2": 0.0607621009268795, "3": 0.05598320503848846, "4": 0.01845018450184502, "5": 0.0033927056827820186, "6": 0.029209621993127148, "7": 0.011226944667201283, "8": 0.0},
  "recall": 0.034201321414691024,
  "scene_recalls": {"1": 0.034201321414691024},
  "targets_count": 10292,
  "tp_count": 352
}