{
  "gt_count": 10292,
  "mean_obj_recall": 0.06410512488250078,
  "mean_scene_recall": 0.06130975514963078,
  "obj_recalls": {"1": 0.17892156862745098, "2": 0.07723995880535531, "3": 0.08257522743177047, "4": 0.053136531365313655, "5": 0.013570822731128074, "6": 0.061855670103092786, "7": 0.0408981555733761, "8": 0.0046430644225188625},
  "recall": 0.06130975514963078,
  "scene_recalls": {"1": 0.06130975514963078},
  "targets_count": 10292,
  "tp_count": 631
}