{
  "gt_count": 10292,
  "mean_obj_recall": 0.020629584503135477,
  "mean_scene_recall": 0.019626894675476098,
  "obj_recalls": {"1": 0.08169934640522876, "2": 0.028836251287332648, "3": 0.03079076277116865, "4": 0.011808118081180811, "5": 0.0008481764206955047, "6": 0.009450171821305841, "7": 0.0016038492381716118, "8": 0.0},
  "recall": 0.019626894675476098,
  "scene_recalls": {"1": 0.019626894675476098},
  "targets_count": 10292,
  "tp_count": 202
}