{
  "gt_count": 10292,
  "mean_obj_recall": 0.0790228316045255,
  "mean_scene_recall": 0.075204041974349,
  "obj_recalls": {"1": 0.20016339869281047, "2": 0.10607621009268794, "3": 0.08957312806158152, "4": 0.057564575645756455, "5": 0.03986429177268872, "6": 0.07302405498281787, "7": 0.053728949478749, "8": 0.012188044109112013},
  "recall": 0.075204041974349,
  "scene_recalls": {"1": 0.075204041974349},
  "targets_count": 10292,
  "tp_count": 774
}