{
  "gt_count": 10292,
  "mean_obj_recall": 0.05653140197020377,
  "mean_scene_recall": 0.05392537893509522,
  "obj_recalls": {"1": 0.1527777777777778, "2": 0.07415036045314109, "3": 0.07557732680195942, "4": 0.04649446494464945, "5": 0.009329940627650551, "6": 0.05756013745704467, "7": 0.03287890938251804, "8": 0.003482298316889147},
  "recall": 0.05392537893509522,
  "scene_recalls": {"1": 0.05392537893509522},
  "targets_count": 10292,
  "tp_count": 555
}