{
  "gt_count": 10292,
  "mean_obj_recall": 0.40073912915914267,
  "mean_scene_recall": 0.39623008161678974,
  "obj_recalls": {"1": 0.880718954248366, "2": 0.223480947476828, "3": 0.34919524142757175, "4": 0.022878228782287822, "5": 0.5267175572519084, "6": 0.5670103092783505, "7": 0.2598235765838011, "8": 0.3760882182240279},
  "recall": 0.39623008161678974,
  "scene_recalls": {"1": 0.39623008161678974},
  "targets_count": 10292,
  "tp_count": 4078
}