{
  "gt_count": 10279,
  "mean_obj_recall": 0.36826118208616754,
  "mean_scene_recall": 0.4150359314538419,
  "obj_recalls": {"1": 0.880718954248366, "2": 0.223480947476828, "3": 0.34919524142757175, "4": 0.022878228782287822, "5": 0.5267175572519084, "6": 0.5670103092783505, "7": 0.0, "8": 0.3760882182240279},
  "recall": 0.4150359314538419,
  "scene_recalls": {"1": 0.4150359314538419},
  "targets_count": 9045,
  "tp_count": 3754
}