{
  "gt_count": 10279,
  "mean_obj_recall": 0.40468578315886544,
  "mean_scene_recall": 0.45362078496406855,
  "obj_recalls": {"1": 0.8978758169934641, "2": 0.33470648815653964, "3": 0.370888733379986, "4": 0.06346863468634686, "5": 0.5835453774385072, "6": 0.5824742268041238, "7": 0.0, "8": 0.4045269878119559},
  "recall": 0.45362078496406855,
  "scene_recalls": {"1": 0.45362078496406855},
  "targets_count": 9045,
  "tp_count": 4103
}