{
  "gt_count": 10279,
  "mean_obj_recall": 0.32586995286674597,
  "mean_scene_recall": 0.3693753454947485,
  "obj_recalls": {"1": 0.8455882352941176, "2": 0.13697219361483007, "3": 0.30510846745976206, "4": 0.008856088560885609, "5": 0.4410517387616624, "6": 0.5240549828178694, "7": 0.0, "8": 0.3453279164248404},
  "recall": 0.3693753454947485,
  "scene_recalls": {"1": 0.3693753454947485},
  "targets_count": 9045,
  "tp_count": 3341
}