{
  "gt_count": 10279,
  "mean_obj_recall": 0.2724228345830803,
  "mean_scene_recall": 0.3106688778330569,
  "obj_recalls": {"1": 0.7875816993464052, "2": 0.06488156539649846, "3": 0.23093072078376486, "4": 0.0007380073800738007, "5": 0.3452078032230704, "6": 0.4424398625429553, "7": 0.0, "8": 0.3076030179918746},
  "recall": 0.3106688778330569,
  "scene_recalls": {"1": 0.3106688778330569},
  "targets_count": 9045,
  "tp_count": 2810
}