{
  "gt_count": 10279,
  "mean_obj_recall": 0.07517077918995821,
  "mean_scene_recall": 0.08678828081813156,
  "obj_recalls": {"1": 0.3382352941176471, "2": 0.0, "3": 0.018894331700489854, "4": 0.0, "5": 0.04410517387616624, "6": 0.09450171821305842, "7": 0.0, "8": 0.10562971561230412},
  "recall": 0.08678828081813156,
  "scene_recalls": {"1": 0.08678828081813156},
  "targets_count": 9045,
  "tp_count": 785
}