{
  "gt_count": 10279,
  "mean_obj_recall": 0.1924820720953182,
  "mean_scene_recall": 0.22155887230514096,
  "obj_recalls": {"1": 0.6633986928104575, "2": 0.01132852729145211, "3": 0.13226032190342898, "4": 0.0, "5": 0.2001696352841391, "6": 0.28951890034364264, "7": 0.0, "8": 0.2431804991294254},
  "recall": 0.22155887230514096,
  "scene_recalls": {"1": 0.22155887230514096},
  "targets_count": 9045,
  "tp_count": 2004
}