{
  "gt_count": 10279,
  "mean_obj_recall": 0.45968598062404625,
  "mean_scene_recall": 0.512106135986733,
  "obj_recalls": {"1": 0.9044117647058824, "2": 0.5190525231719877, "3": 0.3911826452064381, "4": 0.16014760147601476, "5": 0.6454622561492791, "6": 0.6039518900343642, "7": 0.0, "8": 0.4532791642484039},
  "recall": 0.512106135986733,
  "scene_recalls": {"1": 0.512106135986733},
  "targets_count": 9045,
  "tp_count": 4632
}