{
  "gt_count": 10292,
  "mean_obj_recall": 0.5460880391489327,
  "mean_scene_recall": 0.5337155071900506,
  "obj_recalls": {"1": 0.9109477124183006, "2": 0.6251287332646756, "3": 0.3932820153953814, "4": 0.21623616236162363, "5": 0.6683630195080577, "6": 0.6125429553264605, "7": 0.43785084202085006, "8": 0.5043528728961114},
  "recall": 0.5337155071900506,
  "scene_recalls": {"1": 0.5337155071900506},
  "targets_count": 10292,
  "tp_count": 5493
}