{
  "gt_count": 10279,
  "mean_obj_recall": 0.5189478662457858,
  "mean_scene_recall": 0.5776672194582643,
  "obj_recalls": {"1": 0.9166666666666666, "2": 0.7003089598352215, "3": 0.39538138558432473, "4": 0.28044280442804426, "5": 0.6921119592875318, "6": 0.622852233676976, "7": 0.0, "8": 0.5438189204875218},
  "recall": 0.5776672194582643,
  "scene_recalls": {"1": 0.5776672194582643},
  "targets_count": 9045,
  "tp_count": 5225
}