{
  "gt_count": 10279,
  "mean_obj_recall": 0.4339778538529297,
  "mean_scene_recall": 0.4847982310668878,
  "obj_recalls": {"1": 0.9003267973856209, "2": 0.4253347064881565, "3": 0.3813855843247026, "4": 0.12619926199261994, "5": 0.6140797285835454, "6": 0.5996563573883161, "7": 0.0, "8": 0.4248403946604759},
  "recall": 0.4847982310668878,
  "scene_recalls": {"1": 0.4847982310668878},
  "targets_count": 9045,
  "tp_count": 4385
}