{
  "gt_count": 10279,
  "mean_obj_recall": 0.49135668389632636,
  "mean_scene_recall": 0.5469320066334992,
  "obj_recalls": {"1": 0.9109477124183006, "2": 0.6251287332646756, "3": 0.3932820153953814, "4": 0.21623616236162363, "5": 0.6683630195080577, "6": 0.6125429553264605, "7": 0.0, "8": 0.5043528728961114},
  "recall": 0.5469320066334992,
  "scene_recalls": {"1": 0.5469320066334992},
  "targets_count": 9045,
  "tp_count": 4947
}