{
  "gt_count": 10292,
  "mean_obj_recall": 0.0013640067244459356,
  "mean_scene_recall": 0.0013602798289933929,
  "obj_recalls": {"1": 0.006535947712418301, "2": 0.0, "3": 0.002099370188943317, "4": 0.0, "5": 0.0016963528413910093, "6": 0.0, "7": 0.0, "8": 0.0005803830528148578},
  "recall": 0.0013602798289933929,
  "scene_recalls": {"1": 0.0013602798289933929},
  "targets_count": 10292,
  "tp_count": 14
}