{
  "gt_count": 10292,
  "mean_obj_recall": 0.3417985899014216,
  "mean_scene_recall": 0.327147298872911,
  "obj_recalls": {"1": 0.6985294117647058, "2": 0.3964984552008239, "3": 0.258222533240028, "4": 0.39114391143911437, "5": 0.16963528413910092, "6": 0.3556701030927835, "7": 0.3921411387329591, "8": 0.07254788160185723},
  "recall": 0.327147298872911,
  "scene_recalls": {"1": 0.327147298872911},
  "targets_count": 10292,
  "tp_count": 3367
}