{
  "gt_count": 10292,
  "mean_obj_recall": 0.1217219221760108,
  "mean_scene_recall": 0.1154294597745822,
  "obj_recalls": {"1": 0.3333333333333333, "2": 0.15550978372811536, "3": 0.1357592722183345, "4": 0.11586715867158671, "5": 0.032230703986429174, "6": 0.14604810996563575, "7": 0.052125100240577385, "8": 0.002901915264074289},
  "recall": 0.1154294597745822,
  "scene_recalls": {"1": 0.1154294597745822},
  "targets_count": 10292,
  "tp_count": 1188
}