{
  "gt_count": 10292,
  "mean_obj_recall": 0.44889947922350193,
  "mean_scene_recall": 0.4311115429459775,
  "obj_recalls": {"1": 0.821078431372549, "2": 0.5314109165808445, "3": 0.3100069979006298, "4": 0.5166051660516605, "5": 0.24512298558100085, "6": 0.48195876288659795, "7": 0.5404971932638332, "8": 0.1445153801508996},
  "recall": 0.4311115429459775,
  "scene_recalls": {"1": 0.4311115429459775},
  "targets_count": 10292,
  "tp_count": 4437
}