{
  "gt_count": 10292,
  "mean_obj_recall": 0.6096963096023899,
  "mean_scene_recall": 0.5905557714729888,
  "obj_recalls": {"1": 0.9256535947712419, "2": 0.6972193614830072, "3": 0.40307907627711687, "4": 0.6280442804428045, "5": 0.5207803223070399, "6": 0.6288659793814433, "7": 0.7465918203688853, "8": 0.3273360417875798},
  "recall": 0.5905557714729888,
  "scene_recalls": {"1": 0.5905557714729888},
  "targets_count": 10292,
  "tp_count": 6078
}