{
  "gt_count": 10292,
  "mean_obj_recall": 0.04198042299923084,
  "mean_scene_recall": 0.04032258064516129,
  "obj_recalls": {"1": 0.1830065359477124, "2": 0.016477857878475798, "3": 0.02729181245626312, "4": 0.04206642066420664, "5": 0.0008481764206955047, "6": 0.05412371134020619, "7": 0.012028869286287089, "8": 0.0},
  "recall": 0.04032258064516129,
  "scene_recalls": {"1": 0.04032258064516129},
  "targets_count": 10292,
  "tp_count": 415
}