{
  "gt_count": 10292,
  "mean_obj_recall": 0.671658318930714,
  "mean_scene_recall": 0.651379712397979,
  "obj_recalls": {"1": 0.9330065359477124, "2": 0.7744593202883625, "3": 0.4541637508747376, "4": 0.6553505535055351, "5": 0.7099236641221374, "6": 0.6572164948453608, "7": 0.7939053728949479, "8": 0.3952408589669182},
  "recall": 0.651379712397979,
  "scene_recalls": {"1": 0.651379712397979},
  "targets_count": 10292,
  "tp_count": 6704
}