{
  "gt_count": 10292,
  "mean_obj_recall": 0.5391595180572963,
  "mean_scene_recall": 0.5207928488146133,
  "obj_recalls": {"1": 0.8905228758169934, "2": 0.6189495365602472, "3": 0.35899230230930723, "4": 0.5904059040590406, "5": 0.3621713316369805, "6": 0.5764604810996563, "7": 0.6720128307939054, "8": 0.2437608821822403},
  "recall": 0.5207928488146133,
  "scene_recalls": {"1": 0.5207928488146133},
  "targets_count": 10292,
  "tp_count": 5360
}