{
  "gt_count": 10292,
  "mean_obj_recall": 0.0893580975108155,
  "mean_scene_recall": 0.08317139525845317,
  "obj_recalls": {"1": 0.24183006535947713, "2": 0.14830072090628219, "3": 0.044086773967809655, "4": 0.05092250922509225, "5": 0.06955046649703138, "6": 0.059278350515463915, "7": 0.08580593424218123, "8": 0.015089959373186303},
  "recall": 0.08317139525845317,
  "scene_recalls": {"1": 0.08317139525845317},
  "targets_count": 10292,
  "tp_count": 856
}