{
  "gt_count": 10292,
  "mean_obj_recall": 0.05327518580546406,
  "mean_scene_recall": 0.049358725223474544,
  "obj_recalls": {"1": 0.20261437908496732, "2": 0.0937178166838311, "3": 0.03079076277116865, "4": 0.03616236162361624, "5": 0.011874469889737066, "6": 0.023195876288659795, "7": 0.0272654370489174, "8": 0.0005803830528148578},
  "recall": 0.049358725223474544,
  "scene_recalls": {"1": 0.049358725223474544},
  "targets_count": 10292,
  "tp_count": 508
}