{
  "gt_count": 10292,
  "mean_obj_recall": 0.013740663364324593,
  "mean_scene_recall": 0.012825495530509134,
  "obj_recalls": {"1": 0.08986928104575163, "2": 0.013388259526261586, "3": 0.0006997900629811056, "4": 0.0051660516605166054, "5": 0.0, "6": 0.0, "7": 0.0008019246190858059, "8": 0.0},
  "recall": 0.012825495530509134,
  "scene_recalls": {"1": 0.012825495530509134},
  "targets_count": 10292,
  "tp_count": 132
}