{
  "gt_count": 10292,
  "mean_obj_recall": 0.02544677700974691,
  "mean_scene_recall": 0.023610571317528178,
  "obj_recalls": {"1": 0.12663398692810457, "2": 0.042224510813594233, "3": 0.01749475157452764, "4": 0.007380073800738007, "5": 0.0008481764206955047, "6": 0.002577319587628866, "7": 0.006415396952686447, "8": 0.0},
  "recall": 0.023610571317528178,
  "scene_recalls": {"1": 0.023610571317528178},
  "targets_count": 10292,
  "tp_count": 243
}