{
  "gt_count": 10292,
  "mean_obj_recall": 0.03539516776975134,
  "mean_scene_recall": 0.03313253012048193,
  "obj_recalls": {"1": 0.16176470588235295, "2": 0.05458290422245108, "3": 0.02939118264520644, "4": 0.01845018450184502, "5": 0.0033927056827820186, "6": 0.005154639175257732, "7": 0.010425020048115477, "8": 0.0},
  "recall": 0.03313253012048193,
  "scene_recalls": {"1": 0.03313253012048193},
  "targets_count": 10292,
  "tp_count": 341
}