{
  "gt_count": 10292,
  "mean_obj_recall": 0.06289788712862296,
  "mean_scene_recall": 0.0583948698017878,
  "obj_recalls": {"1": 0.21323529411764705, "2": 0.10710607621009269, "3": 0.03498950314905528, "4": 0.042804428044280446, "5": 0.016115351993214587, "6": 0.03951890034364261, "7": 0.046511627906976744, "8": 0.002901915264074289},
  "recall": 0.0583948698017878,
  "scene_recalls": {"1": 0.0583948698017878},
  "targets_count": 10292,
  "tp_count": 601
}