{
  "gt_count": 10292,
  "mean_obj_recall": 0.08037253030029717,
  "mean_scene_recall": 0.0745239020598523,
  "obj_recalls": {"1": 0.23529411764705882, "2": 0.13903192584963955, "3": 0.03988803358992302, "4": 0.04944649446494465, "5": 0.03986429177268872, "6": 0.05412371134020619, "7": 0.07778668805132317, "8": 0.0075449796865931515},
  "recall": 0.0745239020598523,
  "scene_recalls": {"1": 0.0745239020598523},
  "targets_count": 10292,
  "tp_count": 767
}