{
  "gt_count": 10292,
  "mean_obj_recall": 0.07191061910672067,
  "mean_scene_recall": 0.06675087446560435,
  "obj_recalls": {"1": 0.22794117647058823, "2": 0.121524201853759, "3": 0.03778866340097971, "4": 0.047232472324723246, "5": 0.02544529262086514, "6": 0.04553264604810996, "7": 0.06575781876503609, "8": 0.004062681369704005},
  "recall": 0.06675087446560435,
  "scene_recalls": {"1": 0.06675087446560435},
  "targets_count": 10292,
  "tp_count": 687
}