{
  "gt_count": 10292,
  "mean_obj_recall": 0.043922190519571185,
  "mean_scene_recall": 0.041099883404586084,
  "obj_recalls": {"1": 0.18872549019607843, "2": 0.06591143151390319, "3": 0.030090972708187544, "4": 0.03099630996309963, "5": 0.006785411365564037, "6": 0.012027491408934709, "7": 0.016840417000801924, "8": 0.0},
  "recall": 0.041099883404586084,
  "scene_recalls": {"1": 0.041099883404586084},
  "targets_count": 10292,
  "tp_count": 423
}