{
  "gt_count": 10292,
  "mean_obj_recall": 0.09903491296189301,
  "mean_scene_recall": 0.09201321414691022,
  "obj_recalls": {"1": 0.24918300653594772, "2": 0.22142121524201855, "3": 0.08257522743177047, "4": 0.06051660516605166, "5": 0.10008481764206956, "6": 0.029209621993127148, "7": 0.020850040096230954, "8": 0.028438769587928032},
  "recall": 0.09201321414691022,
  "scene_recalls": {"1": 0.09201321414691022},
  "targets_count": 10292,
  "tp_count": 947
}