{
  "gt_count": 10292,
  "mean_obj_recall": 0.08741369828029782,
  "mean_scene_recall": 0.08064516129032258,
  "obj_recalls": {"1": 0.2107843137254902, "2": 0.21730175077239958, "3": 0.08047585724282715, "4": 0.05239852398523985, "5": 0.08057675996607294, "6": 0.020618556701030927, "7": 0.016840417000801924, "8": 0.020313406848520024},
  "recall": 0.08064516129032258,
  "scene_recalls": {"1": 0.08064516129032258},
  "targets_count": 10292,
  "tp_count": 830
}