{
  "gt_count": 10292,
  "mean_obj_recall": 0.1111287037494427,
  "mean_scene_recall": 0.10386708122813836,
  "obj_recalls": {"1": 0.2834967320261438, "2": 0.24098867147270855, "3": 0.08957312806158152, "4": 0.06420664206642067, "5": 0.10602205258693809, "6": 0.03350515463917526, "7": 0.028869286287089013, "8": 0.04236796285548462},
  "recall": 0.10386708122813836,
  "scene_recalls": {"1": 0.10386708122813836},
  "targets_count": 10292,
  "tp_count": 1069
}