{
  "gt_count": 10292,
  "mean_obj_recall": 0.12796936386701804,
  "mean_scene_recall": 0.12135639331519626,
  "obj_recalls": {"1": 0.28594771241830064, "2": 0.2584963954685891, "3": 0.1112666200139958, "4": 0.08413284132841328, "5": 0.11620016963528414, "6": 0.054982817869415807, "7": 0.042502004811547714, "8": 0.0702263493905978},
  "recall": 0.12135639331519626,
  "scene_recalls": {"1": 0.12135639331519626},
  "targets_count": 10292,
  "tp_count": 1249
}