{
  "gt_count": 10292,
  "mean_obj_recall": 0.1196788206417716,
  "mean_scene_recall": 0.11251457442673922,
  "obj_recalls": {"1": 0.28594771241830064, "2": 0.2564366632337796, "3": 0.0979706088173548, "4": 0.07306273062730627, "5": 0.1085665818490246, "6": 0.041237113402061855, "7": 0.038492381716118684, "8": 0.05571677307022635},
  "recall": 0.11251457442673922,
  "scene_recalls": {"1": 0.11251457442673922},
  "targets_count": 10292,
  "tp_count": 1158
}