{
  "gt_count": 10292,
  "mean_obj_recall": 0.04937526893198864,
  "mean_scene_recall": 0.04401476875242907,
  "obj_recalls": {"1": 0.09722222222222222, "2": 0.18022657054582905, "3": 0.05738278516445067, "4": 0.024354243542435424, "5": 0.018659881255301103, "6": 0.006013745704467354, "7": 0.008821170809943865, "8": 0.0023215322112594312},
  "recall": 0.04401476875242907,
  "scene_recalls": {"1": 0.04401476875242907},
  "targets_count": 10292,
  "tp_count": 453
}