{
  "gt_count": 10292,
  "mean_obj_recall": 0.12466662521174166,
  "mean_scene_recall": 0.11776136805285659,
  "obj_recalls": {"1": 0.28594771241830064, "2": 0.2584963954685891, "3": 0.10496850944716585, "4": 0.08265682656826569, "5": 0.1111111111111111, "6": 0.04896907216494845, "7": 0.042502004811547714, "8": 0.06268136970400465},
  "recall": 0.11776136805285659,
  "scene_recalls": {"1": 0.11776136805285659},
  "targets_count": 10292,
  "tp_count": 1212
}