{
  "gt_count": 10292,
  "mean_obj_recall": 0.11541706059949239,
  "mean_scene_recall": 0.10823940924990284,
  "obj_recalls": {"1": 0.28594771241830064, "2": 0.2481977342945417, "3": 0.09377186843946816, "4": 0.06642066420664207, "5": 0.1077184054283291, "6": 0.03608247422680412, "7": 0.03528468323977546, "8": 0.04991294254207777},
  "recall": 0.10823940924990284,
  "scene_recalls": {"1": 0.10823940924990284},
  "targets_count": 10292,
  "tp_count": 1114
}