{
  "gt_count": 10292,
  "mean_obj_recall": 0.10535138094916013,
  "mean_scene_recall": 0.09823163622230859,
  "obj_recalls": {"1": 0.27532679738562094, "2": 0.2255406797116375, "3": 0.08817354793561931, "4": 0.06199261992619926, "5": 0.10262934690415607, "6": 0.03178694158075601, "7": 0.024859663191659984, "8": 0.03250145095763204},
  "recall": 0.09823163622230859,
  "scene_recalls": {"1": 0.09823163622230859},
  "targets_count": 10292,
  "tp_count": 1011
}