{
  "gt_count": 10292,
  "mean_obj_recall": 0.13338677291196788,
  "mean_scene_recall": 0.12757481539059465,
  "obj_recalls": {"1": 0.2867647058823529, "2": 0.26055612770339853, "3": 0.12106368089573127, "4": 0.08560885608856089, "5": 0.11959287531806616, "6": 0.058419243986254296, "7": 0.04570970328789094, "8": 0.0893789901334881},
  "recall": 0.12757481539059465,
  "scene_recalls": {"1": 0.12757481539059465},
  "targets_count": 10292,
  "tp_count": 1313
}