{
  "gt_count": 10292,
  "mean_obj_recall": 0.049993428196290254,
  "mean_scene_recall": 0.04790128254955305,
  "obj_recalls": {"1": 0.2312091503267974, "2": 0.018537590113285273, "3": 0.01819454163750875, "4": 0.0051660516605166054, "5": 0.037319762510602206, "6": 0.03264604810996564, "7": 0.044105854049719326, "8": 0.012768427161926872},
  "recall": 0.04790128254955305,
  "scene_recalls": {"1": 0.04790128254955305},
  "targets_count": 10292,
  "tp_count": 493
}