{
  "gt_count": 10292,
  "mean_obj_recall": 0.05383175546850618,
  "mean_scene_recall": 0.05149630781189273,
  "obj_recalls": {"1": 0.23937908496732027, "2": 0.028836251287332648, "3": 0.02099370188943317, "4": 0.0051660516605166054, "5": 0.037319762510602206, "6": 0.037800687285223365, "7": 0.04490777866880513, "8": 0.01625072547881602},
  "recall": 0.05149630781189273,
  "scene_recalls": {"1": 0.05149630781189273},
  "targets_count": 10292,
  "tp_count": 530
}