{
  "gt_count": 10292,
  "mean_obj_recall": 0.042115496753333856,
  "mean_scene_recall": 0.04003109211037699,
  "obj_recalls": {"1": 0.21241830065359477, "2": 0.018537590113285273, "3": 0.013995801259622114, "4": 0.004428044280442804, "5": 0.030534351145038167, "6": 0.022336769759450172, "7": 0.028869286287089013, "8": 0.005803830528148578},
  "recall": 0.04003109211037699,
  "scene_recalls": {"1": 0.04003109211037699},
  "targets_count": 10292,
  "tp_count": 412
}