{
  "gt_count": 10292,
  "mean_obj_recall": 0.07313029621592078,
  "mean_scene_recall": 0.07122036533229693,
  "obj_recalls": {"1": 0.2581699346405229, "2": 0.04840370751802266, "3": 0.07207837648705388, "4": 0.02214022140221402, "5": 0.04580152671755725, "6": 0.054982817869415807, "7": 0.052125100240577385, "8": 0.03134068485200232},
  "recall": 0.07122036533229693,
  "scene_recalls": {"1": 0.07122036533229693},
  "targets_count": 10292,
  "tp_count": 733
}