{
  "gt_count": 10292,
  "mean_obj_recall": 0.06214336366416966,
  "mean_scene_recall": 0.060046638165565484,
  "obj_recalls": {"1": 0.2549019607843137, "2": 0.032955715756951595, "3": 0.04058782365290413, "4": 0.014760147601476014, "5": 0.041560644614079725, "6": 0.04381443298969072, "7": 0.046511627906976744, "8": 0.022054556006964595},
  "recall": 0.060046638165565484,
  "scene_recalls": {"1": 0.060046638165565484},
  "targets_count": 10292,
  "tp_count": 618
}