{
  "gt_count": 10292,
  "mean_obj_recall": 0.04597624825746952,
  "mean_scene_recall": 0.04391760590750097,
  "obj_recalls": {"1": 0.22549019607843138, "2": 0.018537590113285273, "3": 0.01819454163750875, "4": 0.004428044280442804, "5": 0.03477523324851569, "6": 0.023195876288659795, "7": 0.034482758620689655, "8": 0.008705745792222866},
  "recall": 0.04391760590750097,
  "scene_recalls": {"1": 0.04391760590750097},
  "targets_count": 10292,
  "tp_count": 452
}