{
  "gt_count": 10292,
  "mean_obj_recall": 0.06770260041390949,
  "mean_scene_recall": 0.06548775748153907,
  "obj_recalls": {"1": 0.2565359477124183, "2": 0.04325437693099897, "3": 0.055283414975507345, "4": 0.01845018450184502, "5": 0.043256997455470736, "6": 0.05154639175257732, "7": 0.04891740176423416, "8": 0.024376088218224026},
  "recall": 0.06548775748153907,
  "scene_recalls": {"1": 0.06548775748153907},
  "targets_count": 10292,
  "tp_count": 674
}