{
  "gt_count": 10292,
  "mean_obj_recall": 0.03692750619249492,
  "mean_scene_recall": 0.035075787019043916,
  "obj_recalls": {"1": 0.19281045751633988, "2": 0.016477857878475798, "3": 0.012596221133659902, "4": 0.002952029520295203, "5": 0.02544529262086514, "6": 0.01804123711340206, "7": 0.022453889334402566, "8": 0.0046430644225188625},
  "recall": 0.035075787019043916,
  "scene_recalls": {"1": 0.035075787019043916},
  "targets_count": 10292,
  "tp_count": 361
}