{
  "gt_count": 10292,
  "mean_obj_recall": 0.013915822187639256,
  "mean_scene_recall": 0.013019821220365333,
  "obj_recalls": {"1": 0.07679738562091504, "2": 0.012358393408856848, "3": 0.00489853044086774, "4": 0.0, "5": 0.002544529262086514, "6": 0.007731958762886598, "7": 0.006415396952686447, "8": 0.0005803830528148578},
  "recall": 0.013019821220365333,
  "scene_recalls": {"1": 0.013019821220365333},
  "targets_count": 10292,
  "tp_count": 134
}