{
  "gt_count": 10292,
  "mean_obj_recall": 0.0572530430721698,
  "mean_scene_recall": 0.054994170229304314,
  "obj_recalls": {"1": 0.24836601307189543, "2": 0.029866117404737384, "3": 0.030090972708187544, "4": 0.0051660516605166054, "5": 0.039016115351993216, "6": 0.041237113402061855, "7": 0.04570970328789094, "8": 0.01857225769007545},
  "recall": 0.054994170229304314,
  "scene_recalls": {"1": 0.054994170229304314},
  "targets_count": 10292,
  "tp_count": 566
}