{
  "gt_count": 10279,
  "mean_obj_recall": 0.27445961822367815,
  "mean_scene_recall": 0.30580431177446105,
  "obj_recalls": {"1": 0.6037581699346405, "2": 0.286302780638517, "3": 0.15185444366689993, "4": 0.2730627306273063, "5": 0.32145886344359625, "6": 0.3230240549828179, "7": 0.0, "8": 0.23621590249564714},
  "recall": 0.30580431177446105,
  "scene_recalls": {"1": 0.30580431177446105},
  "targets_count": 9045,
  "tp_count": 2766
}