{
  "gt_count": 10292,
  "mean_obj_recall": 0.1715212598304729,
  "mean_scene_recall": 0.16537116206762534,
  "obj_recalls": {"1": 0.49836601307189543, "2": 0.1400617919670443, "3": 0.11616515045486354, "4": 0.14833948339483394, "5": 0.090754877014419, "6": 0.17869415807560138, "7": 0.1475541299117883, "8": 0.0522344747533372},
  "recall": 0.16537116206762534,
  "scene_recalls": {"1": 0.16537116206762534},
  "targets_count": 10292,
  "tp_count": 1702
}