{
  "gt_count": 10279,
  "mean_obj_recall": 0.05121749152366546,
  "mean_scene_recall": 0.05516860143725815,
  "obj_recalls": {"1": 0.21977124183006536, "2": 0.0607621009268795, "3": 0.055283414975507345, "4": 0.02730627306273063, "5": 0.005937234944868533, "6": 0.03951890034364261, "7": 0.0, "8": 0.0011607661056297156},
  "recall": 0.05516860143725815,
  "scene_recalls": {"1": 0.05516860143725815},
  "targets_count": 9045,
  "tp_count": 499
}