{
  "gt_count": 10279,
  "mean_obj_recall": 0.24573959611021118,
  "mean_scene_recall": 0.2733001658374793,
  "obj_recalls": {"1": 0.5841503267973857, "2": 0.23892893923789907, "3": 0.1371588523442967, "4": 0.24428044280442804, "5": 0.2680237489397795, "6": 0.3006872852233677, "7": 0.0, "8": 0.1926871735345328},
  "recall": 0.2733001658374793,
  "scene_recalls": {"1": 0.2733001658374793},
  "targets_count": 9045,
  "tp_count": 2472
}