{
  "gt_count": 10279,
  "mean_obj_recall": 0.15307699359149934,
  "mean_scene_recall": 0.16782752902155887,
  "obj_recalls": {"1": 0.49836601307189543, "2": 0.1400617919670443, "3": 0.11616515045486354, "4": 0.14833948339483394, "5": 0.090754877014419, "6": 0.17869415807560138, "7": 0.0, "8": 0.0522344747533372},
  "recall": 0.16782752902155887,
  "scene_recalls": {"1": 0.16782752902155887},
  "targets_count": 9045,
  "tp_count": 1518
}