{
  "gt_count": 10279,
  "mean_obj_recall": 0.12026340977577091,
  "mean_scene_recall": 0.13134328358208955,
  "obj_recalls": {"1": 0.4550653594771242, "2": 0.10813594232749743, "3": 0.10986703988803359, "4": 0.1077490774907749, "5": 0.041560644614079725, "6": 0.11941580756013746, "7": 0.0, "8": 0.020313406848520024},
  "recall": 0.13134328358208955,
  "scene_recalls": {"1": 0.13134328358208955},
  "targets_count": 9045,
  "tp_count": 1188
}