{
  "gt_count": 10279,
  "mean_obj_recall": 0.02188619912692379,
  "mean_scene_recall": 0.02321724709784411,
  "obj_recalls": {"1": 0.10947712418300654, "2": 0.027806385169927908, "3": 0.006997900629811057, "4": 0.016236162361623615, "5": 0.002544529262086514, "6": 0.012027491408934709, "7": 0.0, "8": 0.0},
  "recall": 0.02321724709784411,
  "scene_recalls": {"1": 0.02321724709784411},
  "targets_count": 9045,
  "tp_count": 210
}