{
  "gt_count": 10279,
  "mean_obj_recall": 0.21633309362825426,
  "mean_scene_recall": 0.23957987838584854,
  "obj_recalls": {"1": 0.5629084967320261, "2": 0.1956745623069001, "3": 0.12736179146256124, "4": 0.211070110701107, "5": 0.2179813401187447, "6": 0.27405498281786944, "7": 0.0, "8": 0.1416134648868253},
  "recall": 0.23957987838584854,
  "scene_recalls": {"1": 0.23957987838584854},
  "targets_count": 9045,
  "tp_count": 2167
}