{
  "gt_count": 10292,
  "mean_obj_recall": 0.16954501488311352,
  "mean_scene_recall": 0.16537116206762534,
  "obj_recalls": {"1": 0.5964052287581699, "2": 0.02368692070030896, "3": 0.12386284114765571, "4": 0.023616236162361623, "5": 0.032230703986429174, "6": 0.2800687285223368, "7": 0.21090617481956697, "8": 0.06558328496807893},
  "recall": 0.16537116206762534,
  "scene_recalls": {"1": 0.16537116206762534},
  "targets_count": 10292,
  "tp_count": 1702
}