{
  "gt_count": 10292,
  "mean_obj_recall": 0.2785902213816589,
  "mean_scene_recall": 0.27574815390594637,
  "obj_recalls": {"1": 0.7050653594771242, "2": 0.055612770339855816, "3": 0.17074877536738978, "4": 0.07601476014760147, "5": 0.18575063613231552, "6": 0.4175257731958763, "7": 0.4113873295910184, "8": 0.2066163668020894},
  "recall": 0.27574815390594637,
  "scene_recalls": {"1": 0.27574815390594637},
  "targets_count": 10292,
  "tp_count": 2838
}