{
  "gt_count": 10292,
  "mean_obj_recall": 0.05409138097372756,
  "mean_scene_recall": 0.05246793626117373,
  "obj_recalls": {"1": 0.26143790849673204, "2": 0.0020597322348094747, "3": 0.07137858642407278, "4": 0.0007380073800738007, "5": 0.0033927056827820186, "6": 0.08075601374570447, "7": 0.011226944667201283, "8": 0.0017411491584445734},
  "recall": 0.05246793626117373,
  "scene_recalls": {"1": 0.05246793626117373},
  "targets_count": 10292,
  "tp_count": 540
}