{
  "gt_count": 10292,
  "mean_obj_recall": 0.1372118909330677,
  "mean_scene_recall": 0.1334045860862806,
  "obj_recalls": {"1": 0.5261437908496732, "2": 0.018537590113285273, "3": 0.11686494051784464, "4": 0.014022140221402213, "5": 0.019508057675996608, "6": 0.2104810996563574, "7": 0.15557337610264635, "8": 0.03656413232733604},
  "recall": 0.1334045860862806,
  "scene_recalls": {"1": 0.1334045860862806},
  "targets_count": 10292,
  "tp_count": 1373
}