{
  "gt_count": 10292,
  "mean_obj_recall": 0.025476200636874512,
  "mean_scene_recall": 0.024387874076952972,
  "obj_recalls": {"1": 0.1568627450980392, "2": 0.0, "3": 0.015395381385584325, "4": 0.0007380073800738007, "5": 0.0, "6": 0.029209621993127148, "7": 0.0016038492381716118, "8": 0.0},
  "recall": 0.024387874076952972,
  "scene_recalls": {"1": 0.024387874076952972},
  "targets_count": 10292,
  "tp_count": 251
}