{
  "gt_count": 10292,
  "mean_obj_recall": 0.22730886104235176,
  "mean_scene_recall": 0.22396035755926932,
  "obj_recalls": {"1": 0.6821895424836601, "2": 0.03604531410916581, "3": 0.1483554933519944, "4": 0.04649446494464945, "5": 0.08566581849024597, "6": 0.37199312714776633, "7": 0.30553327987169204, "8": 0.14219384793964016},
  "recall": 0.22396035755926932,
  "scene_recalls": {"1": 0.22396035755926932},
  "targets_count": 10292,
  "tp_count": 2305
}