{
  "gt_count": 10292,
  "mean_obj_recall": 0.0941411341907593,
  "mean_scene_recall": 0.09143023707734163,
  "obj_recalls": {"1": 0.39950980392156865, "2": 0.007209062821833162, "3": 0.10706787963610917, "4": 0.007380073800738007, "5": 0.01272264631043257, "6": 0.14690721649484537, "7": 0.060144346431435444, "8": 0.012188044109112013},
  "recall": 0.09143023707734163,
  "scene_recalls": {"1": 0.09143023707734163},
  "targets_count": 10292,
  "tp_count": 941
}