{
  "gt_count": 10292,
  "mean_obj_recall": 0.003934282734500564,
  "mean_scene_recall": 0.0037893509521958802,
  "obj_recalls": {"1": 0.027777777777777776, "2": 0.0, "3": 0.002099370188943317, "4": 0.0007380073800738007, "5": 0.0, "6": 0.000859106529209622, "7": 0.0, "8": 0.0},
  "recall": 0.0037893509521958802,
  "scene_recalls": {"1": 0.0037893509521958802},
  "targets_count": 10292,
  "tp_count": 39
}