{
  "gt_count": 10292,
  "mean_obj_recall": 0.25099400880114736,
  "mean_scene_recall": 0.24805674310143802,
  "obj_recalls": {"1": 0.6919934640522876, "2": 0.0411946446961895, "3": 0.15605318404478657, "4": 0.06273062730627306, "5": 0.13486005089058525, "6": 0.3917525773195876, "7": 0.35525260625501204, "8": 0.17411491584445735},
  "recall": 0.24805674310143802,
  "scene_recalls": {"1": 0.24805674310143802},
  "targets_count": 10292,
  "tp_count": 2553
}