{
  "gt_count": 10292,
  "mean_obj_recall": 0.19989815874712663,
  "mean_scene_recall": 0.19558880684026428,
  "obj_recalls": {"1": 0.6519607843137255, "2": 0.03192584963954686, "3": 0.1364590622813156, "4": 0.03690036900369004, "5": 0.05343511450381679, "6": 0.3324742268041237, "7": 0.26142742582197276, "8": 0.09460243760882182},
  "recall": 0.19558880684026428,
  "scene_recalls": {"1": 0.19558880684026428},
  "targets_count": 10292,
  "tp_count": 2013
}