{
  "gt_count": 10292,
  "mean_obj_recall": 0.09157180665654358,
  "mean_scene_recall": 0.08628060629615235,
  "obj_recalls": {"1": 0.4452614379084967, "2": 0.03604531410916581, "3": 0.0, "4": 0.01992619926199262, "5": 0.04749787955894826, "6": 0.14776632302405499, "7": 0.019246190858059342, "8": 0.016831108531630876},
  "recall": 0.08628060629615235,
  "scene_recalls": {"1": 0.08628060629615235},
  "targets_count": 10292,
  "tp_count": 888
}