{
  "gt_count": 10292,
  "mean_obj_recall": 0.12206329401714983,
  "mean_scene_recall": 0.11649825106879129,
  "obj_recalls": {"1": 0.49264705882352944, "2": 0.04840370751802266, "3": 0.0, "4": 0.02730627306273063, "5": 0.08227311280746395, "6": 0.21219931271477663, "7": 0.05854049719326383, "8": 0.05513639001741149},
  "recall": 0.11649825106879129,
  "scene_recalls": {"1": 0.11649825106879129},
  "targets_count": 10292,
  "tp_count": 1199
}