{
  "gt_count": 10292,
  "mean_obj_recall": 0.0458855074426762,
  "mean_scene_recall": 0.04352895452778857,
  "obj_recalls": {"1": 0.12990196078431374, "2": 0.06694129763130793, "3": 0.06578026592022393, "4": 0.033210332103321034, "5": 0.005089058524173028, "6": 0.04553264604810996, "7": 0.020048115477145148, "8": 0.0005803830528148578},
  "recall": 0.04352895452778857,
  "scene_recalls": {"1": 0.04352895452778857},
  "targets_count": 10292,
  "tp_count": 448
}