{
  "gt_count": 10292,
  "mean_obj_recall": 0.06076927698904086,
  "mean_scene_recall": 0.0581033812670035,
  "obj_recalls": {"1": 0.17565359477124182, "2": 0.07209062821833162, "3": 0.08047585724282715, "4": 0.043542435424354244, "5": 0.01272264631043257, "6": 0.06013745704467354, "7": 0.03688853247794707, "8": 0.0046430644225188625},
  "recall": 0.0581033812670035,
  "scene_recalls": {"1": 0.0581033812670035},
  "targets_count": 10292,
  "tp_count": 598
}