{
  "gt_count": 10292,
  "mean_obj_recall": 0.034942331927686095,
  "mean_scene_recall": 0.03293820443062573,
  "obj_recalls": {"1": 0.1111111111111111, "2": 0.057672502574665295, "3": 0.053883834849545134, "4": 0.014760147601476014, "5": 0.0033927056827820186, "6": 0.027491408934707903, "7": 0.011226944667201283, "8": 0.0},
  "recall": 0.03293820443062573,
  "scene_recalls": {"1": 0.03293820443062573},
  "targets_count": 10292,
  "tp_count": 339
}