{
  "gt_count": 10292,
  "mean_obj_recall": 0.019257146197732757,
  "mean_scene_recall": 0.018363777691410805,
  "obj_recalls": {"1": 0.08088235294117647, "2": 0.02368692070030896, "3": 0.02799160251924423, "4": 0.00959409594095941, "5": 0.0008481764206955047, "6": 0.009450171821305841, "7": 0.0016038492381716118, "8": 0.0},
  "recall": 0.018363777691410805,
  "scene_recalls": {"1": 0.018363777691410805},
  "targets_count": 10292,
  "tp_count": 189
}