{
  "gt_count": 10292,
  "mean_obj_recall": 0.06761052393084363,
  "mean_scene_recall": 0.06471045472211426,
  "obj_recalls": {"1": 0.19281045751633988, "2": 0.08032955715756952, "3": 0.08257522743177047, "4": 0.04870848708487085, "5": 0.016115351993214587, "6": 0.0661512027491409, "7": 0.04490777866880513, "8": 0.009286128845037725},
  "recall": 0.06471045472211426,
  "scene_recalls": {"1": 0.06471045472211426},
  "targets_count": 10292,
  "tp_count": 666
}