{
  "gt_count": 10292,
  "mean_obj_recall": 0.05390336980267235,
  "mean_scene_recall": 0.051399144966964634,
  "obj_recalls": {"1": 0.1503267973856209, "2": 0.0690010298661174, "3": 0.0734779566130161, "4": 0.03985239852398524, "5": 0.007633587786259542, "6": 0.05756013745704467, "7": 0.030473135525260625, "8": 0.002901915264074289},
  "recall": 0.051399144966964634,
  "scene_recalls": {"1": 0.051399144966964634},
  "targets_count": 10292,
  "tp_count": 529
}