{
  "gt_count": 10292,
  "mean_obj_recall": 0.007744262962395601,
  "mean_scene_recall": 0.0075787019043917605,
  "obj_recalls": {"1": 0.041666666666666664, "2": 0.0020597322348094747, "3": 0.011896431070678797, "4": 0.002952029520295203, "5": 0.0, "6": 0.002577319587628866, "7": 0.0008019246190858059, "8": 0.0},
  "recall": 0.0075787019043917605,
  "scene_recalls": {"1": 0.0075787019043917605},
  "targets_count": 10292,
  "tp_count": 78
}