{
  "gt_count": 10292,
  "mean_obj_recall": 0.07347943709036422,
  "mean_scene_recall": 0.07005441119315974,
  "obj_recalls": {"1": 0.19934640522875818, "2": 0.09062821833161688, "3": 0.08397480755773268, "4": 0.04870848708487085, "5": 0.033927056827820185, "6": 0.07130584192439862, "7": 0.04891740176423416, "8": 0.011027278003482298},
  "recall": 0.07005441119315974,
  "scene_recalls": {"1": 0.07005441119315974},
  "targets_count": 10292,
  "tp_count": 721
}