{
  "gt_count": 10292,
  "mean_obj_recall": 0.07746926043608811,
  "mean_scene_recall": 0.07413525068013992,
  "obj_recalls": {"1": 0.20098039215686275, "2": 0.09474768280123584, "3": 0.08817354793561931, "4": 0.05018450184501845, "5": 0.041560644614079725, "6": 0.07216494845360824, "7": 0.0545308740978348, "8": 0.017411491584445733},
  "recall": 0.07413525068013992,
  "scene_recalls": {"1": 0.07413525068013992},
  "targets_count": 10292,
  "tp_count": 763
}