{
  "gt_count": 10292,
  "mean_obj_recall": 0.003101242208201649,
  "mean_scene_recall": 0.0030120481927710845,
  "obj_recalls": {"1": 0.018790849673202614, "2": 0.0, "3": 0.0034989503149055285, "4": 0.0, "5": 0.0, "6": 0.001718213058419244, "7": 0.0008019246190858059, "8": 0.0},
  "recall": 0.0030120481927710845,
  "scene_recalls": {"1": 0.0030120481927710845},
  "targets_count": 10292,
  "tp_count": 31
}