{
  "gt_count": 10292,
  "mean_obj_recall": 0.01600021226248334,
  "mean_scene_recall": 0.015448892343567819,
  "obj_recalls": {"1": 0.0923202614379085, "2": 0.0020597322348094747, "3": 0.01469559132260322, "4": 0.0, "5": 0.002544529262086514, "6": 0.005154639175257732, "7": 0.011226944667201283, "8": 0.0},
  "recall": 0.015448892343567819,
  "scene_recalls": {"1": 0.015448892343567819},
  "targets_count": 10292,
  "tp_count": 159
}