{
  "gt_count": 10292,
  "mean_obj_recall": 0.04087543851386902,
  "mean_scene_recall": 0.038670812281383596,
  "obj_recalls": {"1": 0.20833333333333334, "2": 0.02265705458290422, "3": 0.018894331700489854, "4": 0.0007380073800738007, "5": 0.01272264631043257, "6": 0.02663230240549828, "7": 0.03528468323977546, "8": 0.0017411491584445734},
  "recall": 0.038670812281383596,
  "scene_recalls": {"1": 0.038670812281383596},
  "targets_count": 10292,
  "tp_count": 398
}