{
  "gt_count": 10292,
  "mean_obj_recall": 0.027395196618821886,
  "mean_scene_recall": 0.026039642440730666,
  "obj_recalls": {"1": 0.1437908496732026, "2": 0.010298661174047374, "3": 0.01609517144856543, "4": 0.0, "5": 0.008481764206955046, "6": 0.01804123711340206, "7": 0.022453889334402566, "8": 0.0},
  "recall": 0.026039642440730666,
  "scene_recalls": {"1": 0.026039642440730666},
  "targets_count": 10292,
  "tp_count": 268
}