{
  "gt_count": 10292,
  "mean_obj_recall": 0.04294234960306756,
  "mean_scene_recall": 0.040711232024873686,
  "obj_recalls": {"1": 0.21323529411764705, "2": 0.02265705458290422, "3": 0.01959412176347096, "4": 0.002214022140221402, "5": 0.017811704834605598, "6": 0.02663230240549828, "7": 0.038492381716118684, "8": 0.002901915264074289},
  "recall": 0.040711232024873686,
  "scene_recalls": {"1": 0.040711232024873686},
  "targets_count": 10292,
  "tp_count": 419
}