{
  "gt_count": 10292,
  "mean_obj_recall": 0.007921837207495539,
  "mean_scene_recall": 0.00767586474931986,
  "obj_recalls": {"1": 0.04656862745098039, "2": 0.0, "3": 0.008397480755773267, "4": 0.0, "5": 0.0008481764206955047, "6": 0.005154639175257732, "7": 0.0024057738572574178, "8": 0.0},
  "recall": 0.00767586474931986,
  "scene_recalls": {"1": 0.00767586474931986},
  "targets_count": 10292,
  "tp_count": 79
}