{
  "gt_count": 10292,
  "mean_obj_recall": 0.04546973771085126,
  "mean_scene_recall": 0.04304314030314808,
  "obj_recalls": {"1": 0.21650326797385622, "2": 0.025746652935118436, "3": 0.020293911826452064, "4": 0.002214022140221402, "5": 0.02374893977947413, "6": 0.03006872852233677, "7": 0.04170008019246191, "8": 0.003482298316889147},
  "recall": 0.04304314030314808,
  "scene_recalls": {"1": 0.04304314030314808},
  "targets_count": 10292,
  "tp_count": 443
}