{
  "gt_count": 10292,
  "mean_obj_recall": 0.033552708831588576,
  "mean_scene_recall": 0.03177225029148854,
  "obj_recalls": {"1": 0.17483660130718953, "2": 0.015447991761071062, "3": 0.016794961511546535, "4": 0.0007380073800738007, "5": 0.008481764206955046, "6": 0.024054982817869417, "7": 0.028067361668003207, "8": 0.0},
  "recall": 0.03177225029148854,
  "scene_recalls": {"1": 0.03177225029148854},
  "targets_count": 10292,
  "tp_count": 327
}