{
  "gt_count": 10292,
  "mean_obj_recall": 0.03796905394619397,
  "mean_scene_recall": 0.035950252623396815,
  "obj_recalls": {"1": 0.19526143790849673, "2": 0.01956745623069001, "3": 0.01819454163750875, "4": 0.0007380073800738007, "5": 0.010178117048346057, "6": 0.02577319587628866, "7": 0.03287890938251804, "8": 0.0011607661056297156},
  "recall": 0.035950252623396815,
  "scene_recalls": {"1": 0.035950252623396815},
  "targets_count": 10292,
  "tp_count": 370
}