{
  "gt_count": 10292,
  "mean_obj_recall": 0.49344837279310755,
  "mean_scene_recall": 0.4791099883404586,
  "obj_recalls": {"1": 0.673202614379085, "2": 0.7548918640576725, "3": 0.35199440167949614, "4": 0.25904059040590405, "5": 0.6929601357082273, "6": 0.30326460481099654, "7": 0.4659182036888532, "8": 0.4463145676146257},
  "recall": 0.4791099883404586,
  "scene_recalls": {"1": 0.4791099883404586},
  "targets_count": 10292,
  "tp_count": 4931
}