{
  "gt_count": 10292,
  "mean_obj_recall": 0.46229979838705604,
  "mean_scene_recall": 0.4486980178779635,
  "obj_recalls": {"1": 0.6642156862745098, "2": 0.685890834191555, "3": 0.30160951714485656, "4": 0.2088560885608856, "5": 0.6819338422391857, "6": 0.27920962199312716, "7": 0.45068163592622296, "8": 0.4260011607661056},
  "recall": 0.4486980178779635,
  "scene_recalls": {"1": 0.4486980178779635},
  "targets_count": 10292,
  "tp_count": 4618
}