{
  "gt_count": 10292,
  "mean_obj_recall": 0.26492625918758383,
  "mean_scene_recall": 0.25660707345511075,
  "obj_recalls": {"1": 0.46405228758169936, "2": 0.23892893923789907, "3": 0.0741777466759972, "4": 0.01918819188191882, "5": 0.5470737913486005, "6": 0.1872852233676976, "7": 0.3536487570168404, "8": 0.2350551363900174},
  "recall": 0.25660707345511075,
  "scene_recalls": {"1": 0.25660707345511075},
  "targets_count": 10292,
  "tp_count": 2641
}