{
  "gt_count": 10292,
  "mean_obj_recall": 0.11110194670819601,
  "mean_scene_recall": 0.10464438398756315,
  "obj_recalls": {"1": 0.19281045751633988, "2": 0.14521112255406798, "3": 0.026592022393282014, "4": 0.0007380073800738007, "5": 0.20525869380831213, "6": 0.06872852233676977, "7": 0.1908580593424218, "8": 0.05861868833430064},
  "recall": 0.10464438398756315,
  "scene_recalls": {"1": 0.10464438398756315},
  "targets_count": 10292,
  "tp_count": 1077
}