{
  "gt_count": 10292,
  "mean_obj_recall": 0.36094075460488967,
  "mean_scene_recall": 0.35435289545277887,
  "obj_recalls": {"1": 0.6200980392156863, "2": 0.3192584963954686, "3": 0.16585024492652203, "4": 0.061254612546125464, "5": 0.6607294317217981, "6": 0.24484536082474226, "7": 0.44346431435445066, "8": 0.3720255368543239},
  "recall": 0.35435289545277887,
  "scene_recalls": {"1": 0.35435289545277887},
  "targets_count": 10292,
  "tp_count": 3647
}