{
  "gt_count": 10292,
  "mean_obj_recall": 0.41494615245838856,
  "mean_scene_recall": 0.4040031092110377,
  "obj_recalls": {"1": 0.6544117647058824, "2": 0.529351184346035, "3": 0.23862841147655703, "4": 0.1033210332103321, "5": 0.6726039016115352, "6": 0.2654639175257732, "7": 0.45068163592622296, "8": 0.4051073708647707},
  "recall": 0.4040031092110377,
  "scene_recalls": {"1": 0.4040031092110377},
  "targets_count": 10292,
  "tp_count": 4158
}