{
  "gt_count": 10292,
  "mean_obj_recall": 0.5381829386974557,
  "mean_scene_recall": 0.522444617178391,
  "obj_recalls": {"1": 0.7189542483660131, "2": 0.5983522142121525, "3": 0.3268019594121763, "4": 0.4664206642066421, "5": 0.7217981340118744, "6": 0.45618556701030927, "7": 0.6663993584603047, "8": 0.3505513639001741},
  "recall": 0.522444617178391,
  "scene_recalls": {"1": 0.522444617178391},
  "targets_count": 10292,
  "tp_count": 5377
}