{
  "gt_count": 10292,
  "mean_obj_recall": 0.3857875738844172,
  "mean_scene_recall": 0.37213369607462105,
  "obj_recalls": {"1": 0.6544117647058824, "2": 0.4181256436663234, "3": 0.25892232330300907, "4": 0.42435424354243545, "5": 0.3189143341815098, "6": 0.3865979381443299, "7": 0.4723336006415397, "8": 0.1526407428903076},
  "recall": 0.37213369607462105,
  "scene_recalls": {"1": 0.37213369607462105},
  "targets_count": 10292,
  "tp_count": 3830
}