{
  "gt_count": 10292,
  "mean_obj_recall": 0.32155718311739667,
  "mean_scene_recall": 0.3091721725612126,
  "obj_recalls": {"1": 0.5980392156862745, "2": 0.35427394438722964, "3": 0.24142757172848145, "4": 0.3859778597785978, "5": 0.21628498727735368, "6": 0.3247422680412371, "7": 0.3640737770649559, "8": 0.08763784097504353},
  "recall": 0.3091721725612126,
  "scene_recalls": {"1": 0.3091721725612126},
  "targets_count": 10292,
  "tp_count": 3182
}