{
  "gt_count": 10292,
  "mean_obj_recall": 0.4491780213494974,
  "mean_scene_recall": 0.43451224251846093,
  "obj_recalls": {"1": 0.6887254901960784, "2": 0.490216271884655, "3": 0.2806158152554234, "4": 0.4487084870848708, "5": 0.49279050042408823, "6": 0.4209621993127148, "7": 0.5380914194065758, "8": 0.23331398723157284},
  "recall": 0.43451224251846093,
  "scene_recalls": {"1": 0.43451224251846093},
  "targets_count": 10292,
  "tp_count": 4472
}