{
  "gt_count": 10292,
  "mean_obj_recall": 0.2504493323970929,
  "mean_scene_recall": 0.23989506412747766,
  "obj_recalls": {"1": 0.5138888888888888, "2": 0.2760041194644696, "3": 0.22393282015395383, "4": 0.3210332103321033, "5": 0.15182357930449533, "6": 0.24914089347079038, "7": 0.23817161186848437, "8": 0.02959953569355775},
  "recall": 0.23989506412747766,
  "scene_recalls": {"1": 0.23989506412747766},
  "targets_count": 10292,
  "tp_count": 2469
}