{
  "gt_count": 10292,
  "mean_obj_recall": 0.07969954190080464,
  "mean_scene_recall": 0.0770501360279829,
  "obj_recalls": {"1": 0.2107843137254902, "2": 0.07621009268795056, "3": 0.10496850944716585, "4": 0.1025830258302583, "5": 0.02374893977947413, "6": 0.08075601374570447, "7": 0.034482758620689655, "8": 0.004062681369704005},
  "recall": 0.0770501360279829,
  "scene_recalls": {"1": 0.0770501360279829},
  "targets_count": 10292,
  "tp_count": 793
}