{
  "gt_count": 10292,
  "mean_obj_recall": 0.16725467639240393,
  "mean_scene_recall": 0.16041585697629226,
  "obj_recalls": {"1": 0.3709150326797386, "2": 0.17816683831101957, "3": 0.19454163750874737, "4": 0.1948339483394834, "5": 0.10262934690415607, "6": 0.17525773195876287, "7": 0.11066559743384122, "8": 0.011027278003482298},
  "recall": 0.16041585697629226,
  "scene_recalls": {"1": 0.16041585697629226},
  "targets_count": 10292,
  "tp_count": 1651
}