{
  "camera_matrix": [
    [
      1484.3396423913978,
      0.0,
      953.0562623802101
    ],
    [
      0.0,
      1468.0753838812893,
      534.8154986202661
    ],
    [
      0.0,
      0.0,
      1.0
    ]
  ],
  "roi": [
    5,
    7,
    1909,
    1065
  ]
}