{
  "gt_count": 10279,
  "mean_obj_recall": 0.02271824932099745,
  "mean_scene_recall": 0.02542841348811498,
  "obj_recalls": {"1": 0.14460784313725492, "2": 0.0, "3": 0.0, "4": 0.0, "5": 0.002544529262086514, "6": 0.01718213058419244, "7": 0.0, "8": 0.017411491584445733},
  "recall": 0.02542841348811498,
  "scene_recalls": {"1": 0.02542841348811498},
  "targets_count": 9045,
  "tp_count": 230
}