{
  "gt_count": 10292,
  "mean_obj_recall": 0.015496084732325803,
  "mean_scene_recall": 0.014865915273999223,
  "obj_recalls": {"1": 0.1119281045751634, "2": 0.0, "3": 0.0, "4": 0.0, "5": 0.002544529262086514, "6": 0.006013745704467354, "7": 0.0, "8": 0.003482298316889147},
  "recall": 0.014865915273999223,
  "scene_recalls": {"1": 0.014865915273999223},
  "targets_count": 10292,
  "tp_count": 153
}