{
  "gt_count": 10292,
  "mean_obj_recall": 0.022818489898383178,
  "mean_scene_recall": 0.022444617178390983,
  "obj_recalls": {"1": 0.14460784313725492, "2": 0.0, "3": 0.0, "4": 0.0, "5": 0.002544529262086514, "6": 0.01718213058419244, "7": 0.0008019246190858059, "8": 0.017411491584445733},
  "recall": 0.022444617178390983,
  "scene_recalls": {"1": 0.022444617178390983},
  "targets_count": 10292,
  "tp_count": 231
}