{
  "gt_count": 10279,
  "mean_obj_recall": 0.035304558447478596,
  "mean_scene_recall": 0.04002211166390271,
  "obj_recalls": {"1": 0.20588235294117646, "2": 0.0, "3": 0.0, "4": 0.0, "5": 0.008481764206955046, "6": 0.030927835051546393, "7": 0.0, "8": 0.0371445153801509},
  "recall": 0.04002211166390271,
  "scene_recalls": {"1": 0.04002211166390271},
  "targets_count": 9045,
  "tp_count": 362
}