{
  "gt_count": 10279,
  "mean_obj_recall": 0.028352372007647165,
  "mean_scene_recall": 0.03195135433941404,
  "obj_recalls": {"1": 0.1715686274509804, "2": 0.0, "3": 0.0, "4": 0.0, "5": 0.005937234944868533, "6": 0.023195876288659795, "7": 0.0, "8": 0.0261172373766686},
  "recall": 0.03195135433941404,
  "scene_recalls": {"1": 0.03195135433941404},
  "targets_count": 9045,
  "tp_count": 289
}