{
  "gt_count": 10279,
  "mean_obj_recall": 0.009712325651910247,
  "mean_scene_recall": 0.010503040353786623,
  "obj_recalls": {"1": 0.07598039215686274, "2": 0.0, "3": 0.0, "4": 0.0, "5": 0.0, "6": 0.001718213058419244, "7": 0.0, "8": 0.0},
  "recall": 0.010503040353786623,
  "scene_recalls": {"1": 0.010503040353786623},
  "targets_count": 9045,
  "tp_count": 95
}