{
  "gt_count": 10292,
  "mean_obj_recall": 0.028552853162418616,
  "mean_scene_recall": 0.028274387874076955,
  "obj_recalls": {"1": 0.1715686274509804, "2": 0.0, "3": 0.0, "4": 0.0, "5": 0.005937234944868533, "6": 0.023195876288659795, "7": 0.0016038492381716118, "8": 0.0261172373766686},
  "recall": 0.028274387874076955,
  "scene_recalls": {"1": 0.028274387874076955},
  "targets_count": 10292,
  "tp_count": 291
}