{
  "gt_count": 10279,
  "mean_obj_recall": 0.041733985488377756,
  "mean_scene_recall": 0.0476506357103372,
  "obj_recalls": {"1": 0.22875816993464052, "2": 0.0, "3": 0.0, "4": 0.0014760147601476014, "5": 0.009329940627650551, "6": 0.04381443298969072, "7": 0.0, "8": 0.05049332559489263},
  "recall": 0.0476506357103372,
  "scene_recalls": {"1": 0.0476506357103372},
  "targets_count": 9045,
  "tp_count": 431
}