{
  "gt_count": 10279,
  "mean_obj_recall": 0.04801490065407764,
  "mean_scene_recall": 0.054836926478717525,
  "obj_recalls": {"1": 0.24673202614379086, "2": 0.0, "3": 0.0, "4": 0.002214022140221402, "5": 0.016115351993214587, "6": 0.059278350515463915, "7": 0.0, "8": 0.05977945443993035},
  "recall": 0.054836926478717525,
  "scene_recalls": {"1": 0.054836926478717525},
  "targets_count": 9045,
  "tp_count": 496
}