{
  "gt_count": 10292,
  "mean_obj_recall": 0.005315721649484535,
  "mean_scene_recall": 0.005052467936261173,
  "obj_recalls": {"1": 0.041666666666666664, "2": 0.0, "3": 0.0, "4": 0.0, "5": 0.0, "6": 0.000859106529209622, "7": 0.0, "8": 0.0},
  "recall": 0.005052467936261173,
  "scene_recalls": {"1": 0.005052467936261173},
  "targets_count": 10292,
  "tp_count": 52
}