{
  "gt_count": 10292,
  "mean_obj_recall": 0.049117547005320616,
  "mean_scene_recall": 0.049261562378546446,
  "obj_recalls": {"1": 0.24673202614379086, "2": 0.0, "3": 0.0, "4": 0.002214022140221402, "5": 0.016115351993214587, "6": 0.059278350515463915, "7": 0.008821170809943865, "8": 0.05977945443993035},
  "recall": 0.049261562378546446,
  "scene_recalls": {"1": 0.049261562378546446},
  "targets_count": 10292,
  "tp_count": 507
}