{
  "gt_count": 10292,
  "mean_obj_recall": 0.16073365394176464,
  "mean_scene_recall": 0.15031092110376992,
  "obj_recalls": {"1": 0.49019607843137253, "2": 0.17610710607621008, "3": 0.0, "4": 0.16752767527675277, "5": 0.14249363867684478, "6": 0.19673539518900343, "7": 0.08901363271852446, "8": 0.02379570516540917},
  "recall": 0.15031092110376992,
  "scene_recalls": {"1": 0.15031092110376992},
  "targets_count": 10292,
  "tp_count": 1547
}