{
  "gt_count": 10292,
  "mean_obj_recall": 0.41333261741527505,
  "mean_scene_recall": 0.39846482705013603,
  "obj_recalls": {"1": 0.7066993464052288, "2": 0.46343975283213185, "3": 0.00489853044086774, "4": 0.27601476014760146, "5": 0.6751484308736218, "6": 0.44673539518900346, "7": 0.36808340016038493, "8": 0.3656413232733604},
  "recall": 0.39846482705013603,
  "scene_recalls": {"1": 0.39846482705013603},
  "targets_count": 10292,
  "tp_count": 4101
}