{
  "gt_count": 10292,
  "mean_obj_recall": 0.21154670697892658,
  "mean_scene_recall": 0.20015546055188496,
  "obj_recalls": {"1": 0.559640522875817, "2": 0.21421215242018538, "3": 0.0, "4": 0.2059040590405904, "5": 0.19338422391857507, "6": 0.2852233676975945, "7": 0.15797914995990378, "8": 0.07603017991874637},
  "recall": 0.20015546055188496,
  "scene_recalls": {"1": 0.20015546055188496},
  "targets_count": 10292,
  "tp_count": 2060
}