{
  "gt_count": 10292,
  "mean_obj_recall": 0.27182416833218914,
  "mean_scene_recall": 0.26000777302759426,
  "obj_recalls": {"1": 0.6339869281045751, "2": 0.2687950566426365, "3": 0.0006997900629811056, "4": 0.23911439114391145, "5": 0.3011026293469042, "6": 0.3487972508591065, "7": 0.22133119486768243, "8": 0.1607661056297156},
  "recall": 0.26000777302759426,
  "scene_recalls": {"1": 0.26000777302759426},
  "targets_count": 10292,
  "tp_count": 2676
}