{
  "gt_count": 10292,
  "mean_obj_recall": 0.013246960205367385,
  "mean_scene_recall": 0.012534006995724834,
  "obj_recalls": {"1": 0.08660130718954248, "2": 0.0020597322348094747, "3": 0.0, "4": 0.004428044280442804, "5": 0.0, "6": 0.01288659793814433, "7": 0.0, "8": 0.0},
  "recall": 0.012534006995724834,
  "scene_recalls": {"1": 0.012534006995724834},
  "targets_count": 10292,
  "tp_count": 129
}