{
  "gt_count": 10292,
  "mean_obj_recall": 0.046330161191883705,
  "mean_scene_recall": 0.04352895452778857,
  "obj_recalls": {"1": 0.1919934640522876, "2": 0.04016477857878476, "3": 0.0, "4": 0.06568265682656826, "5": 0.008481764206955046, "6": 0.0627147766323024, "7": 0.0016038492381716118, "8": 0.0},
  "recall": 0.04352895452778857,
  "scene_recalls": {"1": 0.04352895452778857},
  "targets_count": 10292,
  "tp_count": 448
}