{
  "gt_count": 10292,
  "mean_obj_recall": 0.047829640982559554,
  "mean_scene_recall": 0.04440342013214147,
  "obj_recalls": {"1": 0.20751633986928106, "2": 0.08856848609680741, "3": 0.04618614415675298, "4": 0.015498154981549815, "5": 0.004240882103477523, "6": 0.012027491408934709, "7": 0.00801924619085806, "8": 0.0005803830528148578},
  "recall": 0.04440342013214147,
  "scene_recalls": {"1": 0.04440342013214147},
  "targets_count": 10292,
  "tp_count": 457
}