{
  "gt_count": 10292,
  "mean_obj_recall": 0.12657313563973843,
  "mean_scene_recall": 0.11795569374271278,
  "obj_recalls": {"1": 0.3946078431372549, "2": 0.22245108135942326, "3": 0.0741777466759972, "4": 0.08339483394833948, "5": 0.07124681933842239, "6": 0.036941580756013746, "7": 0.11467522052927025, "8": 0.015089959373186303},
  "recall": 0.11795569374271278,
  "scene_recalls": {"1": 0.11795569374271278},
  "targets_count": 10292,
  "tp_count": 1214
}