{
  "gt_count": 10292,
  "mean_obj_recall": 0.14938053502348156,
  "mean_scene_recall": 0.13952584531675088,
  "obj_recalls": {"1": 0.40522875816993464, "2": 0.2646755921730175, "3": 0.08817354793561931, "4": 0.08782287822878229, "5": 0.13146734520780323, "6": 0.04381443298969072, "7": 0.14194065757818766, "8": 0.03192106790481718},
  "recall": 0.13952584531675088,
  "scene_recalls": {"1": 0.13952584531675088},
  "targets_count": 10292,
  "tp_count": 1436
}