{
  "gt_count": 10292,
  "mean_obj_recall": 0.018635767892455406,
  "mean_scene_recall": 0.017586474931986007,
  "obj_recalls": {"1": 0.1323529411764706, "2": 0.008238928939237899, "3": 0.004198740377886634, "4": 0.0, "5": 0.0, "6": 0.00429553264604811, "7": 0.0, "8": 0.0},
  "recall": 0.017586474931986007,
  "scene_recalls": {"1": 0.017586474931986007},
  "targets_count": 10292,
  "tp_count": 181
}