{
  "gt_count": 10292,
  "mean_obj_recall": 0.06770930231397404,
  "mean_scene_recall": 0.06257287213369607,
  "obj_recalls": {"1": 0.26143790849673204, "2": 0.1349124613800206, "3": 0.05038488453463961, "4": 0.03690036900369004, "5": 0.009329940627650551, "6": 0.018900343642611683, "7": 0.028067361668003207, "8": 0.0017411491584445734},
  "recall": 0.06257287213369607,
  "scene_recalls": {"1": 0.06257287213369607},
  "targets_count": 10292,
  "tp_count": 644
}