{
  "gt_count": 10292,
  "mean_obj_recall": 0.10724226508073348,
  "mean_scene_recall": 0.09939759036144578,
  "obj_recalls": {"1": 0.36519607843137253, "2": 0.2059732234809475, "3": 0.05948215535339398, "4": 0.07896678966789668, "5": 0.02714164546225615, "6": 0.029209621993127148, "7": 0.08500400962309543, "8": 0.006964596633778294},
  "recall": 0.09939759036144578,
  "scene_recalls": {"1": 0.09939759036144578},
  "targets_count": 10292,
  "tp_count": 1023
}