{
  "gt_count": 10292,
  "mean_obj_recall": 0.03198184736258929,
  "mean_scene_recall": 0.030023319082782742,
  "obj_recalls": {"1": 0.1642156862745098, "2": 0.04325437693099897, "3": 0.031490552834149754, "4": 0.006642066420664207, "5": 0.0, "6": 0.009450171821305841, "7": 0.0008019246190858059, "8": 0.0},
  "recall": 0.030023319082782742,
  "scene_recalls": {"1": 0.030023319082782742},
  "targets_count": 10292,
  "tp_count": 309
}