{
  "gt_count": 10292,
  "mean_obj_recall": 0.14129727984549084,
  "mean_scene_recall": 0.13184998056743102,
  "obj_recalls": {"1": 0.4027777777777778, "2": 0.24407826982492276, "3": 0.08187543736878937, "4": 0.08560885608856089, "5": 0.11874469889737066, "6": 0.040378006872852236, "7": 0.13311948676824378, "8": 0.02379570516540917},
  "recall": 0.13184998056743102,
  "scene_recalls": {"1": 0.13184998056743102},
  "targets_count": 10292,
  "tp_count": 1357
}