{
  "gt_count": 10292,
  "mean_obj_recall": 0.08868593436571619,
  "mean_scene_recall": 0.08190827827438787,
  "obj_recalls": {"1": 0.32598039215686275, "2": 0.1791967044284243, "3": 0.053883834849545134, "4": 0.05904059040590406, "5": 0.015267175572519083, "6": 0.022336769759450172, "7": 0.04971932638331997, "8": 0.004062681369704005},
  "recall": 0.08190827827438787,
  "scene_recalls": {"1": 0.08190827827438787},
  "targets_count": 10292,
  "tp_count": 843
}