{
  "gt_count": 10292,
  "mean_obj_recall": 0.1438073638285603,
  "mean_scene_recall": 0.1381655654877575,
  "obj_recalls": {"1": 0.41911764705882354, "2": 0.0854788877445932, "3": 0.06997900629811056, "4": 0.01992619926199262, "5": 0.15606446140797287, "6": 0.09278350515463918, "7": 0.2566158781074579, "8": 0.05049332559489263},
  "recall": 0.1381655654877575,
  "scene_recalls": {"1": 0.1381655654877575},
  "targets_count": 10292,
  "tp_count": 1422
}