{
  "gt_count": 10292,
  "mean_obj_recall": 0.0012085377454911395,
  "mean_scene_recall": 0.001165954139137194,
  "obj_recalls": {"1": 0.0024509803921568627, "2": 0.0, "3": 0.0, "4": 0.0, "5": 0.0, "6": 0.0, "7": 0.007217321571772253, "8": 0.0},
  "recall": 0.001165954139137194,
  "scene_recalls": {"1": 0.001165954139137194},
  "targets_count": 10292,
  "tp_count": 12
}