{
  "gt_count": 10292,
  "mean_obj_recall": 0.036879732174382694,
  "mean_scene_recall": 0.03556160124368442,
  "obj_recalls": {"1": 0.15441176470588236, "2": 0.010298661174047374, "3": 0.03498950314905528, "4": 0.006642066420664207, "5": 0.01102629346904156, "6": 0.022336769759450172, "7": 0.05533279871692061, "8": 0.0},
  "recall": 0.03556160124368442,
  "scene_recalls": {"1": 0.03556160124368442},
  "targets_count": 10292,
  "tp_count": 366
}