{
  "gt_count": 10292,
  "mean_obj_recall": 0.26562868760869895,
  "mean_scene_recall": 0.25961912164788187,
  "obj_recalls": {"1": 0.5171568627450981, "2": 0.21112255406797117, "3": 0.08467459762071379, "4": 0.03247232472324723, "5": 0.448685326547922, "6": 0.17010309278350516, "7": 0.41299117882919006, "8": 0.2478235635519443},
  "recall": 0.25961912164788187,
  "scene_recalls": {"1": 0.25961912164788187},
  "targets_count": 10292,
  "tp_count": 2672
}