{
  "gt_count": 10292,
  "mean_obj_recall": 0.17668168166527454,
  "mean_scene_recall": 0.1703264671589584,
  "obj_recalls": {"1": 0.46405228758169936, "2": 0.12255406797116375, "3": 0.07207837648705388, "4": 0.021402214022140223, "5": 0.20949957591178966, "6": 0.11941580756013746, "7": 0.31275060144346434, "8": 0.09170052234474753},
  "recall": 0.1703264671589584,
  "scene_recalls": {"1": 0.1703264671589584},
  "targets_count": 10292,
  "tp_count": 1753
}