{
  "bop19_average_recall": 0.03396720103187765,
  "bop19_average_recall_mspd": 0.08582642343836373,
  "bop19_average_recall_mssd": 0.015754560530679935,
  "bop19_average_recall_vsd": 0.00032061912658927575,
  "bop19_average_time_per_image": -1.0
}