{
  "gt_count": 10292,
  "mean_obj_recall": 0.16498874229917923,
  "mean_scene_recall": 0.16663427905169062,
  "obj_recalls": {"1": 0.006535947712418301, "2": 0.5550978372811535, "3": 0.3086074177746676, "4": 0.0, "5": 0.01102629346904156, "6": 0.07474226804123711, "7": 0.0, "8": 0.3639001741149158},
  "recall": 0.16663427905169062,
  "scene_recalls": {"1": 0.16663427905169062},
  "targets_count": 10292,
  "tp_count": 1715
}