{
  "gt_count": 10292,
  "mean_obj_recall": 0.0006365684358885927,
  "mean_scene_recall": 0.000777302759424796,
  "obj_recalls": {"1": 0.0, "2": 0.0010298661174047373, "3": 0.0, "4": 0.0, "5": 0.0, "6": 0.0, "7": 0.0, "8": 0.004062681369704005},
  "recall": 0.000777302759424796,
  "scene_recalls": {"1": 0.000777302759424796},
  "targets_count": 10292,
  "tp_count": 8
}