{
  "gt_count": 10292,
  "mean_obj_recall": 0.09691083393313597,
  "mean_scene_recall": 0.0964827050136028,
  "obj_recalls": {"1": 0.0008169934640522876, "2": 0.3779608650875386, "3": 0.15255423372988103, "4": 0.0, "5": 0.005089058524173028, "6": 0.018900343642611683, "7": 0.0, "8": 0.2199651770168311},
  "recall": 0.0964827050136028,
  "scene_recalls": {"1": 0.0964827050136028},
  "targets_count": 10292,
  "tp_count": 993
}