{
  "gt_count": 10292,
  "mean_obj_recall": 0.07857568350786424,
  "mean_scene_recall": 0.07442673921492421,
  "obj_recalls": {"1": 0.19607843137254902, "2": 0.12358393408856849, "3": 0.09027291812456263, "4": 0.06642066420664207, "5": 0.02205258693808312, "6": 0.06958762886597938, "7": 0.05132317562149158, "8": 0.009286128845037725},
  "recall": 0.07442673921492421,
  "scene_recalls": {"1": 0.07442673921492421},
  "targets_count": 10292,
  "tp_count": 766
}