{
  "gt_count": 10292,
  "mean_obj_recall": 0.021666385875633444,
  "mean_scene_recall": 0.020501360279828993,
  "obj_recalls": {"1": 0.08169934640522876, "2": 0.03398558187435633, "3": 0.031490552834149754, "4": 0.012546125461254613, "5": 0.0016963528413910093, "6": 0.010309278350515464, "7": 0.0016038492381716118, "8": 0.0},
  "recall": 0.020501360279828993,
  "scene_recalls": {"1": 0.020501360279828993},
  "targets_count": 10292,
  "tp_count": 211
}