{
  "gt_count": 10292,
  "mean_obj_recall": 0.08723780392087785,
  "mean_scene_recall": 0.08249125534395647,
  "obj_recalls": {"1": 0.20016339869281047, "2": 0.1380020597322348, "3": 0.09377186843946816, "4": 0.06937269372693727, "5": 0.04749787955894826, "6": 0.07560137457044673, "7": 0.060144346431435444, "8": 0.013348810214741729},
  "recall": 0.08249125534395647,
  "scene_recalls": {"1": 0.08249125534395647},
  "targets_count": 10292,
  "tp_count": 849
}