{
  "gt_count": 10292,
  "mean_obj_recall": 0.061704870817086276,
  "mean_scene_recall": 0.058492032646715895,
  "obj_recalls": {"1": 0.15359477124183007, "2": 0.09577754891864057, "3": 0.07767669699090272, "4": 0.057564575645756455, "5": 0.010178117048346057, "6": 0.059278350515463915, "7": 0.03608660785886127, "8": 0.003482298316889147},
  "recall": 0.058492032646715895,
  "scene_recalls": {"1": 0.058492032646715895},
  "targets_count": 10292,
  "tp_count": 602
}