{
  "gt_count": 10292,
  "mean_obj_recall": 0.09153582002468791,
  "mean_scene_recall": 0.08666925767586475,
  "obj_recalls": {"1": 0.20261437908496732, "2": 0.14418125643666324, "3": 0.09657102869139259, "4": 0.06937269372693727, "5": 0.05767599660729432, "6": 0.07731958762886598, "7": 0.06655974338412189, "8": 0.017991874637260593},
  "recall": 0.08666925767586475,
  "scene_recalls": {"1": 0.08666925767586475},
  "targets_count": 10292,
  "tp_count": 892
}