{
  "gt_count": 10292,
  "mean_obj_recall": 0.05202828182619254,
  "mean_scene_recall": 0.049067236688690244,
  "obj_recalls": {"1": 0.13071895424836602, "2": 0.08753861997940268, "3": 0.07067879636109167, "4": 0.045018450184501846, "5": 0.007633587786259542, "6": 0.05240549828178694, "7": 0.02165196471531676, "8": 0.0005803830528148578},
  "recall": 0.049067236688690244,
  "scene_recalls": {"1": 0.049067236688690244},
  "targets_count": 10292,
  "tp_count": 505
}