{
  "gt_count": 10292,
  "mean_obj_recall": 0.038813081121782944,
  "mean_scene_recall": 0.03643606684803731,
  "obj_recalls": {"1": 0.1119281045751634, "2": 0.07106076210092688, "3": 0.05738278516445067, "4": 0.022878228782287822, "5": 0.004240882103477523, "6": 0.03178694158075601, "7": 0.011226944667201283, "8": 0.0},
  "recall": 0.03643606684803731,
  "scene_recalls": {"1": 0.03643606684803731},
  "targets_count": 10292,
  "tp_count": 375
}