{
  "gt_count": 10292,
  "mean_obj_recall": 0.07087038494598955,
  "mean_scene_recall": 0.06713952584531675,
  "obj_recalls": {"1": 0.17973856209150327, "2": 0.10916580844490216, "3": 0.08537438768369489, "4": 0.06346863468634686, "5": 0.013570822731128074, "6": 0.06529209621993128, "7": 0.04570970328789094, "8": 0.0046430644225188625},
  "recall": 0.06713952584531675,
  "scene_recalls": {"1": 0.06713952584531675},
  "targets_count": 10292,
  "tp_count": 691
}