{
  "gt_count": 10292,
  "mean_obj_recall": 0.16307871571419327,
  "mean_scene_recall": 0.14613291877186163,
  "obj_recalls": {"1": 0.11029411764705882, "2": 0.7363542739443872, "3": 0.4562631210636809, "4": 0.0, "5": 0.0, "6": 0.001718213058419244, "7": 0.0, "8": 0.0},
  "recall": 0.14613291877186163,
  "scene_recalls": {"1": 0.14613291877186163},
  "targets_count": 10292,
  "tp_count": 1504
}