{
  "gt_count": 10292,
  "mean_obj_recall": 0.05693019533004419,
  "mean_scene_recall": 0.05120481927710843,
  "obj_recalls": {"1": 0.0196078431372549, "2": 0.2615859938208033, "3": 0.17424772568229532, "4": 0.0, "5": 0.0, "6": 0.0, "7": 0.0, "8": 0.0},
  "recall": 0.05120481927710843,
  "scene_recalls": {"1": 0.05120481927710843},
  "targets_count": 10292,
  "tp_count": 527
}