{
  "bop19_average_recall": 0.07799520663298355,
  "bop19_average_recall_mspd": 0.10062184220753985,
  "bop19_average_recall_mssd": 0.07875048581422464,
  "bop19_average_recall_vsd": 0.05461329187718616,
  "bop19_average_time_per_image": -1.0
}