{
  "gt_count": 10279,
  "mean_obj_recall": 0.4407154262047681,
  "mean_scene_recall": 0.4916528468767275,
  "obj_recalls": {"1": 0.8562091503267973, "2": 0.466529351184346, "3": 0.37578726382085376, "4": 0.23690036900369005, "5": 0.6310432569974554, "6": 0.552405498281787, "7": 0.0, "8": 0.4068485200232153},
  "recall": 0.4916528468767275,
  "scene_recalls": {"1": 0.4916528468767275},
  "targets_count": 9045,
  "tp_count": 4447
}