{
  "gt_count": 10279,
  "mean_obj_recall": 0.09689961656603174,
  "mean_scene_recall": 0.10978441127694859,
  "obj_recalls": {"1": 0.40604575163398693, "2": 0.0, "3": 0.034289713086074175, "4": 0.0, "5": 0.0729431721798134, "6": 0.16151202749140894, "7": 0.0, "8": 0.1004062681369704},
  "recall": 0.10978441127694859,
  "scene_recalls": {"1": 0.10978441127694859},
  "targets_count": 9045,
  "tp_count": 993
}