{
  "gt_count": 10279,
  "mean_obj_recall": 0.5053262716034415,
  "mean_scene_recall": 0.5574350469872857,
  "obj_recalls": {"1": 0.8733660130718954, "2": 0.729145211122554, "3": 0.390482855143457, "4": 0.34022140221402214, "5": 0.6895674300254453, "6": 0.5798969072164949, "7": 0.0, "8": 0.4399303540336622},
  "recall": 0.5574350469872857,
  "scene_recalls": {"1": 0.5574350469872857},
  "targets_count": 9045,
  "tp_count": 5042
}