{
  "gt_count": 10279,
  "mean_obj_recall": 0.2262973249328533,
  "mean_scene_recall": 0.25771144278606967,
  "obj_recalls": {"1": 0.7107843137254902, "2": 0.026776519052523172, "3": 0.19034289713086075, "4": 0.010332103321033211, "5": 0.24851569126378287, "6": 0.390893470790378, "7": 0.0, "8": 0.232733604178758},
  "recall": 0.25771144278606967,
  "scene_recalls": {"1": 0.25771144278606967},
  "targets_count": 9045,
  "tp_count": 2331
}