{
  "gt_count": 10279,
  "mean_obj_recall": 0.3049731281226465,
  "mean_scene_recall": 0.3447208402432283,
  "obj_recalls": {"1": 0.8022875816993464, "2": 0.13182286302780638, "3": 0.28621413575927224, "4": 0.03911439114391144, "5": 0.3977947413061917, "6": 0.4853951890034364, "7": 0.0, "8": 0.2971561230412072},
  "recall": 0.3447208402432283,
  "scene_recalls": {"1": 0.3447208402432283},
  "targets_count": 9045,
  "tp_count": 3118
}