{
  "gt_count": 10279,
  "mean_obj_recall": 0.5420807386271165,
  "mean_scene_recall": 0.5981205085682698,
  "obj_recalls": {"1": 0.8848039215686274, "2": 0.8362512873326468, "3": 0.3981805458362491, "4": 0.40811808118081183, "5": 0.726039016115352, "6": 0.5893470790378007, "7": 0.0, "8": 0.493905977945444},
  "recall": 0.5981205085682698,
  "scene_recalls": {"1": 0.5981205085682698},
  "targets_count": 9045,
  "tp_count": 5410
}