{
  "gt_count": 10279,
  "mean_obj_recall": 0.4084727825711272,
  "mean_scene_recall": 0.4577114427860697,
  "obj_recalls": {"1": 0.8431372549019608, "2": 0.36560247167868176, "3": 0.36529041287613717, "4": 0.18302583025830257, "5": 0.5843935538592027, "6": 0.5403780068728522, "7": 0.0, "8": 0.3859547301218804},
  "recall": 0.4577114427860697,
  "scene_recalls": {"1": 0.4577114427860697},
  "targets_count": 9045,
  "tp_count": 4140
}