{
  "gt_count": 10292,
  "mean_obj_recall": 0.015730128143141075,
  "mean_scene_recall": 0.014865915273999223,
  "obj_recalls": {"1": 0.10375816993464053, "2": 0.0010298661174047373, "3": 0.0, "4": 0.0014760147601476014, "5": 0.0008481764206955047, "6": 0.01632302405498282, "7": 0.0024057738572574178, "8": 0.0},
  "recall": 0.014865915273999223,
  "scene_recalls": {"1": 0.014865915273999223},
  "targets_count": 10292,
  "tp_count": 153
}