{
  "gt_count": 10292,
  "mean_obj_recall": 0.023610270087706775,
  "mean_scene_recall": 0.022347454333462885,
  "obj_recalls": {"1": 0.1437908496732026, "2": 0.006179196704428424, "3": 0.0, "4": 0.0036900369003690036, "5": 0.002544529262086514, "6": 0.022336769759450172, "7": 0.00801924619085806, "8": 0.0023215322112594312},
  "recall": 0.022347454333462885,
  "scene_recalls": {"1": 0.022347454333462885},
  "targets_count": 10292,
  "tp_count": 230
}