{
  "gt_count": 10292,
  "mean_obj_recall": 0.005035669766188263,
  "mean_scene_recall": 0.0047609794014768754,
  "obj_recalls": {"1": 0.035130718954248366, "2": 0.0, "3": 0.0, "4": 0.0, "5": 0.0, "6": 0.005154639175257732, "7": 0.0, "8": 0.0},
  "recall": 0.0047609794014768754,
  "scene_recalls": {"1": 0.0047609794014768754},
  "targets_count": 10292,
  "tp_count": 49
}