{
  "gt_count": 10292,
  "mean_obj_recall": 0.027787273113439648,
  "mean_scene_recall": 0.026525456665371164,
  "obj_recalls": {"1": 0.15359477124183007, "2": 0.007209062821833162, "3": 0.0, "4": 0.0051660516605166054, "5": 0.005089058524173028, "6": 0.02663230240549828, "7": 0.01764234161988773, "8": 0.006964596633778294},
  "recall": 0.026525456665371164,
  "scene_recalls": {"1": 0.026525456665371164},
  "targets_count": 10292,
  "tp_count": 273
}