{
  "gt_count": 10292,
  "mean_obj_recall": 0.03092243324321302,
  "mean_scene_recall": 0.029537504858142247,
  "obj_recalls": {"1": 0.16584967320261437, "2": 0.009268795056642637, "3": 0.0, "4": 0.006642066420664207, "5": 0.005937234944868533, "6": 0.030927835051546393, "7": 0.020048115477145148, "8": 0.008705745792222866},
  "recall": 0.029537504858142247,
  "scene_recalls": {"1": 0.029537504858142247},
  "targets_count": 10292,
  "tp_count": 304
}