{
  "gt_count": 10292,
  "mean_obj_recall": 0.033867044493349464,
  "mean_scene_recall": 0.03235522736105713,
  "obj_recalls": {"1": 0.16993464052287582, "2": 0.013388259526261586, "3": 0.0, "4": 0.007380073800738007, "5": 0.007633587786259542, "6": 0.03350515463917526, "7": 0.028067361668003207, "8": 0.011027278003482298},
  "recall": 0.03235522736105713,
  "scene_recalls": {"1": 0.03235522736105713},
  "targets_count": 10292,
  "tp_count": 333
}