{
  "gt_count": 10292,
  "mean_obj_recall": 0.01969187331431565,
  "mean_scene_recall": 0.018558103381267003,
  "obj_recalls": {"1": 0.12418300653594772, "2": 0.005149330587023687, "3": 0.0, "4": 0.002214022140221402, "5": 0.0016963528413910093, "6": 0.018900343642611683, "7": 0.0048115477145148355, "8": 0.0005803830528148578},
  "recall": 0.018558103381267003,
  "scene_recalls": {"1": 0.018558103381267003},
  "targets_count": 10292,
  "tp_count": 191
}