{
  "gt_count": 10292,
  "mean_obj_recall": 0.011793810171748706,
  "mean_scene_recall": 0.011173727166731443,
  "obj_recalls": {"1": 0.08169934640522876, "2": 0.0, "3": 0.0, "4": 0.0007380073800738007, "5": 0.0, "6": 0.010309278350515464, "7": 0.0016038492381716118, "8": 0.0},
  "recall": 0.011173727166731443,
  "scene_recalls": {"1": 0.011173727166731443},
  "targets_count": 10292,
  "tp_count": 115
}