{
  "gt_count": 10279,
  "mean_obj_recall": 0.45488301888991767,
  "mean_scene_recall": 0.5025981205085682,
  "obj_recalls": {"1": 0.7189542483660131, "2": 0.5983522142121525, "3": 0.3268019594121763, "4": 0.4664206642066421, "5": 0.7217981340118744, "6": 0.45618556701030927, "7": 0.0, "8": 0.3505513639001741},
  "recall": 0.5025981205085682,
  "scene_recalls": {"1": 0.5025981205085682},
  "targets_count": 9045,
  "tp_count": 4546
}