{
  "gt_count": 10279,
  "mean_obj_recall": 0.22067788091353235,
  "mean_scene_recall": 0.24013266998341626,
  "obj_recalls": {"1": 0.5138888888888888, "2": 0.2760041194644696, "3": 0.22393282015395383, "4": 0.3210332103321033, "5": 0.15182357930449533, "6": 0.24914089347079038, "7": 0.0, "8": 0.02959953569355775},
  "recall": 0.24013266998341626,
  "scene_recalls": {"1": 0.24013266998341626},
  "targets_count": 9045,
  "tp_count": 2172
}