{
  "gt_count": 10279,
  "mean_obj_recall": 0.2760479609842772,
  "mean_scene_recall": 0.3016030956329464,
  "obj_recalls": {"1": 0.5980392156862745, "2": 0.35427394438722964, "3": 0.24142757172848145, "4": 0.3859778597785978, "5": 0.21628498727735368, "6": 0.3247422680412371, "7": 0.0, "8": 0.08763784097504353},
  "recall": 0.3016030956329464,
  "scene_recalls": {"1": 0.3016030956329464},
  "targets_count": 9045,
  "tp_count": 2728
}