{
  "gt_count": 10279,
  "mean_obj_recall": 0.3267458738042247,
  "mean_scene_recall": 0.35831951354339414,
  "obj_recalls": {"1": 0.6544117647058824, "2": 0.4181256436663234, "3": 0.25892232330300907, "4": 0.42435424354243545, "5": 0.3189143341815098, "6": 0.3865979381443299, "7": 0.0, "8": 0.1526407428903076},
  "recall": 0.35831951354339414,
  "scene_recalls": {"1": 0.35831951354339414},
  "targets_count": 9045,
  "tp_count": 3241
}