{
  "gt_count": 10279,
  "mean_obj_recall": 0.4289129520136722,
  "mean_scene_recall": 0.472636815920398,
  "obj_recalls": {"1": 0.7099673202614379, "2": 0.5653964984552008, "3": 0.2988103568929321, "4": 0.4619926199261993, "5": 0.648854961832061, "6": 0.4415807560137457, "7": 0.0, "8": 0.3047011027278003},
  "recall": 0.472636815920398,
  "scene_recalls": {"1": 0.472636815920398},
  "targets_count": 9045,
  "tp_count": 4275
}