{
  "gt_count": 10279,
  "mean_obj_recall": 0.020559181224709244,
  "mean_scene_recall": 0.022996130458817026,
  "obj_recalls": {"1": 0.08415032679738563, "2": 0.010298661174047374, "3": 0.0363890832750175, "4": 0.01845018450184502, "5": 0.0, "6": 0.014604810996563574, "7": 0.0, "8": 0.0005803830528148578},
  "recall": 0.022996130458817026,
  "scene_recalls": {"1": 0.022996130458817026},
  "targets_count": 9045,
  "tp_count": 208
}