{
  "gt_count": 10292,
  "mean_obj_recall": 0.2960882233193335,
  "mean_scene_recall": 0.2884764865915274,
  "obj_recalls": {"1": 0.6674836601307189, "2": 0.17198764160659114, "3": 0.0013995801259622112, "4": 0.14095940959409595, "5": 0.47921967769296014, "6": 0.40463917525773196, "7": 0.23255813953488372, "8": 0.2704585026117237},
  "recall": 0.2884764865915274,
  "scene_recalls": {"1": 0.2884764865915274},
  "targets_count": 10292,
  "tp_count": 2969
}