{
  "gt_count": 10279,
  "mean_obj_recall": 0.26701845587747297,
  "mean_scene_recall": 0.29618573797678277,
  "obj_recalls": {"1": 0.6674836601307189, "2": 0.17198764160659114, "3": 0.0013995801259622112, "4": 0.14095940959409595, "5": 0.47921967769296014, "6": 0.40463917525773196, "7": 0.0, "8": 0.2704585026117237},
  "recall": 0.29618573797678277,
  "scene_recalls": {"1": 0.29618573797678277},
  "targets_count": 9045,
  "tp_count": 2679
}