{
  "gt_count": 10292,
  "mean_obj_recall": 0.07701015258520974,
  "mean_scene_recall": 0.07190050524679363,
  "obj_recalls": {"1": 0.33905228758169936, "2": 0.05458290422245108, "3": 0.0, "4": 0.04870848708487085, "5": 0.04664970313825276, "6": 0.1134020618556701, "7": 0.009623095429029671, "8": 0.004062681369704005},
  "recall": 0.07190050524679363,
  "scene_recalls": {"1": 0.07190050524679363},
  "targets_count": 10292,
  "tp_count": 740
}