{
  "gt_count": 10279,
  "mean_obj_recall": 0.15161769718572798,
  "mean_scene_recall": 0.16451077943615258,
  "obj_recalls": {"1": 0.5326797385620915, "2": 0.08341915550978372, "3": 0.0, "4": 0.0981549815498155, "5": 0.17302798982188294, "6": 0.25601374570446733, "7": 0.0, "8": 0.06964596633778293},
  "recall": 0.16451077943615258,
  "scene_recalls": {"1": 0.16451077943615258},
  "targets_count": 9045,
  "tp_count": 1488
}