{
  "gt_count": 10279,
  "mean_obj_recall": 0.23040929477940042,
  "mean_scene_recall": 0.2549474847982311,
  "obj_recalls": {"1": 0.6421568627450981, "2": 0.13182286302780638, "3": 0.0, "4": 0.12841328413284134, "5": 0.35793044953350295, "6": 0.37285223367697595, "7": 0.0, "8": 0.21009866511897854},
  "recall": 0.2549474847982311,
  "scene_recalls": {"1": 0.2549474847982311},
  "targets_count": 9045,
  "tp_count": 2306
}