{
  "gt_count": 10292,
  "mean_obj_recall": 0.3267183377416988,
  "mean_scene_recall": 0.31908278274387875,
  "obj_recalls": {"1": 0.6830065359477124, "2": 0.223480947476828, "3": 0.0013995801259622112, "4": 0.15350553505535056, "5": 0.5521628498727735, "6": 0.4115120274914089, "7": 0.2590216519647153, "8": 0.3296575739988392},
  "recall": 0.31908278274387875,
  "scene_recalls": {"1": 0.31908278274387875},
  "targets_count": 10292,
  "tp_count": 3284
}