{
  "gt_count": 10279,
  "mean_obj_recall": 0.2943406312461093,
  "mean_scene_recall": 0.32736318407960197,
  "obj_recalls": {"1": 0.6830065359477124, "2": 0.223480947476828, "3": 0.0013995801259622112, "4": 0.15350553505535056, "5": 0.5521628498727735, "6": 0.4115120274914089, "7": 0.0, "8": 0.3296575739988392},
  "recall": 0.32736318407960197,
  "scene_recalls": {"1": 0.32736318407960197},
  "targets_count": 9045,
  "tp_count": 2961
}