{
  "gt_count": 10279,
  "mean_obj_recall": 0.19064661608192643,
  "mean_scene_recall": 0.20950801547816472,
  "obj_recalls": {"1": 0.5915032679738562, "2": 0.10092687950566426, "3": 0.0, "4": 0.11808118081180811, "5": 0.26123833757421544, "6": 0.31529209621993126, "7": 0.0, "8": 0.13813116656993615},
  "recall": 0.20950801547816472,
  "scene_recalls": {"1": 0.20950801547816472},
  "targets_count": 9045,
  "tp_count": 1895
}