{
  "gt_count": 10292,
  "mean_obj_recall": 0.12265257975912977,
  "mean_scene_recall": 0.1155266226195103,
  "obj_recalls": {"1": 0.46895424836601307, "2": 0.07106076210092688, "3": 0.0, "4": 0.07601476014760147, "5": 0.1102629346904156, "6": 0.18213058419243985, "7": 0.05132317562149158, "8": 0.021474172954149738},
  "recall": 0.1155266226195103,
  "scene_recalls": {"1": 0.1155266226195103},
  "targets_count": 10292,
  "tp_count": 1189
}