{
  "gt_count": 10292,
  "mean_obj_recall": 0.03619242112115925,
  "mean_scene_recall": 0.03381267003497863,
  "obj_recalls": {"1": 0.190359477124183, "2": 0.01956745623069001, "3": 0.0, "4": 0.016974169741697416, "5": 0.005937234944868533, "6": 0.05670103092783505, "7": 0.0, "8": 0.0},
  "recall": 0.03381267003497863,
  "scene_recalls": {"1": 0.03381267003497863},
  "targets_count": 10292,
  "tp_count": 348
}