{
  "gt_count": 10292,
  "mean_obj_recall": 0.255770160857989,
  "mean_scene_recall": 0.2486397201710066,
  "obj_recalls": {"1": 0.6421568627450981, "2": 0.13182286302780638, "3": 0.0, "4": 0.12841328413284134, "5": 0.35793044953350295, "6": 0.37285223367697595, "7": 0.2028869286287089, "8": 0.21009866511897854},
  "recall": 0.2486397201710066,
  "scene_recalls": {"1": 0.2486397201710066},
  "targets_count": 10292,
  "tp_count": 2559
}