{
  "bop19_average_recall": 0.24843600207280736,
  "bop19_average_recall_mspd": 0.38600855033035364,
  "bop19_average_recall_mssd": 0.2331616789739604,
  "bop19_average_recall_vsd": 0.12613777691410805,
  "bop19_average_time_per_image": -1.0
}