{
  "gt_count": 10292,
  "mean_obj_recall": 0.04214214188191257,
  "mean_scene_recall": 0.0394481150408084,
  "obj_recalls": {"1": 0.20588235294117646, "2": 0.061791967044284246, "3": 0.04478656403079076, "4": 0.002214022140221402, "5": 0.004240882103477523, "6": 0.012027491408934709, "7": 0.0056134723336006415, "8": 0.0005803830528148578},
  "recall": 0.0394481150408084,
  "scene_recalls": {"1": 0.0394481150408084},
  "targets_count": 10292,
  "tp_count": 406
}