{
  "gt_count": 10292,
  "mean_obj_recall": 0.029277599675239015,
  "mean_scene_recall": 0.027594247959580258,
  "obj_recalls": {"1": 0.16094771241830066, "2": 0.032955715756951595, "3": 0.02939118264520644, "4": 0.0014760147601476014, "5": 0.0, "6": 0.009450171821305841, "7": 0.0, "8": 0.0},
  "recall": 0.027594247959580258,
  "scene_recalls": {"1": 0.027594247959580258},
  "targets_count": 10292,
  "tp_count": 284
}