{
  "gt_count": 10292,
  "mean_obj_recall": 0.018419560869907176,
  "mean_scene_recall": 0.01739214924212981,
  "obj_recalls": {"1": 0.1323529411764706, "2": 0.007209062821833162, "3": 0.0034989503149055285, "4": 0.0, "5": 0.0, "6": 0.00429553264604811, "7": 0.0, "8": 0.0},
  "recall": 0.01739214924212981,
  "scene_recalls": {"1": 0.01739214924212981},
  "targets_count": 10292,
  "tp_count": 179
}