{
  "gt_count": 10292,
  "mean_obj_recall": 0.10186974763097405,
  "mean_scene_recall": 0.0955110765643218,
  "obj_recalls": {"1": 0.3839869281045752, "2": 0.13697219361483007, "3": 0.05948215535339398, "4": 0.025830258302583026, "5": 0.061068702290076333, "6": 0.03264604810996564, "7": 0.10104250200481155, "8": 0.013929193267556587},
  "recall": 0.0955110765643218,
  "scene_recalls": {"1": 0.0955110765643218},
  "targets_count": 10292,
  "tp_count": 983
}