{
  "gt_count": 10292,
  "mean_obj_recall": 0.11459388000481346,
  "mean_scene_recall": 0.10746210649047803,
  "obj_recalls": {"1": 0.3937908496732026, "2": 0.15036045314109167, "3": 0.0622813156053184, "4": 0.03025830258302583, "5": 0.10517387616624257, "6": 0.0352233676975945, "7": 0.1210906174819567, "8": 0.01857225769007545},
  "recall": 0.10746210649047803,
  "scene_recalls": {"1": 0.10746210649047803},
  "targets_count": 10292,
  "tp_count": 1106
}