{
  "gt_count": 10292,
  "mean_obj_recall": 0.0840965298957703,
  "mean_scene_recall": 0.07860474154683249,
  "obj_recalls": {"1": 0.34967320261437906, "2": 0.12255406797116375, "3": 0.055283414975507345, "4": 0.01992619926199262, "5": 0.019508057675996608, "6": 0.027491408934707903, "7": 0.07137129109863673, "8": 0.006964596633778294},
  "recall": 0.07860474154683249,
  "scene_recalls": {"1": 0.07860474154683249},
  "targets_count": 10292,
  "tp_count": 809
}