{
  "gt_count": 10292,
  "mean_obj_recall": 0.07056444122920794,
  "mean_scene_recall": 0.06577924601632336,
  "obj_recalls": {"1": 0.3137254901960784, "2": 0.10813594232749743, "3": 0.05318404478656403, "4": 0.013284132841328414, "5": 0.011874469889737066, "6": 0.022336769759450172, "7": 0.038492381716118684, "8": 0.003482298316889147},
  "recall": 0.06577924601632336,
  "scene_recalls": {"1": 0.06577924601632336},
  "targets_count": 10292,
  "tp_count": 677
}