{
  "gt_count": 10292,
  "mean_obj_recall": 0.05562205417121016,
  "mean_scene_recall": 0.05188495919160513,
  "obj_recalls": {"1": 0.2540849673202614, "2": 0.08341915550978372, "3": 0.0489853044086774, "4": 0.006642066420664207, "5": 0.009329940627650551, "6": 0.018900343642611683, "7": 0.022453889334402566, "8": 0.0011607661056297156},
  "recall": 0.05188495919160513,
  "scene_recalls": {"1": 0.05188495919160513},
  "targets_count": 10292,
  "tp_count": 534
}