{
  "gt_count": 10292,
  "mean_obj_recall": 0.12098013011984682,
  "mean_scene_recall": 0.11387485425573261,
  "obj_recalls": {"1": 0.39950980392156865, "2": 0.15859938208032956, "3": 0.06857942617214835, "4": 0.035424354243542434, "5": 0.11280746395250212, "6": 0.03951890034364261, "7": 0.12670408981555734, "8": 0.026697620429483458},
  "recall": 0.11387485425573261,
  "scene_recalls": {"1": 0.11387485425573261},
  "targets_count": 10292,
  "tp_count": 1172
}