{
  "gt_count": 10292,
  "mean_obj_recall": 0.10574817137386833,
  "mean_scene_recall": 0.09764865915273999,
  "obj_recalls": {"1": 0.2704248366013072, "2": 0.2070030895983522, "3": 0.06018194541637509, "4": 0.06937269372693727, "5": 0.0737913486005089, "6": 0.06013745704467354, "7": 0.0946271050521251, "8": 0.01044689495066744},
  "recall": 0.09764865915273999,
  "scene_recalls": {"1": 0.09764865915273999},
  "targets_count": 10292,
  "tp_count": 1005
}