{
  "gt_count": 10292,
  "mean_obj_recall": 0.01793214142949232,
  "mean_scene_recall": 0.016323357947920714,
  "obj_recalls": {"1": 0.09803921568627451, "2": 0.035015447991761074, "3": 0.002099370188943317, "4": 0.006642066420664207, "5": 0.0, "6": 0.000859106529209622, "7": 0.0008019246190858059, "8": 0.0},
  "recall": 0.016323357947920714,
  "scene_recalls": {"1": 0.016323357947920714},
  "targets_count": 10292,
  "tp_count": 168
}