{
  "gt_count": 10292,
  "mean_obj_recall": 0.0927060420215219,
  "mean_scene_recall": 0.08550330353672755,
  "obj_recalls": {"1": 0.25, "2": 0.19361483007209063, "3": 0.05668299510146956, "4": 0.06863468634686347, "5": 0.035623409669211195, "6": 0.048109965635738834, "7": 0.08259823576583801, "8": 0.006384213580963436},
  "recall": 0.08550330353672755,
  "scene_recalls": {"1": 0.08550330353672755},
  "targets_count": 10292,
  "tp_count": 880
}