{
  "gt_count": 10292,
  "mean_obj_recall": 0.0659160162704961,
  "mean_scene_recall": 0.060046638165565484,
  "obj_recalls": {"1": 0.20506535947712418, "2": 0.16683831101956745, "3": 0.04198740377886634, "4": 0.055350553505535055, "5": 0.01272264631043257, "6": 0.018900343642611683, "7": 0.026463512429831595, "8": 0.0},
  "recall": 0.060046638165565484,
  "scene_recalls": {"1": 0.060046638165565484},
  "targets_count": 10292,
  "tp_count": 618
}