{
  "gt_count": 10292,
  "mean_obj_recall": 0.1250423242992073,
  "mean_scene_recall": 0.1160124368441508,
  "obj_recalls": {"1": 0.2875816993464052, "2": 0.22760041194644695, "3": 0.06997900629811056, "4": 0.07232472324723248, "5": 0.12044105173876166, "6": 0.08247422680412371, "7": 0.11788291900561347, "8": 0.022054556006964595},
  "recall": 0.1160124368441508,
  "scene_recalls": {"1": 0.1160124368441508},
  "targets_count": 10292,
  "tp_count": 1194
}