{
  "gt_count": 10292,
  "mean_obj_recall": 0.0808609184005261,
  "mean_scene_recall": 0.07413525068013992,
  "obj_recalls": {"1": 0.2246732026143791, "2": 0.184346035015448, "3": 0.04828551434569629, "4": 0.06420664206642067, "5": 0.02544529262086514, "6": 0.03608247422680412, "7": 0.06094627105052125, "8": 0.002901915264074289},
  "recall": 0.07413525068013992,
  "scene_recalls": {"1": 0.07413525068013992},
  "targets_count": 10292,
  "tp_count": 763
}