{
  "gt_count": 10292,
  "mean_obj_recall": 0.05233040342459636,
  "mean_scene_recall": 0.04809560823940925,
  "obj_recalls": {"1": 0.1781045751633987, "2": 0.12358393408856849, "3": 0.03918824352694192, "4": 0.047232472324723246, "5": 0.008481764206955046, "6": 0.006013745704467354, "7": 0.01603849238171612, "8": 0.0},
  "recall": 0.04809560823940925,
  "scene_recalls": {"1": 0.04809560823940925},
  "targets_count": 10292,
  "tp_count": 495
}