{
  "gt_count": 10292,
  "mean_obj_recall": 0.03723813166331236,
  "mean_scene_recall": 0.033909832879906725,
  "obj_recalls": {"1": 0.13970588235294118, "2": 0.09474768280123584, "3": 0.02589223233030091, "4": 0.023616236162361623, "5": 0.002544529262086514, "6": 0.002577319587628866, "7": 0.008821170809943865, "8": 0.0},
  "recall": 0.033909832879906725,
  "scene_recalls": {"1": 0.033909832879906725},
  "targets_count": 10292,
  "tp_count": 349
}