{
  "gt_count": 10292,
  "mean_obj_recall": 0.11770305710925119,
  "mean_scene_recall": 0.10911387485425574,
  "obj_recalls": {"1": 0.28104575163398693, "2": 0.21524201853759012, "3": 0.06368089573128062, "4": 0.07158671586715867, "5": 0.1102629346904156, "6": 0.07560137457044673, "7": 0.10505212510024058, "8": 0.019152640742890307},
  "recall": 0.10911387485425574,
  "scene_recalls": {"1": 0.10911387485425574},
  "targets_count": 10292,
  "tp_count": 1123
}