{
  "gt_count": 10292,
  "mean_obj_recall": 0.25652204620777924,
  "mean_scene_recall": 0.2527205596579868,
  "obj_recalls": {"1": 0.511437908496732, "2": 0.14933058702368693, "3": 0.03988803358992302, "4": 0.013284132841328414, "5": 0.549618320610687, "6": 0.14518900343642613, "7": 0.35846030473135526, "8": 0.2849680789320952},
  "recall": 0.2527205596579868,
  "scene_recalls": {"1": 0.2527205596579868},
  "targets_count": 10292,
  "tp_count": 2601
}