{
  "gt_count": 10292,
  "mean_obj_recall": 0.2794428401085711,
  "mean_scene_recall": 0.27477652545666537,
  "obj_recalls": {"1": 0.5334967320261438, "2": 0.18949536560247168, "3": 0.04478656403079076, "4": 0.016236162361623615, "5": 0.5962680237489398, "6": 0.16494845360824742, "7": 0.3769045709703288, "8": 0.3134068485200232},
  "recall": 0.27477652545666537,
  "scene_recalls": {"1": 0.27477652545666537},
  "targets_count": 10292,
  "tp_count": 2828
}