{
  "gt_count": 10292,
  "mean_obj_recall": 0.3062857055198439,
  "mean_scene_recall": 0.30101049358725224,
  "obj_recalls": {"1": 0.5637254901960784, "2": 0.23583934088568487, "3": 0.05038488453463961, "4": 0.028044280442804426, "5": 0.6276505513146734, "6": 0.19072164948453607, "7": 0.4033680834001604, "8": 0.3505513639001741},
  "recall": 0.30101049358725224,
  "scene_recalls": {"1": 0.30101049358725224},
  "targets_count": 10292,
  "tp_count": 3098
}