{
  "gt_count": 10292,
  "mean_obj_recall": 0.22331725363568777,
  "mean_scene_recall": 0.22026816945200156,
  "obj_recalls": {"1": 0.47467320261437906, "2": 0.09680741503604531, "3": 0.030090972708187544, "4": 0.0051660516605166054, "5": 0.4860050890585242, "6": 0.12027491408934708, "7": 0.33440256615878106, "8": 0.2391178177597214},
  "recall": 0.22026816945200156,
  "scene_recalls": {"1": 0.22026816945200156},
  "targets_count": 10292,
  "tp_count": 2267
}