{
  "gt_count": 10279,
  "mean_obj_recall": 0.00207634439947555,
  "mean_scene_recall": 0.002321724709784411,
  "obj_recalls": {"1": 0.013071895424836602, "2": 0.0, "3": 0.002099370188943317, "4": 0.0, "5": 0.0, "6": 0.000859106529209622, "7": 0.0, "8": 0.0005803830528148578},
  "recall": 0.002321724709784411,
  "scene_recalls": {"1": 0.002321724709784411},
  "targets_count": 9045,
  "tp_count": 21
}