{
  "gt_count": 10279,
  "mean_obj_recall": 0.006542675191734064,
  "mean_scene_recall": 0.0076285240464344945,
  "obj_recalls": {"1": 0.021241830065359478, "2": 0.003089598352214212, "3": 0.021693491952414275, "4": 0.0, "5": 0.0016963528413910093, "6": 0.001718213058419244, "7": 0.0, "8": 0.002901915264074289},
  "recall": 0.0076285240464344945,
  "scene_recalls": {"1": 0.0076285240464344945},
  "targets_count": 9045,
  "tp_count": 69
}