{
  "gt_count": 10279,
  "mean_obj_recall": 0.0005685183715006392,
  "mean_scene_recall": 0.0006633499170812604,
  "obj_recalls": {"1": 0.0032679738562091504, "2": 0.0, "3": 0.0006997900629811056, "4": 0.0, "5": 0.0, "6": 0.0, "7": 0.0, "8": 0.0005803830528148578},
  "recall": 0.0006633499170812604,
  "scene_recalls": {"1": 0.0006633499170812604},
  "targets_count": 9045,
  "tp_count": 6
}