{
  "gt_count": 10292,
  "mean_obj_recall": 0.35511570096107203,
  "mean_scene_recall": 0.3475514963078119,
  "obj_recalls": {"1": 0.6388888888888888, "2": 0.22451081359423275, "3": 0.23163051084674596, "4": 0.3011070110701107, "5": 0.40542832909245125, "6": 0.3848797250859107, "7": 0.45308740978348033, "8": 0.20139291932675565},
  "recall": 0.3475514963078119,
  "scene_recalls": {"1": 0.3475514963078119},
  "targets_count": 10292,
  "tp_count": 3577
}