{
  "gt_count": 10292,
  "mean_obj_recall": 0.30525132598423144,
  "mean_scene_recall": 0.2976097940147687,
  "obj_recalls": {"1": 0.5923202614379085, "2": 0.19258496395468588, "3": 0.21973407977606718, "4": 0.27084870848708487, "5": 0.27565733672603904, "6": 0.3548109965635739, "7": 0.4025661587810746, "8": 0.1334881021474173},
  "recall": 0.2976097940147687,
  "scene_recalls": {"1": 0.2976097940147687},
  "targets_count": 10292,
  "tp_count": 3063
}