{
  "gt_count": 10292,
  "mean_obj_recall": 0.42837807147940304,
  "mean_scene_recall": 0.4201321414691022,
  "obj_recalls": {"1": 0.6683006535947712, "2": 0.32852729145211124, "3": 0.2624212736179146, "4": 0.33431734317343176, "5": 0.5894826123833757, "6": 0.4054982817869416, "7": 0.5308740978348035, "8": 0.3076030179918746},
  "recall": 0.4201321414691022,
  "scene_recalls": {"1": 0.4201321414691022},
  "targets_count": 10292,
  "tp_count": 4324
}