{
  "gt_count": 10292,
  "mean_obj_recall": 0.018528158433244925,
  "mean_scene_recall": 0.018266614846482704,
  "obj_recalls": {"1": 0.08006535947712418, "2": 0.004119464469618949, "3": 0.02939118264520644, "4": 0.014022140221402213, "5": 0.0, "6": 0.012027491408934709, "7": 0.00801924619085806, "8": 0.0005803830528148578},
  "recall": 0.018266614846482704,
  "scene_recalls": {"1": 0.018266614846482704},
  "targets_count": 10292,
  "tp_count": 188
}