{
  "gt_count": 10292,
  "mean_obj_recall": 0.19919440331327257,
  "mean_scene_recall": 0.1924795958025651,
  "obj_recalls": {"1": 0.47467320261437906, "2": 0.12873326467559218, "3": 0.19174247725682295, "4": 0.1985239852398524, "5": 0.13655640373197625, "6": 0.23797250859106528, "7": 0.19807538091419408, "8": 0.027278003482298318},
  "recall": 0.1924795958025651,
  "scene_recalls": {"1": 0.1924795958025651},
  "targets_count": 10292,
  "tp_count": 1981
}