{
  "gt_count": 10279,
  "mean_obj_recall": 0.15729954102208055,
  "mean_scene_recall": 0.17877280265339968,
  "obj_recalls": {"1": 0.6127450980392157, "2": 0.013388259526261586, "3": 0.10986703988803359, "4": 0.012546125461254613, "5": 0.08057675996607294, "6": 0.2766323024054983, "7": 0.0, "8": 0.1526407428903076},
  "recall": 0.17877280265339968,
  "scene_recalls": {"1": 0.17877280265339968},
  "targets_count": 9045,
  "tp_count": 1617
}