{
  "gt_count": 10279,
  "mean_obj_recall": 0.13750065091117677,
  "mean_scene_recall": 0.15544499723604202,
  "obj_recalls": {"1": 0.5898692810457516, "2": 0.01132852729145211, "3": 0.10356892932120364, "4": 0.008118081180811807, "5": 0.05173876166242578, "6": 0.22336769759450173, "7": 0.0, "8": 0.11201392919326755},
  "recall": 0.15544499723604202,
  "scene_recalls": {"1": 0.15544499723604202},
  "targets_count": 9045,
  "tp_count": 1406
}