{
  "gt_count": 10292,
  "mean_obj_recall": 0.19911246922765735,
  "mean_scene_recall": 0.19976680917217257,
  "obj_recalls": {"1": 0.6511437908496732, "2": 0.021627188465499485, "3": 0.12386284114765571, "4": 0.020664206642066422, "5": 0.1620016963528414, "6": 0.3290378006872852, "7": 0.06575781876503609, "8": 0.2188044109112014},
  "recall": 0.19976680917217257,
  "scene_recalls": {"1": 0.19976680917217257},
  "targets_count": 10292,
  "tp_count": 2056
}