{
  "gt_count": 10292,
  "mean_obj_recall": 0.04074452012498026,
  "mean_scene_recall": 0.03964244073066459,
  "obj_recalls": {"1": 0.2222222222222222, "2": 0.004119464469618949, "3": 0.05318404478656403, "4": 0.0014760147601476014, "5": 0.0033927056827820186, "6": 0.03865979381443299, "7": 0.0, "8": 0.002901915264074289},
  "recall": 0.03964244073066459,
  "scene_recalls": {"1": 0.03964244073066459},
  "targets_count": 10292,
  "tp_count": 408
}