{
  "gt_count": 10292,
  "mean_obj_recall": 0.09412030955254529,
  "mean_scene_recall": 0.09240186552662262,
  "obj_recalls": {"1": 0.47549019607843135, "2": 0.007209062821833162, "3": 0.08187543736878937, "4": 0.0051660516605166054, "5": 0.02205258693808312, "6": 0.11683848797250859, "7": 0.0008019246190858059, "8": 0.04352872896111434},
  "recall": 0.09240186552662262,
  "scene_recalls": {"1": 0.09240186552662262},
  "targets_count": 10292,
  "tp_count": 951
}