{
  "gt_count": 10279,
  "mean_obj_recall": 0.19089274188202787,
  "mean_scene_recall": 0.21824212271973467,
  "obj_recalls": {"1": 0.6511437908496732, "2": 0.021627188465499485, "3": 0.12386284114765571, "4": 0.020664206642066422, "5": 0.1620016963528414, "6": 0.3290378006872852, "7": 0.0, "8": 0.2188044109112014},
  "recall": 0.21824212271973467,
  "scene_recalls": {"1": 0.21824212271973467},
  "targets_count": 9045,
  "tp_count": 1974
}