{
  "gt_count": 10279,
  "mean_obj_recall": 0.09402006897515956,
  "mean_scene_recall": 0.10503040353786622,
  "obj_recalls": {"1": 0.47549019607843135, "2": 0.007209062821833162, "3": 0.08187543736878937, "4": 0.0051660516605166054, "5": 0.02205258693808312, "6": 0.11683848797250859, "7": 0.0, "8": 0.04352872896111434},
  "recall": 0.10503040353786622,
  "scene_recalls": {"1": 0.10503040353786622},
  "targets_count": 9045,
  "tp_count": 950
}