{
  "gt_count": 10279,
  "mean_obj_recall": 0.11765122422935229,
  "mean_scene_recall": 0.13255942509673854,
  "obj_recalls": {"1": 0.5588235294117647, "2": 0.007209062821833162, "3": 0.09587123862841147, "4": 0.006642066420664207, "5": 0.03307888040712468, "6": 0.16065292096219932, "7": 0.0, "8": 0.07893209518282066},
  "recall": 0.13255942509673854,
  "scene_recalls": {"1": 0.13255942509673854},
  "targets_count": 9045,
  "tp_count": 1199
}