{
  "gt_count": 10279,
  "mean_obj_recall": 0.34096479010147684,
  "mean_scene_recall": 0.3743504698728579,
  "obj_recalls": {"1": 0.8047385620915033, "2": 0.3831101956745623, "3": 0.2827151854443667, "4": 0.42583025830258303, "5": 0.22985581000848176, "6": 0.4639175257731959, "7": 0.0, "8": 0.1375507835171213},
  "recall": 0.3743504698728579,
  "scene_recalls": {"1": 0.3743504698728579},
  "targets_count": 9045,
  "tp_count": 3386
}