{
  "gt_count": 10279,
  "mean_obj_recall": 0.2599108661610803,
  "mean_scene_recall": 0.28446655610834715,
  "obj_recalls": {"1": 0.6805555555555556, "2": 0.2760041194644696, "3": 0.244926522043387, "4": 0.3047970479704797, "5": 0.1628498727735369, "6": 0.3393470790378007, "7": 0.0, "8": 0.07080673244341265},
  "recall": 0.28446655610834715,
  "scene_recalls": {"1": 0.28446655610834715},
  "targets_count": 9045,
  "tp_count": 2573
}