{
  "gt_count": 10279,
  "mean_obj_recall": 0.03876215900430453,
  "mean_scene_recall": 0.04245439469320066,
  "obj_recalls": {"1": 0.18137254901960784, "2": 0.010298661174047374, "3": 0.02729181245626312, "4": 0.03616236162361624, "5": 0.0008481764206955047, "6": 0.05412371134020619, "7": 0.0, "8": 0.0},
  "recall": 0.04245439469320066,
  "scene_recalls": {"1": 0.04245439469320066},
  "targets_count": 9045,
  "tp_count": 384
}