{
  "gt_count": 10279,
  "mean_obj_recall": 0.46635573727599394,
  "mean_scene_recall": 0.5165284687672748,
  "obj_recalls": {"1": 0.9133986928104575, "2": 0.5303810504634398, "3": 0.35269419174247724, "4": 0.5321033210332103, "5": 0.48091603053435117, "6": 0.6091065292096219, "7": 0.0, "8": 0.3122460824143935},
  "recall": 0.5165284687672748,
  "scene_recalls": {"1": 0.5165284687672748},
  "targets_count": 9045,
  "tp_count": 4672
}