{
  "gt_count": 10279,
  "mean_obj_recall": 0.5178439917033375,
  "mean_scene_recall": 0.5737976782752903,
  "obj_recalls": {"1": 0.923202614379085, "2": 0.611740473738414, "3": 0.3925822253324003, "4": 0.5594095940959409, "5": 0.6480067854113656, "6": 0.6323024054982818, "7": 0.0, "8": 0.375507835171213},
  "recall": 0.5737976782752903,
  "scene_recalls": {"1": 0.5737976782752903},
  "targets_count": 9045,
  "tp_count": 5190
}