{
  "gt_count": 10279,
  "mean_obj_recall": 0.5540173070398801,
  "mean_scene_recall": 0.6151464897733554,
  "obj_recalls": {"1": 0.934640522875817, "2": 0.6725025746652935, "3": 0.44016794961511546, "4": 0.5771217712177121, "5": 0.7184054283290925, "6": 0.6580756013745704, "7": 0.0, "8": 0.4312246082414393},
  "recall": 0.6151464897733554,
  "scene_recalls": {"1": 0.6151464897733554},
  "targets_count": 9045,
  "tp_count": 5564
}