{
  "gt_count": 10279,
  "mean_obj_recall": 0.10499414770557898,
  "mean_scene_recall": 0.11420674405749033,
  "obj_recalls": {"1": 0.33169934640522875, "2": 0.10401647785787847, "3": 0.13086074177746676, "4": 0.0981549815498155, "5": 0.027989821882951654, "6": 0.14432989690721648, "7": 0.0, "8": 0.002901915264074289},
  "recall": 0.11420674405749033,
  "scene_recalls": {"1": 0.11420674405749033},
  "targets_count": 9045,
  "tp_count": 1033
}