{
  "gt_count": 10292,
  "mean_obj_recall": 0.03987595526349762,
  "mean_scene_recall": 0.037699183832102606,
  "obj_recalls": {"1": 0.19281045751633988, "2": 0.026776519052523172, "3": 0.021693491952414275, "4": 0.0051660516605166054, "5": 0.010178117048346057, "6": 0.02491408934707904, "7": 0.03688853247794707, "8": 0.0005803830528148578},
  "recall": 0.037699183832102606,
  "scene_recalls": {"1": 0.037699183832102606},
  "targets_count": 10292,
  "tp_count": 388
}