{
  "gt_count": 10292,
  "mean_obj_recall": 0.01887855168040443,
  "mean_scene_recall": 0.018072289156626505,
  "obj_recalls": {"1": 0.09313725490196079, "2": 0.01132852729145211, "3": 0.020293911826452064, "4": 0.0014760147601476014, "5": 0.005089058524173028, "6": 0.006872852233676976, "7": 0.012830793905372895, "8": 0.0},
  "recall": 0.018072289156626505,
  "scene_recalls": {"1": 0.018072289156626505},
  "targets_count": 10292,
  "tp_count": 186
}