{
  "gt_count": 10292,
  "mean_obj_recall": 0.04854488944137633,
  "mean_scene_recall": 0.046055188495919164,
  "obj_recalls": {"1": 0.2238562091503268, "2": 0.028836251287332648, "3": 0.0244926522043387, "4": 0.008118081180811807, "5": 0.024597116200169637, "6": 0.03006872852233677, "7": 0.04490777866880513, "8": 0.003482298316889147},
  "recall": 0.046055188495919164,
  "scene_recalls": {"1": 0.046055188495919164},
  "targets_count": 10292,
  "tp_count": 474
}