{
  "gt_count": 10292,
  "mean_obj_recall": 0.05284509585273243,
  "mean_scene_recall": 0.05013602798289934,
  "obj_recalls": {"1": 0.23284313725490197, "2": 0.032955715756951595, "3": 0.028691392582225334, "4": 0.008856088560885609, "5": 0.031382527565733676, "6": 0.03264604810996564, "7": 0.05132317562149158, "8": 0.004062681369704005},
  "recall": 0.05013602798289934,
  "scene_recalls": {"1": 0.05013602798289934},
  "targets_count": 10292,
  "tp_count": 516
}