{
  "gt_count": 10292,
  "mean_obj_recall": 0.04495396977385492,
  "mean_scene_recall": 0.04255732607850758,
  "obj_recalls": {"1": 0.21405228758169934, "2": 0.028836251287332648, "3": 0.0244926522043387, "4": 0.006642066420664207, "5": 0.016115351993214587, "6": 0.02663230240549828, "7": 0.04170008019246191, "8": 0.0011607661056297156},
  "recall": 0.04255732607850758,
  "scene_recalls": {"1": 0.04255732607850758},
  "targets_count": 10292,
  "tp_count": 438
}