{
  "gt_count": 10292,
  "mean_obj_recall": 0.008935003731764682,
  "mean_scene_recall": 0.008647493198600855,
  "obj_recalls": {"1": 0.04738562091503268, "2": 0.003089598352214212, "3": 0.012596221133659902, "4": 0.0, "5": 0.0008481764206955047, "6": 0.005154639175257732, "7": 0.0024057738572574178, "8": 0.0},
  "recall": 0.008647493198600855,
  "scene_recalls": {"1": 0.008647493198600855},
  "targets_count": 10292,
  "tp_count": 89
}