{
  "gt_count": 10292,
  "mean_obj_recall": 0.05550263605287768,
  "mean_scene_recall": 0.05266226195102992,
  "obj_recalls": {"1": 0.2369281045751634, "2": 0.035015447991761074, "3": 0.03079076277116865, "4": 0.00959409594095941, "5": 0.03477523324851569, "6": 0.036941580756013746, "7": 0.05533279871692061, "8": 0.0046430644225188625},
  "recall": 0.05266226195102992,
  "scene_recalls": {"1": 0.05266226195102992},
  "targets_count": 10292,
  "tp_count": 542
}