{
  "gt_count": 10292,
  "mean_obj_recall": 0.0315274756214366,
  "mean_scene_recall": 0.029926156237854645,
  "obj_recalls": {"1": 0.1527777777777778, "2": 0.017507723995880537, "3": 0.021693491952414275, "4": 0.002214022140221402, "5": 0.008481764206955046, "6": 0.02147766323024055, "7": 0.028067361668003207, "8": 0.0},
  "recall": 0.029926156237854645,
  "scene_recalls": {"1": 0.029926156237854645},
  "targets_count": 10292,
  "tp_count": 308
}