{
  "gt_count": 10279,
  "mean_obj_recall": 0.01144558176119033,
  "mean_scene_recall": 0.012493090105030403,
  "obj_recalls": {"1": 0.049019607843137254, "2": 0.008238928939237899, "3": 0.012596221133659902, "4": 0.008856088560885609, "5": 0.002544529262086514, "6": 0.010309278350515464, "7": 0.0, "8": 0.0},
  "recall": 0.012493090105030403,
  "scene_recalls": {"1": 0.012493090105030403},
  "targets_count": 9045,
  "tp_count": 113
}