{
  "gt_count": 10279,
  "mean_obj_recall": 0.2653156719276356,
  "mean_scene_recall": 0.2954118297401879,
  "obj_recalls": {"1": 0.579248366013072, "2": 0.28321318228630277, "3": 0.11056682995101469, "4": 0.08634686346863468, "5": 0.5606446140797285, "6": 0.2036082474226804, "7": 0.0, "8": 0.2988972721996518},
  "recall": 0.2954118297401879,
  "scene_recalls": {"1": 0.2954118297401879},
  "targets_count": 9045,
  "tp_count": 2672
}