{
  "gt_count": 10279,
  "mean_obj_recall": 0.1552982397390424,
  "mean_scene_recall": 0.1676064123825318,
  "obj_recalls": {"1": 0.48447712418300654, "2": 0.20185375901132852, "3": 0.09587123862841147, "4": 0.05608856088560885, "5": 0.20525869380831213, "6": 0.12628865979381443, "7": 0.0, "8": 0.07254788160185723},
  "recall": 0.1676064123825318,
  "scene_recalls": {"1": 0.1676064123825318},
  "targets_count": 9045,
  "tp_count": 1516
}