{
  "gt_count": 10292,
  "mean_obj_recall": 0.3220518387279564,
  "mean_scene_recall": 0.3146132918771862,
  "obj_recalls": {"1": 0.579248366013072, "2": 0.28321318228630277, "3": 0.11056682995101469, "4": 0.08634686346863468, "5": 0.5606446140797285, "6": 0.2036082474226804, "7": 0.4538893344025662, "8": 0.2988972721996518},
  "recall": 0.3146132918771862,
  "scene_recalls": {"1": 0.3146132918771862},
  "targets_count": 10292,
  "tp_count": 3238
}