{
  "gt_count": 10279,
  "mean_obj_recall": 0.07800925511611345,
  "mean_scene_recall": 0.08512990602542841,
  "obj_recalls": {"1": 0.2883986928104575, "2": 0.04840370751802266, "3": 0.08467459762071379, "4": 0.03911439114391144, "5": 0.09923664122137404, "6": 0.05670103092783505, "7": 0.0, "8": 0.0075449796865931515},
  "recall": 0.08512990602542841,
  "scene_recalls": {"1": 0.08512990602542841},
  "targets_count": 9045,
  "tp_count": 770
}