{
  "gt_count": 10292,
  "mean_obj_recall": 0.24058287495514277,
  "mean_scene_recall": 0.2318305479984454,
  "obj_recalls": {"1": 0.5375816993464052, "2": 0.23377960865087538, "3": 0.09657102869139259, "4": 0.06273062730627306, "5": 0.29940627650551316, "6": 0.15979381443298968, "7": 0.38331996792301526, "8": 0.1514799767846779},
  "recall": 0.2318305479984454,
  "scene_recalls": {"1": 0.2318305479984454},
  "targets_count": 10292,
  "tp_count": 2386
}