{
  "gt_count": 10279,
  "mean_obj_recall": 0.19266787896476587,
  "mean_scene_recall": 0.2109452736318408,
  "obj_recalls": {"1": 0.5375816993464052, "2": 0.23377960865087538, "3": 0.09657102869139259, "4": 0.06273062730627306, "5": 0.29940627650551316, "6": 0.15979381443298968, "7": 0.0, "8": 0.1514799767846779},
  "recall": 0.2109452736318408,
  "scene_recalls": {"1": 0.2109452736318408},
  "targets_count": 9045,
  "tp_count": 1908
}