{
  "gt_count": 10279,
  "mean_obj_recall": 0.1224565367995813,
  "mean_scene_recall": 0.13189607517965726,
  "obj_recalls": {"1": 0.4223856209150327, "2": 0.13388259526261587, "3": 0.09377186843946816, "4": 0.04944649446494465, "5": 0.15606446140797287, "6": 0.09450171821305842, "7": 0.0, "8": 0.02959953569355775},
  "recall": 0.13189607517965726,
  "scene_recalls": {"1": 0.13189607517965726},
  "targets_count": 9045,
  "tp_count": 1193
}