{
  "gt_count": 10292,
  "mean_obj_recall": 0.34462366844374065,
  "mean_scene_recall": 0.33773804897007387,
  "obj_recalls": {"1": 0.5866013071895425, "2": 0.3038105046343975, "3": 0.1224632610216935, "4": 0.0959409594095941, "5": 0.6098388464800678, "6": 0.21649484536082475, "7": 0.48115477145148355, "8": 0.3406848520023215},
  "recall": 0.33773804897007387,
  "scene_recalls": {"1": 0.33773804897007387},
  "targets_count": 10292,
  "tp_count": 3476
}