{
  "gt_count": 10292,
  "mean_obj_recall": 0.04893822254645921,
  "mean_scene_recall": 0.04712397979012826,
  "obj_recalls": {"1": 0.1642156862745098, "2": 0.026776519052523172, "3": 0.05878236529041288, "4": 0.01845018450184502, "5": 0.033927056827820185, "6": 0.029209621993127148, "7": 0.060144346431435444, "8": 0.0},
  "recall": 0.04712397979012826,
  "scene_recalls": {"1": 0.04712397979012826},
  "targets_count": 10292,
  "tp_count": 485
}