{
  "gt_count": 10279,
  "mean_obj_recall": 0.2335954116625656,
  "mean_scene_recall": 0.25870646766169153,
  "obj_recalls": {"1": 0.5612745098039216, "2": 0.25952626158599384, "3": 0.10076976906927922, "4": 0.07380073800738007, "5": 0.44698897370653096, "6": 0.1872852233676976, "7": 0.0, "8": 0.2391178177597214},
  "recall": 0.25870646766169153,
  "scene_recalls": {"1": 0.25870646766169153},
  "targets_count": 9045,
  "tp_count": 2340
}