{
  "gt_count": 10292,
  "mean_obj_recall": 0.029722295570347362,
  "mean_scene_recall": 0.028371550719005052,
  "obj_recalls": {"1": 0.13071895424836602, "2": 0.016477857878475798, "3": 0.031490552834149754, "4": 0.005904059040590406, "5": 0.0016963528413910093, "6": 0.03865979381443299, "7": 0.012830793905372895, "8": 0.0},
  "recall": 0.028371550719005052,
  "scene_recalls": {"1": 0.028371550719005052},
  "targets_count": 10292,
  "tp_count": 292
}