{
  "gt_count": 10292,
  "mean_obj_recall": 0.036725472554018125,
  "mean_scene_recall": 0.035367275553828216,
  "obj_recalls": {"1": 0.1454248366013072, "2": 0.021627188465499485, "3": 0.0370888733379986, "4": 0.008856088560885609, "5": 0.0033927056827820186, "6": 0.04639175257731959, "7": 0.024057738572574178, "8": 0.006964596633778294},
  "recall": 0.035367275553828216,
  "scene_recalls": {"1": 0.035367275553828216},
  "targets_count": 10292,
  "tp_count": 364
}