{
  "gt_count": 10292,
  "mean_obj_recall": 0.03471017966350729,
  "mean_scene_recall": 0.033326855810338125,
  "obj_recalls": {"1": 0.14133986928104575, "2": 0.01956745623069001, "3": 0.03498950314905528, "4": 0.008118081180811807, "5": 0.0033927056827820186, "6": 0.0429553264604811, "7": 0.023255813953488372, "8": 0.004062681369704005},
  "recall": 0.033326855810338125,
  "scene_recalls": {"1": 0.033326855810338125},
  "targets_count": 10292,
  "tp_count": 343
}