{
  "gt_count": 10292,
  "mean_obj_recall": 0.015457819486798263,
  "mean_scene_recall": 0.014963078118927322,
  "obj_recalls": {"1": 0.07761437908496732, "2": 0.005149330587023687, "3": 0.02309307207837649, "4": 0.0007380073800738007, "5": 0.0, "6": 0.015463917525773196, "7": 0.0016038492381716118, "8": 0.0},
  "recall": 0.014963078118927322,
  "scene_recalls": {"1": 0.014963078118927322},
  "targets_count": 10292,
  "tp_count": 154
}