{
  "gt_count": 10292,
  "mean_obj_recall": 0.0328467353422181,
  "mean_scene_recall": 0.03138359891177614,
  "obj_recalls": {"1": 0.1380718954248366, "2": 0.018537590113285273, "3": 0.03358992302309307, "4": 0.008118081180811807, "5": 0.0033927056827820186, "6": 0.041237113402061855, "7": 0.019246190858059342, "8": 0.0005803830528148578},
  "recall": 0.03138359891177614,
  "scene_recalls": {"1": 0.03138359891177614},
  "targets_count": 10292,
  "tp_count": 323
}