{
  "gt_count": 10292,
  "mean_obj_recall": 0.01093423804357709,
  "mean_scene_recall": 0.010687912942090944,
  "obj_recalls": {"1": 0.061274509803921566, "2": 0.0010298661174047373, "3": 0.01749475157452764, "4": 0.0, "5": 0.0, "6": 0.006872852233676976, "7": 0.0008019246190858059, "8": 0.0},
  "recall": 0.010687912942090944,
  "scene_recalls": {"1": 0.010687912942090944},
  "targets_count": 10292,
  "tp_count": 110
}