{
  "gt_count": 10292,
  "mean_obj_recall": 0.02676357092505728,
  "mean_scene_recall": 0.025553828216090167,
  "obj_recalls": {"1": 0.11601307189542484, "2": 0.014418125643666324, "3": 0.02939118264520644, "4": 0.0051660516605166054, "5": 0.0016963528413910093, "6": 0.037800687285223365, "7": 0.009623095429029671, "8": 0.0},
  "recall": 0.025553828216090167,
  "scene_recalls": {"1": 0.025553828216090167},
  "targets_count": 10292,
  "tp_count": 263
}