{
  "gt_count": 10292,
  "mean_obj_recall": 0.02164581751453364,
  "mean_scene_recall": 0.02069568596968519,
  "obj_recalls": {"1": 0.10130718954248366, "2": 0.012358393408856848, "3": 0.026592022393282014, "4": 0.0014760147601476014, "5": 0.0008481764206955047, "6": 0.02577319587628866, "7": 0.0048115477145148355, "8": 0.0},
  "recall": 0.02069568596968519,
  "scene_recalls": {"1": 0.02069568596968519},
  "targets_count": 10292,
  "tp_count": 213
}