{
  "gt_count": 10292,
  "mean_obj_recall": 0.12864789877144023,
  "mean_scene_recall": 0.12155071900505247,
  "obj_recalls": {"1": 0.39133986928104575, "2": 0.223480947476828, "3": 0.10496850944716585, "4": 0.12546125461254612, "5": 0.029686174724342665, "6": 0.030927835051546393, "7": 0.10184442662389735, "8": 0.021474172954149738},
  "recall": 0.12155071900505247,
  "scene_recalls": {"1": 0.12155071900505247},
  "targets_count": 10292,
  "tp_count": 1251
}