{
  "gt_count": 10292,
  "mean_obj_recall": 0.046422702477784926,
  "mean_scene_recall": 0.043723280217644774,
  "obj_recalls": {"1": 0.1772875816993464, "2": 0.07621009268795056, "3": 0.0615815255423373, "4": 0.016974169741697416, "5": 0.0016963528413910093, "6": 0.011168384879725086, "7": 0.026463512429831595, "8": 0.0},
  "recall": 0.043723280217644774,
  "scene_recalls": {"1": 0.043723280217644774},
  "targets_count": 10292,
  "tp_count": 450
}