{
  "gt_count": 10292,
  "mean_obj_recall": 0.13969467048047157,
  "mean_scene_recall": 0.1323357947920715,
  "obj_recalls": {"1": 0.40931372549019607, "2": 0.23480947476828012, "3": 0.11056682995101469, "4": 0.12988929889298892, "5": 0.05173876166242578, "6": 0.0352233676975945, "7": 0.11467522052927025, "8": 0.03134068485200232},
  "recall": 0.1323357947920715,
  "scene_recalls": {"1": 0.1323357947920715},
  "targets_count": 10292,
  "tp_count": 1362
}