{
  "gt_count": 10292,
  "mean_obj_recall": 0.06897990617669338,
  "mean_scene_recall": 0.06509910610182666,
  "obj_recalls": {"1": 0.23284313725490197, "2": 0.11740473738414006, "3": 0.08047585724282715, "4": 0.05239852398523985, "5": 0.002544529262086514, "6": 0.01288659793814433, "7": 0.052125100240577385, "8": 0.0011607661056297156},
  "recall": 0.06509910610182666,
  "scene_recalls": {"1": 0.06509910610182666},
  "targets_count": 10292,
  "tp_count": 670
}