{
  "gt_count": 10292,
  "mean_obj_recall": 0.11236626282244724,
  "mean_scene_recall": 0.10619898950641275,
  "obj_recalls": {"1": 0.3480392156862745, "2": 0.19464469618949537, "3": 0.09727081875437368, "4": 0.11439114391143912, "5": 0.018659881255301103, "6": 0.02663230240549828, "7": 0.08420208500400962, "8": 0.015089959373186303},
  "recall": 0.10619898950641275,
  "scene_recalls": {"1": 0.10619898950641275},
  "targets_count": 10292,
  "tp_count": 1093
}