{
  "gt_count": 10292,
  "mean_obj_recall": 0.1600716559926279,
  "mean_scene_recall": 0.15235134084726001,
  "obj_recalls": {"1": 0.4125816993464052, "2": 0.2564366632337796, "3": 0.12596221133659902, "4": 0.13653136531365315, "5": 0.11195928753180662, "6": 0.05584192439862543, "7": 0.12670408981555734, "8": 0.054556006964596636},
  "recall": 0.15235134084726001,
  "scene_recalls": {"1": 0.15235134084726001},
  "targets_count": 10292,
  "tp_count": 1568
}