{
  "gt_count": 10292,
  "mean_obj_recall": 0.15209440527884066,
  "mean_scene_recall": 0.14418966187329965,
  "obj_recalls": {"1": 0.41013071895424835, "2": 0.24716786817713698, "3": 0.11686494051784464, "4": 0.13284132841328414, "5": 0.10432569974554708, "6": 0.04553264604810996, "7": 0.11868484362469928, "8": 0.0412071967498549},
  "recall": 0.14418966187329965,
  "scene_recalls": {"1": 0.14418966187329965},
  "targets_count": 10292,
  "tp_count": 1484
}