{
  "gt_count": 10292,
  "mean_obj_recall": 0.09283205402947611,
  "mean_scene_recall": 0.08764088612514574,
  "obj_recalls": {"1": 0.29330065359477125, "2": 0.1596292481977343, "3": 0.08957312806158152, "4": 0.0907749077490775, "5": 0.01272264631043257, "6": 0.018900343642611683, "7": 0.07137129109863673, "8": 0.006384213580963436},
  "recall": 0.08764088612514574,
  "scene_recalls": {"1": 0.08764088612514574},
  "targets_count": 10292,
  "tp_count": 902
}