{
  "gt_count": 10292,
  "mean_obj_recall": 0.018985485344315815,
  "mean_scene_recall": 0.017877963466770307,
  "obj_recalls": {"1": 0.1323529411764706, "2": 0.010298661174047374, "3": 0.004198740377886634, "4": 0.0007380073800738007, "5": 0.0, "6": 0.00429553264604811, "7": 0.0, "8": 0.0},
  "recall": 0.017877963466770307,
  "scene_recalls": {"1": 0.017877963466770307},
  "targets_count": 10292,
  "tp_count": 184
}