{
  "gt_count": 10292,
  "mean_obj_recall": 0.07425795581919337,
  "mean_scene_recall": 0.06830547998445395,
  "obj_recalls": {"1": 0.2638888888888889, "2": 0.16374871266735325, "3": 0.05108467459762071, "4": 0.05239852398523985, "5": 0.01102629346904156, "6": 0.018900343642611683, "7": 0.03127506014434643, "8": 0.0017411491584445734},
  "recall": 0.06830547998445395,
  "scene_recalls": {"1": 0.06830547998445395},
  "targets_count": 10292,
  "tp_count": 703
}