{
  "gt_count": 10292,
  "mean_obj_recall": 0.13630154423568244,
  "mean_scene_recall": 0.12640886125145745,
  "obj_recalls": {"1": 0.3954248366013072, "2": 0.26776519052523173, "3": 0.07977606717984605, "4": 0.09372693726937269, "5": 0.07633587786259542, "6": 0.03865979381443299, "7": 0.1218925421010425, "8": 0.016831108531630876},
  "recall": 0.12640886125145745,
  "scene_recalls": {"1": 0.12640886125145745},
  "targets_count": 10292,
  "tp_count": 1301
}