{
  "gt_count": 10292,
  "mean_obj_recall": 0.0964510553022364,
  "mean_scene_recall": 0.08851535172949863,
  "obj_recalls": {"1": 0.32598039215686275, "2": 0.2203913491246138, "3": 0.05598320503848846, "4": 0.07380073800738007, "5": 0.015267175572519083, "6": 0.023195876288659795, "7": 0.05292702485966319, "8": 0.004062681369704005},
  "recall": 0.08851535172949863,
  "scene_recalls": {"1": 0.08851535172949863},
  "targets_count": 10292,
  "tp_count": 911
}