{
  "gt_count": 10292,
  "mean_obj_recall": 0.16093878450959903,
  "mean_scene_recall": 0.14963078118927323,
  "obj_recalls": {"1": 0.40522875816993464, "2": 0.3141091658084449, "3": 0.09307207837648705, "4": 0.0996309963099631, "5": 0.13994910941475827, "6": 0.048109965635738834, "7": 0.15316760224538895, "8": 0.03424260011607661},
  "recall": 0.14963078118927323,
  "scene_recalls": {"1": 0.14963078118927323},
  "targets_count": 10292,
  "tp_count": 1540
}