{
  "gt_count": 10292,
  "mean_obj_recall": 0.15172906822363896,
  "mean_scene_recall": 0.14098328799067236,
  "obj_recalls": {"1": 0.4027777777777778, "2": 0.29042224510813597, "3": 0.086074177746676, "4": 0.0981549815498155, "5": 0.1280746395250212, "6": 0.04209621993127148, "7": 0.13953488372093023, "8": 0.026697620429483458},
  "recall": 0.14098328799067236,
  "scene_recalls": {"1": 0.14098328799067236},
  "targets_count": 10292,
  "tp_count": 1451
}