{
  "gt_count": 10292,
  "mean_obj_recall": 0.11609658785651217,
  "mean_scene_recall": 0.10717061795569374,
  "obj_recalls": {"1": 0.36764705882352944, "2": 0.24716786817713698, "3": 0.06997900629811056, "4": 0.08708487084870849, "5": 0.029686174724342665, "6": 0.03006872852233677, "7": 0.08901363271852446, "8": 0.00812536273940801},
  "recall": 0.10717061795569374,
  "scene_recalls": {"1": 0.10717061795569374},
  "targets_count": 10292,
  "tp_count": 1103
}