{
  "gt_count": 10292,
  "mean_obj_recall": 0.05059131409170629,
  "mean_scene_recall": 0.046735328410415854,
  "obj_recalls": {"1": 0.20751633986928106, "2": 0.10298661174047374, "3": 0.04618614415675298, "4": 0.020664206642066422, "5": 0.005089058524173028, "6": 0.01288659793814433, "7": 0.008821170809943865, "8": 0.0005803830528148578},
  "recall": 0.046735328410415854,
  "scene_recalls": {"1": 0.046735328410415854},
  "targets_count": 10292,
  "tp_count": 481
}