{
  "gt_count": 10292,
  "mean_obj_recall": 0.03312325064067975,
  "mean_scene_recall": 0.03099494753206374,
  "obj_recalls": {"1": 0.1642156862745098, "2": 0.04943357363542739, "3": 0.031490552834149754, "4": 0.00959409594095941, "5": 0.0, "6": 0.009450171821305841, "7": 0.0008019246190858059, "8": 0.0},
  "recall": 0.03099494753206374,
  "scene_recalls": {"1": 0.03099494753206374},
  "targets_count": 10292,
  "tp_count": 319
}