{
  "gt_count": 10292,
  "mean_obj_recall": 0.003676470588235294,
  "mean_scene_recall": 0.003497862417411582,
  "obj_recalls": {"1": 0.029411764705882353, "2": 0.0, "3": 0.0, "4": 0.0, "5": 0.0, "6": 0.0, "7": 0.0, "8": 0.0},
  "recall": 0.003497862417411582,
  "scene_recalls": {"1": 0.003497862417411582},
  "targets_count": 10292,
  "tp_count": 36
}