{
  "gt_count": 10279,
  "mean_obj_recall": 0.23964296040906635,
  "mean_scene_recall": 0.26920950801547816,
  "obj_recalls": {"1": 0.7508169934640523, "2": 0.0937178166838311, "3": 0.21763470958712386, "4": 0.06789667896678966, "5": 0.178117048346056, "6": 0.42439862542955326, "7": 0.0, "8": 0.1845618107951248},
  "recall": 0.26920950801547816,
  "scene_recalls": {"1": 0.26920950801547816},
  "targets_count": 9045,
  "tp_count": 2435
}