{
  "gt_count": 10279,
  "mean_obj_recall": 0.10932522206437531,
  "mean_scene_recall": 0.12006633499170813,
  "obj_recalls": {"1": 0.4493464052287582, "2": 0.04943357363542739, "3": 0.12876137158852344, "4": 0.020664206642066422, "5": 0.031382527565733676, "6": 0.17353951890034364, "7": 0.0, "8": 0.021474172954149738},
  "recall": 0.12006633499170813,
  "scene_recalls": {"1": 0.12006633499170813},
  "targets_count": 9045,
  "tp_count": 1086
}