{
  "gt_count": 10279,
  "mean_obj_recall": 0.0633707890778427,
  "mean_scene_recall": 0.06943062465450525,
  "obj_recalls": {"1": 0.28022875816993464, "2": 0.021627188465499485, "3": 0.07977606717984605, "4": 0.010332103321033211, "5": 0.01272264631043257, "6": 0.09879725085910653, "7": 0.0, "8": 0.003482298316889147},
  "recall": 0.06943062465450525,
  "scene_recalls": {"1": 0.06943062465450525},
  "targets_count": 9045,
  "tp_count": 628
}