{
  "gt_count": 10279,
  "mean_obj_recall": 0.15442291585957924,
  "mean_scene_recall": 0.17103372028745162,
  "obj_recalls": {"1": 0.5825163398692811, "2": 0.06694129763130793, "3": 0.16864940517844645, "4": 0.03690036900369004, "5": 0.056827820186598814, "6": 0.2620274914089347, "7": 0.0, "8": 0.061520603598374926},
  "recall": 0.17103372028745162,
  "scene_recalls": {"1": 0.17103372028745162},
  "targets_count": 9045,
  "tp_count": 1547
}