{
  "gt_count": 10292,
  "mean_obj_recall": 0.34081700975314505,
  "mean_scene_recall": 0.33812670034978626,
  "obj_recalls": {"1": 0.8259803921568627, "2": 0.12564366632337795, "3": 0.25052484254723584, "4": 0.1003690036900369, "5": 0.36810856658184904, "6": 0.531786941580756, "7": 0.2165196471531676, "8": 0.3076030179918746},
  "recall": 0.33812670034978626,
  "scene_recalls": {"1": 0.33812670034978626},
  "targets_count": 10292,
  "tp_count": 3480
}