{
  "gt_count": 10279,
  "mean_obj_recall": 0.0266862835913218,
  "mean_scene_recall": 0.02896627971254837,
  "obj_recalls": {"1": 0.16176470588235295, "2": 0.0020597322348094747, "3": 0.01469559132260322, "4": 0.0014760147601476014, "5": 0.0008481764206955047, "6": 0.03264604810996564, "7": 0.0, "8": 0.0},
  "recall": 0.02896627971254837,
  "scene_recalls": {"1": 0.02896627971254837},
  "targets_count": 9045,
  "tp_count": 262
}