{
  "gt_count": 10279,
  "mean_obj_recall": 0.34448165403226205,
  "mean_scene_recall": 0.38971807628524047,
  "obj_recalls": {"1": 0.8439542483660131, "2": 0.15550978372811536, "3": 0.2708187543736879, "4": 0.11291512915129151, "5": 0.4631043256997455, "6": 0.5584192439862543, "7": 0.0, "8": 0.351131746952989},
  "recall": 0.38971807628524047,
  "scene_recalls": {"1": 0.38971807628524047},
  "targets_count": 9045,
  "tp_count": 3525
}