{
  "gt_count": 10279,
  "mean_obj_recall": 0.3137520538589991,
  "mean_scene_recall": 0.3548922056384743,
  "obj_recalls": {"1": 0.8259803921568627, "2": 0.12564366632337795, "3": 0.25052484254723584, "4": 0.1003690036900369, "5": 0.36810856658184904, "6": 0.531786941580756, "7": 0.0, "8": 0.3076030179918746},
  "recall": 0.3548922056384743,
  "scene_recalls": {"1": 0.3548922056384743},
  "targets_count": 9045,
  "tp_count": 3210
}