{
  "gt_count": 10279,
  "mean_obj_recall": 0.19791052623629585,
  "mean_scene_recall": 0.22045328911000553,
  "obj_recalls": {"1": 0.6838235294117647, "2": 0.08444902162718847, "3": 0.1966410076976907, "4": 0.04944649446494465, "5": 0.12213740458015267, "6": 0.33419243986254293, "7": 0.0, "8": 0.11259431224608242},
  "recall": 0.22045328911000553,
  "scene_recalls": {"1": 0.22045328911000553},
  "targets_count": 9045,
  "tp_count": 1994
}