{
  "gt_count": 10292,
  "mean_obj_recall": 0.18835695176401096,
  "mean_scene_recall": 0.18052856587640886,
  "obj_recalls": {"1": 0.5220588235294118, "2": 0.17610710607621008, "3": 0.1357592722183345, "4": 0.2051660516605166, "5": 0.10262934690415607, "6": 0.17697594501718214, "7": 0.15797914995990378, "8": 0.030179918746372606},
  "recall": 0.18052856587640886,
  "scene_recalls": {"1": 0.18052856587640886},
  "targets_count": 10292,
  "tp_count": 1858
}