{
  "gt_count": 10292,
  "mean_obj_recall": 0.0030051480004473813,
  "mean_scene_recall": 0.0028177225029148855,
  "obj_recalls": {"1": 0.017973856209150325, "2": 0.003089598352214212, "3": 0.0006997900629811056, "4": 0.0014760147601476014, "5": 0.0, "6": 0.0, "7": 0.0008019246190858059, "8": 0.0},
  "recall": 0.0028177225029148855,
  "scene_recalls": {"1": 0.0028177225029148855},
  "targets_count": 10292,
  "tp_count": 29
}