{
  "gt_count": 10292,
  "mean_obj_recall": 0.32090342676391936,
  "mean_scene_recall": 0.3094636610959969,
  "obj_recalls": {"1": 0.6282679738562091, "2": 0.3141091658084449, "3": 0.17074877536738978, "4": 0.3158671586715867, "5": 0.2527565733672604, "6": 0.34536082474226804, "7": 0.4025661587810746, "8": 0.1375507835171213},
  "recall": 0.3094636610959969,
  "scene_recalls": {"1": 0.3094636610959969},
  "targets_count": 10292,
  "tp_count": 3185
}