{
  "gt_count": 10292,
  "mean_obj_recall": 0.37581989031344554,
  "mean_scene_recall": 0.3646521570151574,
  "obj_recalls": {"1": 0.6503267973856209, "2": 0.3748712667353244, "3": 0.19034289713086075, "4": 0.34981549815498153, "5": 0.3197625106022053, "6": 0.39261168384879724, "7": 0.5100240577385726, "8": 0.2188044109112014},
  "recall": 0.3646521570151574,
  "scene_recalls": {"1": 0.3646521570151574},
  "targets_count": 10292,
  "tp_count": 3753
}