{
  "gt_count": 10292,
  "mean_obj_recall": 0.043420852992476,
  "mean_scene_recall": 0.040711232024873686,
  "obj_recalls": {"1": 0.1919934640522876, "2": 0.03398558187435633, "3": 0.0, "4": 0.04944649446494465, "5": 0.008481764206955046, "6": 0.061855670103092786, "7": 0.0016038492381716118, "8": 0.0},
  "recall": 0.040711232024873686,
  "scene_recalls": {"1": 0.040711232024873686},
  "targets_count": 10292,
  "tp_count": 419
}