{
  "gt_count": 10292,
  "mean_obj_recall": 0.3560987916833455,
  "mean_scene_recall": 0.3438593082005441,
  "obj_recalls": {"1": 0.6944444444444444, "2": 0.33264675592173015, "3": 0.002099370188943317, "4": 0.23099630996309964, "5": 0.5631891433418151, "6": 0.43127147766323026, "7": 0.293504410585405, "8": 0.3006384213580963},
  "recall": 0.3438593082005441,
  "scene_recalls": {"1": 0.3438593082005441},
  "targets_count": 10292,
  "tp_count": 3539
}