{
  "gt_count": 10292,
  "mean_obj_recall": 0.1507651608331026,
  "mean_scene_recall": 0.14166342790516906,
  "obj_recalls": {"1": 0.4869281045751634, "2": 0.13079299691040164, "3": 0.0, "4": 0.14981549815498155, "5": 0.14079728583545378, "6": 0.19415807560137457, "7": 0.0809943865276664, "8": 0.022634939059779455},
  "recall": 0.14166342790516906,
  "scene_recalls": {"1": 0.14166342790516906},
  "targets_count": 10292,
  "tp_count": 1458
}