{
  "gt_count": 10292,
  "mean_obj_recall": 0.09619761791485616,
  "mean_scene_recall": 0.09006995724834824,
  "obj_recalls": {"1": 0.34477124183006536, "2": 0.082389289392379, "3": 0.0, "4": 0.10848708487084871, "5": 0.08227311280746395, "6": 0.1211340206185567, "7": 0.026463512429831595, "8": 0.004062681369704005},
  "recall": 0.09006995724834824,
  "scene_recalls": {"1": 0.09006995724834824},
  "targets_count": 10292,
  "tp_count": 927
}