{
  "gt_count": 10279,
  "mean_obj_recall": 0.1825189827070274,
  "mean_scene_recall": 0.19657269209508016,
  "obj_recalls": {"1": 0.553921568627451, "2": 0.17713697219361482, "3": 0.0, "4": 0.18302583025830257, "5": 0.18999151823579305, "6": 0.281786941580756, "7": 0.0, "8": 0.0742890307603018},
  "recall": 0.19657269209508016,
  "scene_recalls": {"1": 0.19657269209508016},
  "targets_count": 9045,
  "tp_count": 1778
}