{
  "gt_count": 10279,
  "mean_obj_recall": 0.27791047499590293,
  "mean_scene_recall": 0.3046987285793256,
  "obj_recalls": {"1": 0.6723856209150327, "2": 0.27394438722966014, "3": 0.0013995801259622112, "4": 0.22140221402214022, "5": 0.4164546225614928, "6": 0.4020618556701031, "7": 0.0, "8": 0.23563551944283226},
  "recall": 0.3046987285793256,
  "scene_recalls": {"1": 0.3046987285793256},
  "targets_count": 9045,
  "tp_count": 2756
}