{
  "gt_count": 10279,
  "mean_obj_recall": 0.3456379153268357,
  "mean_scene_recall": 0.38054173576561634,
  "obj_recalls": {"1": 0.7001633986928104, "2": 0.388259526261586, "3": 0.004198740377886634, "4": 0.24501845018450186, "5": 0.636980491942324, "6": 0.43470790378006874, "7": 0.0, "8": 0.3557748113755078},
  "recall": 0.38054173576561634,
  "scene_recalls": {"1": 0.38054173576561634},
  "targets_count": 9045,
  "tp_count": 3442
}