{
  "gt_count": 10279,
  "mean_obj_recall": 0.3194107403601699,
  "mean_scene_recall": 0.3508015478164732,
  "obj_recalls": {"1": 0.6944444444444444, "2": 0.33264675592173015, "3": 0.002099370188943317, "4": 0.23099630996309964, "5": 0.5631891433418151, "6": 0.43127147766323026, "7": 0.0, "8": 0.3006384213580963},
  "recall": 0.3508015478164732,
  "scene_recalls": {"1": 0.3508015478164732},
  "targets_count": 9045,
  "tp_count": 3173
}