{
  "gt_count": 10279,
  "mean_obj_recall": 0.22954240397768494,
  "mean_scene_recall": 0.2500829187396352,
  "obj_recalls": {"1": 0.625, "2": 0.21730175077239958, "3": 0.0, "4": 0.2051660516605166, "5": 0.2951653944020356, "6": 0.34106529209621994, "7": 0.0, "8": 0.1526407428903076},
  "recall": 0.2500829187396352,
  "scene_recalls": {"1": 0.2500829187396352},
  "targets_count": 9045,
  "tp_count": 2262
}