{
  "gt_count": 10279,
  "mean_obj_recall": 0.09288967886112721,
  "mean_scene_recall": 0.0988391376451078,
  "obj_recalls": {"1": 0.34477124183006536, "2": 0.082389289392379, "3": 0.0, "4": 0.10848708487084871, "5": 0.08227311280746395, "6": 0.1211340206185567, "7": 0.0, "8": 0.004062681369704005},
  "recall": 0.0988391376451078,
  "scene_recalls": {"1": 0.0988391376451078},
  "targets_count": 9045,
  "tp_count": 894
}