{
  "gt_count": 10279,
  "mean_obj_recall": 0.04322037183770455,
  "mean_scene_recall": 0.046102819237147596,
  "obj_recalls": {"1": 0.1919934640522876, "2": 0.03398558187435633, "3": 0.0, "4": 0.04944649446494465, "5": 0.008481764206955046, "6": 0.061855670103092786, "7": 0.0, "8": 0.0},
  "recall": 0.046102819237147596,
  "scene_recalls": {"1": 0.046102819237147596},
  "targets_count": 9045,
  "tp_count": 417
}