{
  "gt_count": 10279,
  "mean_obj_recall": 0.1406408625171443,
  "mean_scene_recall": 0.15002763957987839,
  "obj_recalls": {"1": 0.4869281045751634, "2": 0.13079299691040164, "3": 0.0, "4": 0.14981549815498155, "5": 0.14079728583545378, "6": 0.19415807560137457, "7": 0.0, "8": 0.022634939059779455},
  "recall": 0.15002763957987839,
  "scene_recalls": {"1": 0.15002763957987839},
  "targets_count": 9045,
  "tp_count": 1357
}