{
  "gt_count": 10292,
  "mean_obj_recall": 0.25410134543718776,
  "mean_scene_recall": 0.24358725223474542,
  "obj_recalls": {"1": 0.625, "2": 0.21730175077239958, "3": 0.0, "4": 0.2051660516605166, "5": 0.2951653944020356, "6": 0.34106529209621994, "7": 0.19647153167602247, "8": 0.1526407428903076},
  "recall": 0.24358725223474542,
  "scene_recalls": {"1": 0.24358725223474542},
  "targets_count": 10292,
  "tp_count": 2507
}