{
  "bop19_average_recall": 0.04024873688301594,
  "bop19_average_recall_mspd": 0.060357559269335406,
  "bop19_average_recall_mssd": 0.038165565487757486,
  "bop19_average_recall_vsd": 0.02222308589195491,
  "bop19_average_time_per_image": -1.0
}