{
  "gt_count": 10292,
  "mean_obj_recall": 0.7280897056369592,
  "mean_scene_recall": 0.7126894675476098,
  "obj_recalls": {"1": 0.9117647058823529, "2": 0.9876416065911432, "3": 0.7025892232330301, "4": 0.6243542435424354, "5": 0.7302798982188295, "6": 0.6606529209621993, "7": 0.6311146752205292, "8": 0.5763203714451538},
  "recall": 0.7126894675476098,
  "scene_recalls": {"1": 0.7126894675476098},
  "targets_count": 10292,
  "tp_count": 7335
}