{
  "gt_count": 10292,
  "mean_obj_recall": 0.6598095970796211,
  "mean_scene_recall": 0.6390400310921104,
  "obj_recalls": {"1": 0.8970588235294118, "2": 0.9670442842430484, "3": 0.6053184044786564, "4": 0.36531365313653136, "5": 0.7090754877014419, "6": 0.6400343642611683, "7": 0.603047313552526, "8": 0.4915844457341846},
  "recall": 0.6390400310921104,
  "scene_recalls": {"1": 0.6390400310921104},
  "targets_count": 10292,
  "tp_count": 6577
}