{
  "gt_count": 10292,
  "mean_obj_recall": 0.2723729944341572,
  "mean_scene_recall": 0.26642052079284884,
  "obj_recalls": {"1": 0.6274509803921569, "2": 0.14727085478887744, "3": 0.0, "4": 0.043542435424354244, "5": 0.542832909245123, "6": 0.3436426116838488, "7": 0.17882919005613473, "8": 0.2954149738827626},
  "recall": 0.26642052079284884,
  "scene_recalls": {"1": 0.26642052079284884},
  "targets_count": 10292,
  "tp_count": 2742
}