{
  "gt_count": 10279,
  "mean_obj_recall": 0.041016249375475516,
  "mean_scene_recall": 0.046987285793255944,
  "obj_recalls": {"1": 0.19607843137254902, "2": 0.0, "3": 0.0, "4": 0.0, "5": 0.031382527565733676, "6": 0.04553264604810996, "7": 0.0, "8": 0.05513639001741149},
  "recall": 0.046987285793255944,
  "scene_recalls": {"1": 0.046987285793255944},
  "targets_count": 9045,
  "tp_count": 425
}