{
  "gt_count": 10279,
  "mean_obj_recall": 0.325462139828244,
  "mean_scene_recall": 0.3613045881702598,
  "obj_recalls": {"1": 0.6764705882352942, "2": 0.345005149330587, "3": 0.0, "4": 0.15867158671586715, "5": 0.63019508057676, "6": 0.39347079037800686, "7": 0.0, "8": 0.399883923389437},
  "recall": 0.3613045881702598,
  "scene_recalls": {"1": 0.3613045881702598},
  "targets_count": 9045,
  "tp_count": 3268
}