{
  "gt_count": 10279,
  "mean_obj_recall": 0.25001934567714035,
  "mean_scene_recall": 0.2784964068546158,
  "obj_recalls": {"1": 0.6274509803921569, "2": 0.14727085478887744, "3": 0.0, "4": 0.043542435424354244, "5": 0.542832909245123, "6": 0.3436426116838488, "7": 0.0, "8": 0.2954149738827626},
  "recall": 0.2784964068546158,
  "scene_recalls": {"1": 0.2784964068546158},
  "targets_count": 9045,
  "tp_count": 2519
}