{
  "gt_count": 10292,
  "mean_obj_recall": 0.36104754480017665,
  "mean_scene_recall": 0.3520209871745045,
  "obj_recalls": {"1": 0.6764705882352942, "2": 0.345005149330587, "3": 0.0, "4": 0.15867158671586715, "5": 0.63019508057676, "6": 0.39347079037800686, "7": 0.2846832397754611, "8": 0.399883923389437},
  "recall": 0.3520209871745045,
  "scene_recalls": {"1": 0.3520209871745045},
  "targets_count": 10292,
  "tp_count": 3623
}