{
  "gt_count": 10292,
  "mean_obj_recall": 0.21344022410174646,
  "mean_scene_recall": 0.2106490478041197,
  "obj_recalls": {"1": 0.5735294117647058, "2": 0.0690010298661174, "3": 0.0, "4": 0.008118081180811807, "5": 0.3986429177268872, "6": 0.2869415807560137, "7": 0.11708099438652766, "8": 0.2542077771329077},
  "recall": 0.2106490478041197,
  "scene_recalls": {"1": 0.2106490478041197},
  "targets_count": 10292,
  "tp_count": 2168
}