{
  "gt_count": 10279,
  "mean_obj_recall": 0.2866799598969416,
  "mean_scene_recall": 0.31829740187949146,
  "obj_recalls": {"1": 0.6576797385620915, "2": 0.23892893923789907, "3": 0.0, "4": 0.0907749077490775, "5": 0.5971162001696353, "6": 0.3694158075601375, "7": 0.0, "8": 0.3395240858966918},
  "recall": 0.31829740187949146,
  "scene_recalls": {"1": 0.31829740187949146},
  "targets_count": 9045,
  "tp_count": 2879
}