{
  "gt_count": 10279,
  "mean_obj_recall": 0.309851019004257,
  "mean_scene_recall": 0.3439469320066335,
  "obj_recalls": {"1": 0.6715686274509803, "2": 0.30072090628218334, "3": 0.0, "4": 0.13357933579335793, "5": 0.6191687871077184, "6": 0.3805841924398625, "7": 0.0, "8": 0.3731863029599536},
  "recall": 0.3439469320066335,
  "scene_recalls": {"1": 0.3439469320066335},
  "targets_count": 9045,
  "tp_count": 3111
}