{
  "gt_count": 10279,
  "mean_obj_recall": 0.11847067076459243,
  "mean_scene_recall": 0.13443891652846876,
  "obj_recalls": {"1": 0.46486928104575165, "2": 0.003089598352214212, "3": 0.0, "4": 0.0007380073800738007, "5": 0.17557251908396945, "6": 0.15549828178694158, "7": 0.0, "8": 0.14799767846778875},
  "recall": 0.13443891652846876,
  "scene_recalls": {"1": 0.13443891652846876},
  "targets_count": 9045,
  "tp_count": 1216
}