{
  "gt_count": 10279,
  "mean_obj_recall": 0.16345871885922572,
  "mean_scene_recall": 0.18485351022664456,
  "obj_recalls": {"1": 0.5318627450980392, "2": 0.02059732234809475, "3": 0.0, "4": 0.004428044280442804, "5": 0.30788804071246817, "6": 0.2345360824742268, "7": 0.0, "8": 0.20835751596053395},
  "recall": 0.18485351022664456,
  "scene_recalls": {"1": 0.18485351022664456},
  "targets_count": 9045,
  "tp_count": 1672
}