{
  "gt_count": 10279,
  "mean_obj_recall": 0.19880509980343047,
  "mean_scene_recall": 0.22354892205638474,
  "obj_recalls": {"1": 0.5735294117647058, "2": 0.0690010298661174, "3": 0.0, "4": 0.008118081180811807, "5": 0.3986429177268872, "6": 0.2869415807560137, "7": 0.0, "8": 0.2542077771329077},
  "recall": 0.22354892205638474,
  "scene_recalls": {"1": 0.22354892205638474},
  "targets_count": 9045,
  "tp_count": 2022
}