{
  "gt_count": 10292,
  "mean_obj_recall": 0.29200841728906046,
  "mean_scene_recall": 0.28488146132918774,
  "obj_recalls": {"1": 0.6421568627450981, "2": 0.18949536560247168, "3": 0.0, "4": 0.06273062730627306, "5": 0.5733672603901612, "6": 0.35652920962199314, "7": 0.2012830793905373, "8": 0.3105049332559489},
  "recall": 0.28488146132918774,
  "scene_recalls": {"1": 0.28488146132918774},
  "targets_count": 10292,
  "tp_count": 2932
}