{
  "gt_count": 10292,
  "mean_obj_recall": 0.12248029386002146,
  "mean_scene_recall": 0.12203653322969296,
  "obj_recalls": {"1": 0.46486928104575165, "2": 0.003089598352214212, "3": 0.0, "4": 0.0007380073800738007, "5": 0.17557251908396945, "6": 0.15549828178694158, "7": 0.03207698476343224, "8": 0.14799767846778875},
  "recall": 0.12203653322969296,
  "scene_recalls": {"1": 0.12203653322969296},
  "targets_count": 10292,
  "tp_count": 1256
}