{
  "gt_count": 10279,
  "mean_obj_recall": 0.22885635730477516,
  "mean_scene_recall": 0.2558319513543394,
  "obj_recalls": {"1": 0.6086601307189542, "2": 0.11122554067971163, "3": 0.0, "4": 0.025092250922509225, "5": 0.48770144189991516, "6": 0.31958762886597936, "7": 0.0, "8": 0.2785838653511317},
  "recall": 0.2558319513543394,
  "scene_recalls": {"1": 0.2558319513543394},
  "targets_count": 9045,
  "tp_count": 2314
}