{
  "gt_count": 10292,
  "mean_obj_recall": 0.31494780271971623,
  "mean_scene_recall": 0.3071317528177225,
  "obj_recalls": {"1": 0.6576797385620915, "2": 0.23892893923789907, "3": 0.0, "4": 0.0907749077490775, "5": 0.5971162001696353, "6": 0.3694158075601375, "7": 0.22614274258219727, "8": 0.3395240858966918},
  "recall": 0.3071317528177225,
  "scene_recalls": {"1": 0.3071317528177225},
  "targets_count": 10292,
  "tp_count": 3161
}