{
  "gt_count": 10279,
  "mean_obj_recall": 0.26684803236524324,
  "mean_scene_recall": 0.29640685461580984,
  "obj_recalls": {"1": 0.6421568627450981, "2": 0.18949536560247168, "3": 0.0, "4": 0.06273062730627306, "5": 0.5733672603901612, "6": 0.35652920962199314, "7": 0.0, "8": 0.3105049332559489},
  "recall": 0.29640685461580984,
  "scene_recalls": {"1": 0.29640685461580984},
  "targets_count": 9045,
  "tp_count": 2681
}