{
  "gt_count": 10292,
  "mean_obj_recall": 0.12026973897940912,
  "mean_scene_recall": 0.11455499417022931,
  "obj_recalls": {"1": 0.309640522875817, "2": 0.12564366632337795, "3": 0.12176347095871239, "4": 0.06715867158671587, "5": 0.1102629346904156, "6": 0.06443298969072164, "7": 0.15396952686447474, "8": 0.009286128845037725},
  "recall": 0.11455499417022931,
  "scene_recalls": {"1": 0.11455499417022931},
  "targets_count": 10292,
  "tp_count": 1179
}