{
  "gt_count": 10292,
  "mean_obj_recall": 0.35225729714260223,
  "mean_scene_recall": 0.34220753983676644,
  "obj_recalls": {"1": 0.6168300653594772, "2": 0.3717816683831102, "3": 0.158852344296711, "4": 0.13726937269372694, "5": 0.5513146734520781, "6": 0.21735395189003437, "7": 0.47794707297514033, "8": 0.2867092280905398},
  "recall": 0.34220753983676644,
  "scene_recalls": {"1": 0.34220753983676644},
  "targets_count": 10292,
  "tp_count": 3522
}