{
  "gt_count": 10292,
  "mean_obj_recall": 0.06155234795921828,
  "mean_scene_recall": 0.05897784687135639,
  "obj_recalls": {"1": 0.1781045751633987, "2": 0.053553038105046344, "3": 0.0748775367389783, "4": 0.04059040590405904, "5": 0.04580152671755725, "6": 0.036941580756013746, "7": 0.06255012028869286, "8": 0.0},
  "recall": 0.05897784687135639,
  "scene_recalls": {"1": 0.05897784687135639},
  "targets_count": 10292,
  "tp_count": 607
}