{
  "gt_count": 10292,
  "mean_obj_recall": 0.018307432542358584,
  "mean_scene_recall": 0.017683637776914108,
  "obj_recalls": {"1": 0.05065359477124183, "2": 0.010298661174047374, "3": 0.016794961511546535, "4": 0.015498154981549815, "5": 0.004240882103477523, "6": 0.01288659793814433, "7": 0.03608660785886127, "8": 0.0},
  "recall": 0.017683637776914108,
  "scene_recalls": {"1": 0.017683637776914108},
  "targets_count": 10292,
  "tp_count": 182
}