{
  "gt_count": 10292,
  "mean_obj_recall": 0.004220508342063375,
  "mean_scene_recall": 0.004178002331908278,
  "obj_recalls": {"1": 0.0196078431372549, "2": 0.003089598352214212, "3": 0.005598320503848845, "4": 0.0, "5": 0.0008481764206955047, "6": 0.001718213058419244, "7": 0.0, "8": 0.002901915264074289},
  "recall": 0.004178002331908278,
  "scene_recalls": {"1": 0.004178002331908278},
  "targets_count": 10292,
  "tp_count": 43
}