{
  "gt_count": 10292,
  "mean_obj_recall": 0.0017846222755898396,
  "mean_scene_recall": 0.001748931208705791,
  "obj_recalls": {"1": 0.011437908496732025, "2": 0.0, "3": 0.0013995801259622112, "4": 0.0, "5": 0.0, "6": 0.000859106529209622, "7": 0.0, "8": 0.0005803830528148578},
  "recall": 0.001748931208705791,
  "scene_recalls": {"1": 0.001748931208705791},
  "targets_count": 10292,
  "tp_count": 18
}