{
  "gt_count": 10292,
  "mean_obj_recall": 0.027063699112364538,
  "mean_scene_recall": 0.024290711232024875,
  "obj_recalls": {"1": 0.0661764705882353, "2": 0.08650875386199794, "3": 0.025192442267319804, "4": 0.0051660516605166054, "5": 0.0033927056827820186, "6": 0.020618556701030927, "7": 0.0048115477145148355, "8": 0.0046430644225188625},
  "recall": 0.024290711232024875,
  "scene_recalls": {"1": 0.024290711232024875},
  "targets_count": 10292,
  "tp_count": 250
}