{
  "gt_count": 10292,
  "mean_obj_recall": 0.09115848746769278,
  "mean_scene_recall": 0.08637776914108045,
  "obj_recalls": {"1": 0.19526143790849673, "2": 0.17713697219361482, "3": 0.08467459762071379, "4": 0.07084870848708487, "5": 0.04240882103477523, "6": 0.06872852233676977, "7": 0.05132317562149158, "8": 0.038885664538595474},
  "recall": 0.08637776914108045,
  "scene_recalls": {"1": 0.08637776914108045},
  "targets_count": 10292,
  "tp_count": 889
}