{
  "gt_count": 10292,
  "mean_obj_recall": 0.06448663343480046,
  "mean_scene_recall": 0.05956082394092499,
  "obj_recalls": {"1": 0.17401960784313725, "2": 0.14727085478887744, "3": 0.05178446466060182, "4": 0.025092250922509225, "5": 0.029686174724342665, "6": 0.05240549828178694, "7": 0.01764234161988773, "8": 0.017991874637260593},
  "recall": 0.05956082394092499,
  "scene_recalls": {"1": 0.05956082394092499},
  "targets_count": 10292,
  "tp_count": 613
}