{
  "gt_count": 10292,
  "mean_obj_recall": 0.07419875469561601,
  "mean_scene_recall": 0.06927710843373494,
  "obj_recalls": {"1": 0.18790849673202614, "2": 0.15242018537590113, "3": 0.05878236529041288, "4": 0.033210332103321034, "5": 0.0364715860899067, "6": 0.05756013745704467, "7": 0.04170008019246191, "8": 0.025536854323853744},
  "recall": 0.06927710843373494,
  "scene_recalls": {"1": 0.06927710843373494},
  "targets_count": 10292,
  "tp_count": 713
}