{
  "gt_count": 10292,
  "mean_obj_recall": 0.06932538905571727,
  "mean_scene_recall": 0.06441896618732997,
  "obj_recalls": {"1": 0.17892156862745098, "2": 0.14933058702368693, "3": 0.05598320503848846, "4": 0.03099630996309963, "5": 0.03307888040712468, "6": 0.05412371134020619, "7": 0.03127506014434643, "8": 0.02089378990133488},
  "recall": 0.06441896618732997,
  "scene_recalls": {"1": 0.06441896618732997},
  "targets_count": 10292,
  "tp_count": 663
}