{
  "gt_count": 10292,
  "mean_obj_recall": 0.09854083700306454,
  "mean_scene_recall": 0.09424795958025652,
  "obj_recalls": {"1": 0.19607843137254902, "2": 0.18125643666323377, "3": 0.11196641007697691, "4": 0.08044280442804429, "5": 0.04919423240033927, "6": 0.06958762886597938, "7": 0.0545308740978348, "8": 0.04526987811955891},
  "recall": 0.09424795958025652,
  "scene_recalls": {"1": 0.09424795958025652},
  "targets_count": 10292,
  "tp_count": 970
}