{
  "gt_count": 10292,
  "mean_obj_recall": 0.10743622063952957,
  "mean_scene_recall": 0.10406140691799456,
  "obj_recalls": {"1": 0.1977124183006536, "2": 0.1822863027806385, "3": 0.1504548635409377, "4": 0.08413284132841328, "5": 0.05089058524173028, "6": 0.07903780068728522, "7": 0.05693664795509222, "8": 0.05803830528148578},
  "recall": 0.10406140691799456,
  "scene_recalls": {"1": 0.10406140691799456},
  "targets_count": 10292,
  "tp_count": 1071
}