{
  "gt_count": 10292,
  "mean_obj_recall": 0.07926217177291504,
  "mean_scene_recall": 0.07442673921492421,
  "obj_recalls": {"1": 0.19281045751633988, "2": 0.15756951596292482, "3": 0.06578026592022393, "4": 0.043542435424354244, "5": 0.03986429177268872, "6": 0.058419243986254296, "7": 0.046511627906976744, "8": 0.02959953569355775},
  "recall": 0.07442673921492421,
  "scene_recalls": {"1": 0.07442673921492421},
  "targets_count": 10292,
  "tp_count": 766
}