{
  "gt_count": 10292,
  "mean_obj_recall": 0.05722941087076311,
  "mean_scene_recall": 0.05237077341624563,
  "obj_recalls": {"1": 0.14624183006535948, "2": 0.14727085478887744, "3": 0.04828551434569629, "4": 0.021402214022140223, "5": 0.021204410517387615, "6": 0.04725085910652921, "7": 0.012830793905372895, "8": 0.013348810214741729},
  "recall": 0.05237077341624563,
  "scene_recalls": {"1": 0.05237077341624563},
  "targets_count": 10292,
  "tp_count": 539
}