{
  "gt_count": 10292,
  "mean_obj_recall": 0.0846452382319665,
  "mean_scene_recall": 0.07977069568596969,
  "obj_recalls": {"1": 0.19362745098039216, "2": 0.1678681771369722, "3": 0.07207837648705388, "4": 0.055350553505535055, "5": 0.041560644614079725, "6": 0.0627147766323024, "7": 0.04971932638331997, "8": 0.03424260011607661},
  "recall": 0.07977069568596969,
  "scene_recalls": {"1": 0.07977069568596969},
  "targets_count": 10292,
  "tp_count": 821
}