{
  "gt_count": 10292,
  "mean_obj_recall": 0.07297729850127921,
  "mean_scene_recall": 0.06849980567431015,
  "obj_recalls": {"1": 0.23366013071895425, "2": 0.13697219361483007, "3": 0.08397480755773268, "4": 0.055350553505535055, "5": 0.0033927056827820186, "6": 0.01718213058419244, "7": 0.052125100240577385, "8": 0.0011607661056297156},
  "recall": 0.06849980567431015,
  "scene_recalls": {"1": 0.06849980567431015},
  "targets_count": 10292,
  "tp_count": 705
}