{
  "gt_count": 10292,
  "mean_obj_recall": 0.048053545021518845,
  "mean_scene_recall": 0.04498639720171006,
  "obj_recalls": {"1": 0.1772875816993464, "2": 0.08753861997940268, "3": 0.0615815255423373, "4": 0.016974169741697416, "5": 0.0016963528413910093, "6": 0.01288659793814433, "7": 0.026463512429831595, "8": 0.0},
  "recall": 0.04498639720171006,
  "scene_recalls": {"1": 0.04498639720171006},
  "targets_count": 10292,
  "tp_count": 463
}