{
  "gt_count": 10292,
  "mean_obj_recall": 0.09754238602075806,
  "mean_scene_recall": 0.09172172561212592,
  "obj_recalls": {"1": 0.29411764705882354, "2": 0.18125643666323377, "3": 0.09307207837648705, "4": 0.0974169741697417, "5": 0.01272264631043257, "6": 0.023195876288659795, "7": 0.07217321571772253, "8": 0.006384213580963436},
  "recall": 0.09172172561212592,
  "scene_recalls": {"1": 0.09172172561212592},
  "targets_count": 10292,
  "tp_count": 944
}