{
  "gt_count": 10292,
  "mean_obj_recall": 0.1338862366116586,
  "mean_scene_recall": 0.12631169840652934,
  "obj_recalls": {"1": 0.3929738562091503, "2": 0.24098867147270855, "3": 0.10986703988803359, "4": 0.13505535055350554, "5": 0.032230703986429174, "6": 0.03264604810996564, "7": 0.10585404971932638, "8": 0.021474172954149738},
  "recall": 0.12631169840652934,
  "scene_recalls": {"1": 0.12631169840652934},
  "targets_count": 10292,
  "tp_count": 1300
}