{
  "gt_count": 10292,
  "mean_obj_recall": 0.1658402379844503,
  "mean_scene_recall": 0.1577924601632336,
  "obj_recalls": {"1": 0.4133986928104575, "2": 0.2698249227600412, "3": 0.13016095171448566, "4": 0.14612546125461254, "5": 0.11535199321458864, "6": 0.06529209621993128, "7": 0.12910986367281477, "8": 0.057457922228670924},
  "recall": 0.1577924601632336,
  "scene_recalls": {"1": 0.1577924601632336},
  "targets_count": 10292,
  "tp_count": 1624
}