{
  "gt_count": 10292,
  "mean_obj_recall": 0.11796910832891339,
  "mean_scene_recall": 0.11105713175281773,
  "obj_recalls": {"1": 0.3480392156862745, "2": 0.22142121524201855, "3": 0.1000699790062981, "4": 0.12472324723247233, "5": 0.019508057675996608, "6": 0.027491408934707903, "7": 0.08740978348035285, "8": 0.015089959373186303},
  "recall": 0.11105713175281773,
  "scene_recalls": {"1": 0.11105713175281773},
  "targets_count": 10292,
  "tp_count": 1143
}