{
  "gt_count": 10292,
  "mean_obj_recall": 0.023971672894576256,
  "mean_scene_recall": 0.02283326855810338,
  "obj_recalls": {"1": 0.13970588235294118, "2": 0.013388259526261586, "3": 0.01469559132260322, "4": 0.008118081180811807, "5": 0.0, "6": 0.009450171821305841, "7": 0.006415396952686447, "8": 0.0},
  "recall": 0.02283326855810338,
  "scene_recalls": {"1": 0.02283326855810338},
  "targets_count": 10292,
  "tp_count": 235
}