{
  "gt_count": 10292,
  "mean_obj_recall": 0.14526394067121431,
  "mean_scene_recall": 0.1374854255732608,
  "obj_recalls": {"1": 0.40931372549019607, "2": 0.25231719876416064, "3": 0.11616515045486354, "4": 0.14169741697416974, "5": 0.05597964376590331, "6": 0.03865979381443299, "7": 0.11547714514835605, "8": 0.03250145095763204},
  "recall": 0.1374854255732608,
  "scene_recalls": {"1": 0.1374854255732608},
  "targets_count": 10292,
  "tp_count": 1415
}