{
  "gt_count": 10292,
  "mean_obj_recall": 0.15774911995973245,
  "mean_scene_recall": 0.14943645549941703,
  "obj_recalls": {"1": 0.4117647058823529, "2": 0.26364572605561276, "3": 0.12106368089573127, "4": 0.14391143911439114, "5": 0.10602205258693809, "6": 0.05154639175257732, "7": 0.1210906174819567, "8": 0.042948345908299476},
  "recall": 0.14943645549941703,
  "scene_recalls": {"1": 0.14943645549941703},
  "targets_count": 10292,
  "tp_count": 1538
}