{
  "gt_count": 10292,
  "mean_obj_recall": 0.04169026660040483,
  "mean_scene_recall": 0.0394481150408084,
  "obj_recalls": {"1": 0.1977124183006536, "2": 0.029866117404737384, "3": 0.02589223233030091, "4": 0.006642066420664207, "5": 0.01102629346904156, "6": 0.02491408934707904, "7": 0.03688853247794707, "8": 0.0005803830528148578},
  "recall": 0.0394481150408084,
  "scene_recalls": {"1": 0.0394481150408084},
  "targets_count": 10292,
  "tp_count": 406
}