{
  "gt_count": 10292,
  "mean_obj_recall": 0.05520231366097322,
  "mean_scene_recall": 0.05246793626117373,
  "obj_recalls": {"1": 0.2369281045751634, "2": 0.035015447991761074, "3": 0.032890132960111965, "4": 0.010332103321033211, "5": 0.03307888040712468, "6": 0.0352233676975945, "7": 0.05292702485966319, "8": 0.00522344747533372},
  "recall": 0.05246793626117373,
  "scene_recalls": {"1": 0.05246793626117373},
  "targets_count": 10292,
  "tp_count": 540
}