{
  "gt_count": 10292,
  "mean_obj_recall": 0.019413089908507427,
  "mean_scene_recall": 0.018558103381267003,
  "obj_recalls": {"1": 0.09395424836601307, "2": 0.013388259526261586, "3": 0.021693491952414275, "4": 0.0014760147601476014, "5": 0.005089058524173028, "6": 0.006872852233676976, "7": 0.012830793905372895, "8": 0.0},
  "recall": 0.018558103381267003,
  "scene_recalls": {"1": 0.018558103381267003},
  "targets_count": 10292,
  "tp_count": 191
}