{
  "gt_count": 10292,
  "mean_obj_recall": 0.0324971196632348,
  "mean_scene_recall": 0.03080062184220754,
  "obj_recalls": {"1": 0.15604575163398693, "2": 0.02059732234809475, "3": 0.02309307207837649, "4": 0.002214022140221402, "5": 0.008481764206955046, "6": 0.02147766323024055, "7": 0.028067361668003207, "8": 0.0},
  "recall": 0.03080062184220754,
  "scene_recalls": {"1": 0.03080062184220754},
  "targets_count": 10292,
  "tp_count": 317
}