{
  "gt_count": 10292,
  "mean_obj_recall": 0.04687664562717521,
  "mean_scene_recall": 0.04440342013214147,
  "obj_recalls": {"1": 0.21895424836601307, "2": 0.030895983522142123, "3": 0.026592022393282014, "4": 0.00959409594095941, "5": 0.016963528413910092, "6": 0.028350515463917526, "7": 0.042502004811547714, "8": 0.0011607661056297156},
  "recall": 0.04440342013214147,
  "scene_recalls": {"1": 0.04440342013214147},
  "targets_count": 10292,
  "tp_count": 457
}