{
  "gt_count": 10292,
  "mean_obj_recall": 0.05127996457354074,
  "mean_scene_recall": 0.04858142246404975,
  "obj_recalls": {"1": 0.2295751633986928, "2": 0.035015447991761074, "3": 0.02799160251924423, "4": 0.00959409594095941, "5": 0.02714164546225615, "6": 0.030927835051546393, "7": 0.046511627906976744, "8": 0.003482298316889147},
  "recall": 0.04858142246404975,
  "scene_recalls": {"1": 0.04858142246404975},
  "targets_count": 10292,
  "tp_count": 500
}