{
  "gt_count": 10292,
  "mean_obj_recall": 0.057479617670778305,
  "mean_scene_recall": 0.054605518849591916,
  "obj_recalls": {"1": 0.24183006535947713, "2": 0.035015447991761074, "3": 0.03358992302309307, "4": 0.010332103321033211, "5": 0.04071246819338423, "6": 0.037800687285223365, "7": 0.05533279871692061, "8": 0.00522344747533372},
  "recall": 0.054605518849591916,
  "scene_recalls": {"1": 0.054605518849591916},
  "targets_count": 10292,
  "tp_count": 562
}