{
  "bop19_average_recall": 0.4167632209323751,
  "bop19_average_recall_mspd": 0.5555002763957988,
  "bop19_average_recall_mssd": 0.42981757877280263,
  "bop19_average_recall_vsd": 0.264971807628524,
  "bop19_average_time_per_image": -1.0
}