{
  "bop19_average_recall": 0.41037666796217126,
  "bop19_average_recall_mspd": 0.5412067625340071,
  "bop19_average_recall_mssd": 0.41960746210649047,
  "bop19_average_recall_vsd": 0.2703157792460163,
  "bop19_average_time_per_image": -1.0
}