{
  "gt_count": 10292,
  "mean_obj_recall": 0.00030637254901960784,
  "mean_scene_recall": 0.0002914885347842985,
  "obj_recalls": {"1": 0.0024509803921568627, "2": 0.0, "3": 0.0, "4": 0.0, "5": 0.0, "6": 0.0, "7": 0.0, "8": 0.0},
  "recall": 0.0002914885347842985,
  "scene_recalls": {"1": 0.0002914885347842985},
  "targets_count": 10292,
  "tp_count": 3
}