{
  "gt_count": 10292,
  "mean_obj_recall": 0.3263193662938919,
  "mean_scene_recall": 0.3091721725612126,
  "obj_recalls": {"1": 0.6160130718954249, "2": 0.48094747682801237, "3": 0.2330300909727082, "4": 0.4361623616236162, "5": 0.1967769296013571, "6": 0.2774914089347079, "7": 0.3271852445870088, "8": 0.042948345908299476},
  "recall": 0.3091721725612126,
  "scene_recalls": {"1": 0.3091721725612126},
  "targets_count": 10292,
  "tp_count": 3182
}