{
  "gt_count": 10279,
  "mean_obj_recall": 0.029963132334767616,
  "mean_scene_recall": 0.03283582089552239,
  "obj_recalls": {"1": 0.15441176470588236, "2": 0.010298661174047374, "3": 0.03498950314905528, "4": 0.006642066420664207, "5": 0.01102629346904156, "6": 0.022336769759450172, "7": 0.0, "8": 0.0},
  "recall": 0.03283582089552239,
  "scene_recalls": {"1": 0.03283582089552239},
  "targets_count": 9045,
  "tp_count": 297
}