{
  "gt_count": 10279,
  "mean_obj_recall": 0.05744509567062743,
  "mean_scene_recall": 0.06279712548369265,
  "obj_recalls": {"1": 0.25735294117647056, "2": 0.02059732234809475, "3": 0.06368089573128062, "4": 0.011808118081180811, "5": 0.056827820186598814, "6": 0.04639175257731959, "7": 0.0, "8": 0.002901915264074289},
  "recall": 0.06279712548369265,
  "scene_recalls": {"1": 0.06279712548369265},
  "targets_count": 9045,
  "tp_count": 568
}