{
  "gt_count": 10292,
  "mean_obj_recall": 0.2408990167985171,
  "mean_scene_recall": 0.23503692188107267,
  "obj_recalls": {"1": 0.505718954248366, "2": 0.19052523171987643, "3": 0.07697690692792163, "4": 0.02952029520295203, "5": 0.37150127226463103, "6": 0.15378006872852235, "7": 0.3873295910184443, "8": 0.2118398142774231},
  "recall": 0.23503692188107267,
  "scene_recalls": {"1": 0.23503692188107267},
  "targets_count": 10292,
  "tp_count": 2419
}