{
  "gt_count": 10292,
  "mean_obj_recall": 0.11205966671507578,
  "mean_scene_recall": 0.10746210649047803,
  "obj_recalls": {"1": 0.37254901960784315, "2": 0.04325437693099897, "3": 0.06857942617214835, "4": 0.016236162361623615, "5": 0.11365564037319763, "6": 0.07130584192439862, "7": 0.19406575781876503, "8": 0.016831108531630876},
  "recall": 0.10746210649047803,
  "scene_recalls": {"1": 0.10746210649047803},
  "targets_count": 10292,
  "tp_count": 1106
}