{
  "gt_count": 10292,
  "mean_obj_recall": 0.20804904210909653,
  "mean_scene_recall": 0.20190439176059075,
  "obj_recalls": {"1": 0.4934640522875817, "2": 0.16065911431513905, "3": 0.0741777466759972, "4": 0.025092250922509225, "5": 0.26717557251908397, "6": 0.13402061855670103, "7": 0.36006415396952685, "8": 0.1497388276262333},
  "recall": 0.20190439176059075,
  "scene_recalls": {"1": 0.20190439176059075},
  "targets_count": 10292,
  "tp_count": 2078
}