{
  "gt_count": 10279,
  "mean_obj_recall": 0.007434080356658915,
  "mean_scene_recall": 0.008070757324488668,
  "obj_recalls": {"1": 0.04084967320261438, "2": 0.003089598352214212, "3": 0.005598320503848845, "4": 0.002214022140221402, "5": 0.0008481764206955047, "6": 0.006872852233676976, "7": 0.0, "8": 0.0},
  "recall": 0.008070757324488668,
  "scene_recalls": {"1": 0.008070757324488668},
  "targets_count": 9045,
  "tp_count": 73
}