{
  "gt_count": 10292,
  "mean_obj_recall": 0.07388455036188646,
  "mean_scene_recall": 0.07112320248736884,
  "obj_recalls": {"1": 0.25735294117647056, "2": 0.02059732234809475, "3": 0.06368089573128062, "4": 0.011808118081180811, "5": 0.056827820186598814, "6": 0.04639175257731959, "7": 0.13151563753007217, "8": 0.002901915264074289},
  "recall": 0.07112320248736884,
  "scene_recalls": {"1": 0.07112320248736884},
  "targets_count": 10292,
  "tp_count": 732
}