{
  "gt_count": 10279,
  "mean_obj_recall": 0.19248281792121158,
  "mean_scene_recall": 0.21404090657822,
  "obj_recalls": {"1": 0.505718954248366, "2": 0.19052523171987643, "3": 0.07697690692792163, "4": 0.02952029520295203, "5": 0.37150127226463103, "6": 0.15378006872852235, "7": 0.0, "8": 0.2118398142774231},
  "recall": 0.21404090657822,
  "scene_recalls": {"1": 0.21404090657822},
  "targets_count": 9045,
  "tp_count": 1936
}