{
  "gt_count": 10279,
  "mean_obj_recall": 0.08780144698773015,
  "mean_scene_recall": 0.0955223880597015,
  "obj_recalls": {"1": 0.37254901960784315, "2": 0.04325437693099897, "3": 0.06857942617214835, "4": 0.016236162361623615, "5": 0.11365564037319763, "6": 0.07130584192439862, "7": 0.0, "8": 0.016831108531630876},
  "recall": 0.0955223880597015,
  "scene_recalls": {"1": 0.0955223880597015},
  "targets_count": 9045,
  "tp_count": 864
}