{
  "gt_count": 10279,
  "mean_obj_recall": 0.11173037906512806,
  "mean_scene_recall": 0.12183526810392482,
  "obj_recalls": {"1": 0.41911764705882354, "2": 0.0854788877445932, "3": 0.06997900629811056, "4": 0.01992619926199262, "5": 0.15606446140797287, "6": 0.09278350515463918, "7": 0.0, "8": 0.05049332559489263},
  "recall": 0.12183526810392482,
  "scene_recalls": {"1": 0.12183526810392482},
  "targets_count": 9045,
  "tp_count": 1102
}