{
  "gt_count": 10279,
  "mean_obj_recall": 0.16304102286290567,
  "mean_scene_recall": 0.18009950248756218,
  "obj_recalls": {"1": 0.4934640522875817, "2": 0.16065911431513905, "3": 0.0741777466759972, "4": 0.025092250922509225, "5": 0.26717557251908397, "6": 0.13402061855670103, "7": 0.0, "8": 0.1497388276262333},
  "recall": 0.18009950248756218,
  "scene_recalls": {"1": 0.18009950248756218},
  "targets_count": 9045,
  "tp_count": 1629
}