{
  "gt_count": 10292,
  "mean_obj_recall": 0.011644184606859396,
  "mean_scene_recall": 0.011173727166731443,
  "obj_recalls": {"1": 0.04084967320261438, "2": 0.003089598352214212, "3": 0.005598320503848845, "4": 0.002214022140221402, "5": 0.0008481764206955047, "6": 0.006872852233676976, "7": 0.03368083400160385, "8": 0.0},
  "recall": 0.011173727166731443,
  "scene_recalls": {"1": 0.011173727166731443},
  "targets_count": 10292,
  "tp_count": 115
}