{
  "gt_count": 10292,
  "mean_obj_recall": 0.03387421977487455,
  "mean_scene_recall": 0.03109211037699184,
  "obj_recalls": {"1": 0.1380718954248366, "2": 0.07621009268795056, "3": 0.0244926522043387, "4": 0.01992619926199262, "5": 0.0016963528413910093, "6": 0.002577319587628866, "7": 0.00801924619085806, "8": 0.0},
  "recall": 0.03109211037699184,
  "scene_recalls": {"1": 0.03109211037699184},
  "targets_count": 10292,
  "tp_count": 320
}