{
  "gt_count": 10292,
  "mean_obj_recall": 0.08839755760824834,
  "mean_scene_recall": 0.08142246404974737,
  "obj_recalls": {"1": 0.24101307189542484, "2": 0.18537590113285274, "3": 0.05318404478656403, "4": 0.06420664206642067, "5": 0.032230703986429174, "6": 0.04553264604810996, "7": 0.0809943865276664, "8": 0.0046430644225188625},
  "recall": 0.08142246404974737,
  "scene_recalls": {"1": 0.08142246404974737},
  "targets_count": 10292,
  "tp_count": 838
}