{
  "gt_count": 10292,
  "mean_obj_recall": 0.07529203550098518,
  "mean_scene_recall": 0.06898561989895065,
  "obj_recalls": {"1": 0.21977124183006536, "2": 0.16992790937178168, "3": 0.044086773967809655, "4": 0.05830258302583026, "5": 0.020356234096692113, "6": 0.0352233676975945, "7": 0.05292702485966319, "8": 0.0017411491584445734},
  "recall": 0.06898561989895065,
  "scene_recalls": {"1": 0.06898561989895065},
  "targets_count": 10292,
  "tp_count": 710
}