{
  "gt_count": 10292,
  "mean_obj_recall": 0.11713105931079944,
  "mean_scene_recall": 0.10862806062961523,
  "obj_recalls": {"1": 0.2761437908496732, "2": 0.21318228630278063, "3": 0.06368089573128062, "4": 0.06789667896678966, "5": 0.1111111111111111, "6": 0.07646048109965636, "7": 0.1082598235765838, "8": 0.020313406848520024},
  "recall": 0.10862806062961523,
  "scene_recalls": {"1": 0.10862806062961523},
  "targets_count": 10292,
  "tp_count": 1118
}