{
  "gt_count": 10292,
  "mean_obj_recall": 0.11040821516640545,
  "mean_scene_recall": 0.10231247570928877,
  "obj_recalls": {"1": 0.2687908496732026, "2": 0.20494335736354274, "3": 0.05948215535339398, "4": 0.06642066420664207, "5": 0.09414758269720101, "6": 0.070446735395189, "7": 0.10104250200481155, "8": 0.017991874637260593},
  "recall": 0.10231247570928877,
  "scene_recalls": {"1": 0.10231247570928877},
  "targets_count": 10292,
  "tp_count": 1053
}