{
  "gt_count": 10292,
  "mean_obj_recall": 0.048829030673144286,
  "mean_scene_recall": 0.04508356004663817,
  "obj_recalls": {"1": 0.17647058823529413, "2": 0.10607621009268794, "3": 0.0370888733379986, "4": 0.04206642066420664, "5": 0.008481764206955046, "6": 0.006013745704467354, "7": 0.014434643143544507, "8": 0.0},
  "recall": 0.04508356004663817,
  "scene_recalls": {"1": 0.04508356004663817},
  "targets_count": 10292,
  "tp_count": 464
}