{
  "gt_count": 10292,
  "mean_obj_recall": 0.0987014117470223,
  "mean_scene_recall": 0.09113874854255732,
  "obj_recalls": {"1": 0.2565359477124183, "2": 0.19670442842430483, "3": 0.05808257522743177, "4": 0.06642066420664207, "5": 0.05767599660729432, "6": 0.05326460481099656, "7": 0.09222133119486768, "8": 0.008705745792222866},
  "recall": 0.09113874854255732,
  "scene_recalls": {"1": 0.09113874854255732},
  "targets_count": 10292,
  "tp_count": 938
}