{
  "gt_count": 10292,
  "mean_obj_recall": 0.06029544168280317,
  "mean_scene_recall": 0.05528565876408861,
  "obj_recalls": {"1": 0.20098039215686275, "2": 0.13903192584963955, "3": 0.03848845346396081, "4": 0.05239852398523985, "5": 0.01102629346904156, "6": 0.01718213058419244, "7": 0.023255813953488372, "8": 0.0},
  "recall": 0.05528565876408861,
  "scene_recalls": {"1": 0.05528565876408861},
  "targets_count": 10292,
  "tp_count": 569
}