{
  "gt_count": 10292,
  "mean_obj_recall": 0.01082172268510278,
  "mean_scene_recall": 0.010396424407306646,
  "obj_recalls": {"1": 0.07352941176470588, "2": 0.0, "3": 0.005598320503848845, "4": 0.0, "5": 0.0, "6": 0.003436426116838488, "7": 0.00400962309542903, "8": 0.0},
  "recall": 0.010396424407306646,
  "scene_recalls": {"1": 0.010396424407306646},
  "targets_count": 10292,
  "tp_count": 107
}