{
  "gt_count": 10292,
  "mean_obj_recall": 0.024182466494674176,
  "mean_scene_recall": 0.02312475709288768,
  "obj_recalls": {"1": 0.15522875816993464, "2": 0.0010298661174047373, "3": 0.009097270818754374, "4": 0.0, "5": 0.005937234944868533, "6": 0.007731958762886598, "7": 0.014434643143544507, "8": 0.0},
  "recall": 0.02312475709288768,
  "scene_recalls": {"1": 0.02312475709288768},
  "targets_count": 10292,
  "tp_count": 238
}