{
  "gt_count": 10292,
  "mean_obj_recall": 0.02652557825603669,
  "mean_scene_recall": 0.02535950252623397,
  "obj_recalls": {"1": 0.16584967320261437, "2": 0.0010298661174047373, "3": 0.00979706088173548, "4": 0.0, "5": 0.007633587786259542, "6": 0.009450171821305841, "7": 0.018444266238973536, "8": 0.0},
  "recall": 0.02535950252623397,
  "scene_recalls": {"1": 0.02535950252623397},
  "targets_count": 10292,
  "tp_count": 261
}