{
  "gt_count": 10292,
  "mean_obj_recall": 0.001622717030494534,
  "mean_scene_recall": 0.001554605518849592,
  "obj_recalls": {"1": 0.010620915032679739, "2": 0.0, "3": 0.0006997900629811056, "4": 0.0, "5": 0.0, "6": 0.000859106529209622, "7": 0.0008019246190858059, "8": 0.0},
  "recall": 0.001554605518849592,
  "scene_recalls": {"1": 0.001554605518849592},
  "targets_count": 10292,
  "tp_count": 16
}