{
  "gt_count": 10292,
  "mean_obj_recall": 0.028614387890921335,
  "mean_scene_recall": 0.027302759424795958,
  "obj_recalls": {"1": 0.1715686274509804, "2": 0.003089598352214212, "3": 0.00979706088173548, "4": 0.0, "5": 0.008481764206955046, "6": 0.013745704467353952, "7": 0.02165196471531676, "8": 0.0005803830528148578},
  "recall": 0.027302759424795958,
  "scene_recalls": {"1": 0.027302759424795958},
  "targets_count": 10292,
  "tp_count": 281
}