{
  "gt_count": 10292,
  "mean_obj_recall": 0.03007030894337738,
  "mean_scene_recall": 0.028663039253789352,
  "obj_recalls": {"1": 0.17483660130718953, "2": 0.006179196704428424, "3": 0.010496850944716585, "4": 0.0, "5": 0.008481764206955046, "6": 0.013745704467353952, "7": 0.02566158781074579, "8": 0.0011607661056297156},
  "recall": 0.028663039253789352,
  "scene_recalls": {"1": 0.028663039253789352},
  "targets_count": 10292,
  "tp_count": 295
}