{
  "gt_count": 10292,
  "mean_obj_recall": 0.032125840158598346,
  "mean_scene_recall": 0.03050913330742324,
  "obj_recalls": {"1": 0.1781045751633987, "2": 0.012358393408856848, "3": 0.01119664100769769, "4": 0.0, "5": 0.009329940627650551, "6": 0.014604810996563574, "7": 0.02967121090617482, "8": 0.0017411491584445734},
  "recall": 0.03050913330742324,
  "scene_recalls": {"1": 0.03050913330742324},
  "targets_count": 10292,
  "tp_count": 314
}