{
  "gt_count": 10292,
  "mean_obj_recall": 0.005679880422391223,
  "mean_scene_recall": 0.005441119315973571,
  "obj_recalls": {"1": 0.0392156862745098, "2": 0.0, "3": 0.002099370188943317, "4": 0.0, "5": 0.0, "6": 0.001718213058419244, "7": 0.0024057738572574178, "8": 0.0},
  "recall": 0.005441119315973571,
  "scene_recalls": {"1": 0.005441119315973571},
  "targets_count": 10292,
  "tp_count": 56
}