{
  "gt_count": 10292,
  "mean_obj_recall": 0.019654205646540385,
  "mean_scene_recall": 0.018849591916051303,
  "obj_recalls": {"1": 0.12908496732026145, "2": 0.0, "3": 0.009097270818754374, "4": 0.0, "5": 0.0016963528413910093, "6": 0.007731958762886598, "7": 0.009623095429029671, "8": 0.0},
  "recall": 0.018849591916051303,
  "scene_recalls": {"1": 0.018849591916051303},
  "targets_count": 10292,
  "tp_count": 194
}