{
  "bop19_average_recall": 0.24476137829371658,
  "bop19_average_recall_mspd": 0.35065782200110557,
  "bop19_average_recall_mssd": 0.24145936981757873,
  "bop19_average_recall_vsd": 0.14216694306246547,
  "bop19_average_time_per_image": -1.0
}