{
  "gt_count": 10292,
  "mean_obj_recall": 0.604437820198775,
  "mean_scene_recall": 0.5852118150019433,
  "obj_recalls": {"1": 0.8088235294117647, "2": 0.7497425334706488, "3": 0.3296011196641008, "4": 0.6789667896678967, "5": 0.6225614927905004, "6": 0.5652920962199313, "7": 0.7137129109863672, "8": 0.3668020893789901},
  "recall": 0.5852118150019433,
  "scene_recalls": {"1": 0.5852118150019433},
  "targets_count": 10292,
  "tp_count": 6023
}