{
  "gt_count": 10292,
  "mean_obj_recall": 0.5234218197908714,
  "mean_scene_recall": 0.5033035367275553,
  "obj_recalls": {"1": 0.7696078431372549, "2": 0.6725025746652935, "3": 0.2939118264520644, "4": 0.6531365313653137, "5": 0.4173027989821883, "6": 0.5128865979381443, "7": 0.6399358460304732, "8": 0.2280905397562391},
  "recall": 0.5033035367275553,
  "scene_recalls": {"1": 0.5033035367275553},
  "targets_count": 10292,
  "tp_count": 5180
}