{
  "gt_count": 10279,
  "mean_obj_recall": 0.20139552093451518,
  "mean_scene_recall": 0.2162520729684909,
  "obj_recalls": {"1": 0.46078431372549017, "2": 0.3367662203913491, "3": 0.20783764870538837, "4": 0.2937269372693727, "5": 0.1272264631043257, "6": 0.17611683848797252, "7": 0.0, "8": 0.008705745792222866},
  "recall": 0.2162520729684909,
  "scene_recalls": {"1": 0.2162520729684909},
  "targets_count": 9045,
  "tp_count": 1956
}