{
  "gt_count": 10279,
  "mean_obj_recall": 0.5691830156071013,
  "mean_scene_recall": 0.6290768380320619,
  "obj_recalls": {"1": 0.8398692810457516, "2": 0.82389289392379, "3": 0.3722883135059482, "4": 0.6915129151291513, "5": 0.7565733672603902, "6": 0.6108247422680413, "7": 0.0, "8": 0.4585026117237377},
  "recall": 0.6290768380320619,
  "scene_recalls": {"1": 0.6290768380320619},
  "targets_count": 9045,
  "tp_count": 5690
}