{
  "gt_count": 10279,
  "mean_obj_recall": 0.4434298390370623,
  "mean_scene_recall": 0.48446655610834716,
  "obj_recalls": {"1": 0.7696078431372549, "2": 0.6725025746652935, "3": 0.2939118264520644, "4": 0.6531365313653137, "5": 0.4173027989821883, "6": 0.5128865979381443, "7": 0.0, "8": 0.2280905397562391},
  "recall": 0.48446655610834716,
  "scene_recalls": {"1": 0.48446655610834716},
  "targets_count": 9045,
  "tp_count": 4382
}