{
  "gt_count": 10279,
  "mean_obj_recall": 0.6019778653516152,
  "mean_scene_recall": 0.6674405749032615,
  "obj_recalls": {"1": 0.8586601307189542, "2": 0.8712667353244078, "3": 0.41147655703289016, "4": 0.7018450184501845, "5": 0.7972858354537744, "6": 0.6512027491408935, "7": 0.0, "8": 0.5240858966918166},
  "recall": 0.6674405749032615,
  "scene_recalls": {"1": 0.6674405749032615},
  "targets_count": 9045,
  "tp_count": 6037
}