{
  "gt_count": 10279,
  "mean_obj_recall": 0.042150068515204225,
  "mean_scene_recall": 0.0443338861249309,
  "obj_recalls": {"1": 0.14705882352941177, "2": 0.08135942327497425, "3": 0.023792862141357594, "4": 0.047232472324723246, "5": 0.0033927056827820186, "6": 0.03436426116838488, "7": 0.0, "8": 0.0},
  "recall": 0.0443338861249309,
  "scene_recalls": {"1": 0.0443338861249309},
  "targets_count": 9045,
  "tp_count": 401
}