{
  "gt_count": 10279,
  "mean_obj_recall": 0.3738407051931287,
  "mean_scene_recall": 0.40420121614151466,
  "obj_recalls": {"1": 0.7091503267973857, "2": 0.619979402677652, "3": 0.2617214835549335, "4": 0.5763837638376383, "5": 0.2883799830364716, "6": 0.41323024054982815, "7": 0.0, "8": 0.12188044109112015},
  "recall": 0.40420121614151466,
  "scene_recalls": {"1": 0.40420121614151466},
  "targets_count": 9045,
  "tp_count": 3656
}