{
  "gt_count": 10279,
  "mean_obj_recall": 0.28542121072051574,
  "mean_scene_recall": 0.3066887783305694,
  "obj_recalls": {"1": 0.6160130718954249, "2": 0.48094747682801237, "3": 0.2330300909727082, "4": 0.4361623616236162, "5": 0.1967769296013571, "6": 0.2774914089347079, "7": 0.0, "8": 0.042948345908299476},
  "recall": 0.3066887783305694,
  "scene_recalls": {"1": 0.3066887783305694},
  "targets_count": 9045,
  "tp_count": 2774
}