{
  "gt_count": 10292,
  "mean_obj_recall": 0.11741668905347921,
  "mean_scene_recall": 0.11008550330353672,
  "obj_recalls": {"1": 0.29248366013071897, "2": 0.2203913491246138, "3": 0.11616515045486354, "4": 0.15645756457564575, "5": 0.02883799830364716, "6": 0.09278350515463918, "7": 0.030473135525260625, "8": 0.0017411491584445734},
  "recall": 0.11008550330353672,
  "scene_recalls": {"1": 0.11008550330353672},
  "targets_count": 10292,
  "tp_count": 1133
}