{
  "gt_count": 10292,
  "mean_obj_recall": 0.2198397871734887,
  "mean_scene_recall": 0.2079284881461329,
  "obj_recalls": {"1": 0.46078431372549017, "2": 0.3367662203913491, "3": 0.20783764870538837, "4": 0.2937269372693727, "5": 0.1272264631043257, "6": 0.17611683848797252, "7": 0.1475541299117883, "8": 0.008705745792222866},
  "recall": 0.2079284881461329,
  "scene_recalls": {"1": 0.2079284881461329},
  "targets_count": 10292,
  "tp_count": 2140
}