{
  "gt_count": 10279,
  "mean_obj_recall": 0.11360754711282163,
  "mean_scene_recall": 0.12106135986733002,
  "obj_recalls": {"1": 0.29248366013071897, "2": 0.2203913491246138, "3": 0.11616515045486354, "4": 0.15645756457564575, "5": 0.02883799830364716, "6": 0.09278350515463918, "7": 0.0, "8": 0.0017411491584445734},
  "recall": 0.12106135986733002,
  "scene_recalls": {"1": 0.12106135986733002},
  "targets_count": 9045,
  "tp_count": 1095
}