{
  "gt_count": 10292,
  "mean_obj_recall": 0.043052233711675755,
  "mean_scene_recall": 0.039836766420520794,
  "obj_recalls": {"1": 0.14705882352941177, "2": 0.08135942327497425, "3": 0.023792862141357594, "4": 0.047232472324723246, "5": 0.0033927056827820186, "6": 0.03436426116838488, "7": 0.007217321571772253, "8": 0.0},
  "recall": 0.039836766420520794,
  "scene_recalls": {"1": 0.039836766420520794},
  "targets_count": 10292,
  "tp_count": 410
}