{
  "gt_count": 10292,
  "mean_obj_recall": 0.4368920283687502,
  "mean_scene_recall": 0.4163427905169063,
  "obj_recalls": {"1": 0.7091503267973857, "2": 0.619979402677652, "3": 0.2617214835549335, "4": 0.5763837638376383, "5": 0.2883799830364716, "6": 0.41323024054982815, "7": 0.504410585404972, "8": 0.12188044109112015},
  "recall": 0.4163427905169063,
  "scene_recalls": {"1": 0.4163427905169063},
  "targets_count": 10292,
  "tp_count": 4285
}