{
  "gt_count": 10292,
  "mean_obj_recall": 0.0063991719204706185,
  "mean_scene_recall": 0.006121259230470268,
  "obj_recalls": {"1": 0.04411764705882353, "2": 0.0, "3": 0.002099370188943317, "4": 0.0007380073800738007, "5": 0.0, "6": 0.003436426116838488, "7": 0.0008019246190858059, "8": 0.0},
  "recall": 0.006121259230470268,
  "scene_recalls": {"1": 0.006121259230470268},
  "targets_count": 10292,
  "tp_count": 63
}