{
  "gt_count": 10292,
  "mean_obj_recall": 0.4469742745798591,
  "mean_scene_recall": 0.4358725223474543,
  "obj_recalls": {"1": 0.8496732026143791, "2": 0.33161688980432547, "3": 0.2995101469559132, "4": 0.414760147601476, "5": 0.3146734520780322, "6": 0.5335051546391752, "7": 0.6126704089815558, "8": 0.21938479396401625},
  "recall": 0.4358725223474543,
  "scene_recalls": {"1": 0.4358725223474543},
  "targets_count": 10292,
  "tp_count": 4486
}