{
  "gt_count": 10292,
  "mean_obj_recall": 0.5640120165977789,
  "mean_scene_recall": 0.5512048192771084,
  "obj_recalls": {"1": 0.9060457516339869, "2": 0.4654994850669413, "3": 0.3582925122463261, "4": 0.4752767527675277, "5": 0.6047497879558948, "6": 0.6073883161512027, "7": 0.7361668003207699, "8": 0.3586767266395821},
  "recall": 0.5512048192771084,
  "scene_recalls": {"1": 0.5512048192771084},
  "targets_count": 10292,
  "tp_count": 5673
}