{
  "gt_count": 10292,
  "mean_obj_recall": 0.10432793030961328,
  "mean_scene_recall": 0.10027205596579868,
  "obj_recalls": {"1": 0.3276143790849673, "2": 0.07621009268795056, "3": 0.12666200139958012, "4": 0.08265682656826569, "5": 0.02544529262086514, "6": 0.14261168384879724, "7": 0.05052125100240577, "8": 0.002901915264074289},
  "recall": 0.10027205596579868,
  "scene_recalls": {"1": 0.10027205596579868},
  "targets_count": 10292,
  "tp_count": 1032
}