{
  "gt_count": 10292,
  "mean_obj_recall": 0.28038428874648497,
  "mean_scene_recall": 0.270501360279829,
  "obj_recalls": {"1": 0.6658496732026143, "2": 0.22245108135942326, "3": 0.23862841147655703, "4": 0.24206642066420664, "5": 0.14927905004240882, "6": 0.3324742268041237, "7": 0.32558139534883723, "8": 0.06674405107370865},
  "recall": 0.270501360279829,
  "scene_recalls": {"1": 0.270501360279829},
  "targets_count": 10292,
  "tp_count": 2784
}