{
  "gt_count": 10292,
  "mean_obj_recall": 0.19328115321013706,
  "mean_scene_recall": 0.18519238243295763,
  "obj_recalls": {"1": 0.5163398692810458, "2": 0.15756951596292482, "3": 0.19384184744576627, "4": 0.13653136531365315, "5": 0.07803223070398643, "6": 0.23539518900343642, "7": 0.21170809943865276, "8": 0.016831108531630876},
  "recall": 0.18519238243295763,
  "scene_recalls": {"1": 0.18519238243295763},
  "targets_count": 10292,
  "tp_count": 1906
}