{
  "gt_count": 10292,
  "mean_obj_recall": 0.3668445765917999,
  "mean_scene_recall": 0.35600466381655654,
  "obj_recalls": {"1": 0.7843137254901961, "2": 0.27703398558187436, "3": 0.27641707487753675, "4": 0.3372693726937269, "5": 0.20949957591178966, "6": 0.45446735395189003, "7": 0.4611066559743384, "8": 0.134648868253047},
  "recall": 0.35600466381655654,
  "scene_recalls": {"1": 0.35600466381655654},
  "targets_count": 10292,
  "tp_count": 3664
}