{
  "gt_count": 10292,
  "mean_obj_recall": 0.0716826910228049,
  "mean_scene_recall": 0.06548775748153907,
  "obj_recalls": {"1": 0.20915032679738563, "2": 0.17713697219361482, "3": 0.04688593421973408, "4": 0.06420664206642067, "5": 0.016963528413910092, "6": 0.024054982817869417, "7": 0.034482758620689655, "8": 0.0005803830528148578},
  "recall": 0.06548775748153907,
  "scene_recalls": {"1": 0.06548775748153907},
  "targets_count": 10292,
  "tp_count": 674
}