{
  "gt_count": 10292,
  "mean_obj_recall": 0.13572413953231655,
  "mean_scene_recall": 0.12679751263116984,
  "obj_recalls": {"1": 0.2908496732026144, "2": 0.24098867147270855, "3": 0.09237228831350595, "4": 0.08044280442804429, "5": 0.13231552162849872, "6": 0.08676975945017182, "7": 0.13071371291098638, "8": 0.03134068485200232},
  "recall": 0.12679751263116984,
  "scene_recalls": {"1": 0.12679751263116984},
  "targets_count": 10292,
  "tp_count": 1305
}