{
  "gt_count": 10292,
  "mean_obj_recall": 0.12881789886250167,
  "mean_scene_recall": 0.11999611348620287,
  "obj_recalls": {"1": 0.2900326797385621, "2": 0.22966014418125644, "3": 0.08397480755773268, "4": 0.08044280442804429, "5": 0.12383375742154368, "6": 0.07989690721649484, "7": 0.11948676824378508, "8": 0.023215322112594312},
  "recall": 0.11999611348620287,
  "scene_recalls": {"1": 0.11999611348620287},
  "targets_count": 10292,
  "tp_count": 1235
}