{
  "gt_count": 10292,
  "mean_obj_recall": 0.1174666264693561,
  "mean_scene_recall": 0.10901671200932764,
  "obj_recalls": {"1": 0.2826797385620915, "2": 0.21936148300720906, "3": 0.07767669699090272, "4": 0.08044280442804429, "5": 0.09754028837998303, "6": 0.06443298969072164, "7": 0.10425020048115477, "8": 0.013348810214741729},
  "recall": 0.10901671200932764,
  "scene_recalls": {"1": 0.10901671200932764},
  "targets_count": 10292,
  "tp_count": 1122
}