{
  "gt_count": 10292,
  "mean_obj_recall": 0.055857819388782835,
  "mean_scene_recall": 0.05130198212203654,
  "obj_recalls": {"1": 0.18137254901960784, "2": 0.13388259526261587, "3": 0.042687193841847444, "4": 0.05166051660516605, "5": 0.01102629346904156, "6": 0.00859106529209622, "7": 0.01764234161988773, "8": 0.0},
  "recall": 0.05130198212203654,
  "scene_recalls": {"1": 0.05130198212203654},
  "targets_count": 10292,
  "tp_count": 528
}