{
  "gt_count": 10292,
  "mean_obj_recall": 0.01902764938773722,
  "mean_scene_recall": 0.01719782355227361,
  "obj_recalls": {"1": 0.0988562091503268, "2": 0.042224510813594233, "3": 0.002099370188943317, "4": 0.007380073800738007, "5": 0.0, "6": 0.000859106529209622, "7": 0.0008019246190858059, "8": 0.0},
  "recall": 0.01719782355227361,
  "scene_recalls": {"1": 0.01719782355227361},
  "targets_count": 10292,
  "tp_count": 177
}