{
  "gt_count": 10292,
  "mean_obj_recall": 0.10384384357264116,
  "mean_scene_recall": 0.0959968907889623,
  "obj_recalls": {"1": 0.2647058823529412, "2": 0.2121524201853759, "3": 0.06927921623512946, "4": 0.07970479704797048, "5": 0.0542832909245123, "6": 0.05326460481099656, "7": 0.08981555733761026, "8": 0.0075449796865931515},
  "recall": 0.0959968907889623,
  "scene_recalls": {"1": 0.0959968907889623},
  "targets_count": 10292,
  "tp_count": 988
}