{
  "gt_count": 10292,
  "mean_obj_recall": 0.03932199999535369,
  "mean_scene_recall": 0.035658764088612516,
  "obj_recalls": {"1": 0.14215686274509803, "2": 0.10504634397528322, "3": 0.02589223233030091, "4": 0.025830258302583026, "5": 0.0033927056827820186, "6": 0.003436426116838488, "7": 0.008821170809943865, "8": 0.0},
  "recall": 0.035658764088612516,
  "scene_recalls": {"1": 0.035658764088612516},
  "targets_count": 10292,
  "tp_count": 367
}