{
  "gt_count": 10292,
  "mean_obj_recall": 0.08897370201093674,
  "mean_scene_recall": 0.08171395258453168,
  "obj_recalls": {"1": 0.23366013071895425, "2": 0.20185375901132852, "3": 0.05668299510146956, "4": 0.07601476014760147, "5": 0.031382527565733676, "6": 0.0429553264604811, "7": 0.06575781876503609, "8": 0.003482298316889147},
  "recall": 0.08171395258453168,
  "scene_recalls": {"1": 0.08171395258453168},
  "targets_count": 10292,
  "tp_count": 841
}