{
  "gt_count": 10279,
  "mean_obj_recall": 0.003745357409376829,
  "mean_scene_recall": 0.004201216141514649,
  "obj_recalls": {"1": 0.022058823529411766, "2": 0.0, "3": 0.004198740377886634, "4": 0.0, "5": 0.002544529262086514, "6": 0.0, "7": 0.0, "8": 0.0011607661056297156},
  "recall": 0.004201216141514649,
  "scene_recalls": {"1": 0.004201216141514649},
  "targets_count": 9045,
  "tp_count": 38
}