{
  "gt_count": 10279,
  "mean_obj_recall": 0.03414512658345954,
  "mean_scene_recall": 0.037258153676064124,
  "obj_recalls": {"1": 0.25735294117647056, "2": 0.0, "3": 0.008397480755773267, "4": 0.0, "5": 0.005089058524173028, "6": 0.0, "7": 0.0, "8": 0.0023215322112594312},
  "recall": 0.037258153676064124,
  "scene_recalls": {"1": 0.037258153676064124},
  "targets_count": 9045,
  "tp_count": 337
}