{
  "gt_count": 10279,
  "mean_obj_recall": 0.10471047791016581,
  "mean_scene_recall": 0.11387506909894969,
  "obj_recalls": {"1": 0.8129084967320261, "2": 0.0, "3": 0.011896431070678797, "4": 0.0, "5": 0.005937234944868533, "6": 0.001718213058419244, "7": 0.0, "8": 0.00522344747533372},
  "recall": 0.11387506909894969,
  "scene_recalls": {"1": 0.11387506909894969},
  "targets_count": 9045,
  "tp_count": 1030
}