{
  "gt_count": 10292,
  "mean_obj_recall": 0.05398080514735838,
  "mean_scene_recall": 0.05237077341624563,
  "obj_recalls": {"1": 0.22630718954248366, "2": 0.005149330587023687, "3": 0.0244926522043387, "4": 0.0014760147601476014, "5": 0.021204410517387615, "6": 0.02577319587628866, "7": 0.11467522052927025, "8": 0.012768427161926872},
  "recall": 0.05237077341624563,
  "scene_recalls": {"1": 0.05237077341624563},
  "targets_count": 10292,
  "tp_count": 539
}