{
  "gt_count": 10292,
  "mean_obj_recall": 0.0017112692904376347,
  "mean_scene_recall": 0.0016517683637776914,
  "obj_recalls": {"1": 0.0024509803921568627, "2": 0.0, "3": 0.0006997900629811056, "4": 0.0, "5": 0.0, "6": 0.001718213058419244, "7": 0.008821170809943865, "8": 0.0},
  "recall": 0.0016517683637776914,
  "scene_recalls": {"1": 0.0016517683637776914},
  "targets_count": 10292,
  "tp_count": 17
}