{
  "gt_count": 10292,
  "mean_obj_recall": 0.07293155185868357,
  "mean_scene_recall": 0.07102603964244072,
  "obj_recalls": {"1": 0.26552287581699346, "2": 0.02368692070030896, "3": 0.02589223233030091, "4": 0.002214022140221402, "5": 0.05258693808312129, "6": 0.029209621993127148, "7": 0.1483560545308741, "8": 0.035983749274521186},
  "recall": 0.07102603964244072,
  "scene_recalls": {"1": 0.07102603964244072},
  "targets_count": 10292,
  "tp_count": 731
}