{
  "gt_count": 10292,
  "mean_obj_recall": 0.08261675257683901,
  "mean_scene_recall": 0.08064516129032258,
  "obj_recalls": {"1": 0.27450980392156865, "2": 0.032955715756951595, "3": 0.026592022393282014, "4": 0.002952029520295203, "5": 0.0720949957591179, "6": 0.036941580756013746, "7": 0.16439454691259023, "8": 0.05049332559489263},
  "recall": 0.08064516129032258,
  "scene_recalls": {"1": 0.08064516129032258},
  "targets_count": 10292,
  "tp_count": 830
}