{
  "gt_count": 10292,
  "mean_obj_recall": 0.02162807480854019,
  "mean_scene_recall": 0.020792848814613293,
  "obj_recalls": {"1": 0.10866013071895425, "2": 0.0010298661174047373, "3": 0.008397480755773267, "4": 0.0, "5": 0.005089058524173028, "6": 0.00859106529209622, "7": 0.040096230954290296, "8": 0.0011607661056297156},
  "recall": 0.020792848814613293,
  "scene_recalls": {"1": 0.020792848814613293},
  "targets_count": 10292,
  "tp_count": 214
}