{
  "gt_count": 10292,
  "mean_obj_recall": 0.09266338904814134,
  "mean_scene_recall": 0.09055577147298872,
  "obj_recalls": {"1": 0.2818627450980392, "2": 0.042224510813594233, "3": 0.02729181245626312, "4": 0.0036900369003690036, "5": 0.08651399491094147, "6": 0.05326460481099656, "7": 0.18203688853247796, "8": 0.06442251886244922},
  "recall": 0.09055577147298872,
  "scene_recalls": {"1": 0.09055577147298872},
  "targets_count": 10292,
  "tp_count": 932
}