{
  "bop19_average_recall": 0.39366368700608884,
  "bop19_average_recall_mspd": 0.5874076952973183,
  "bop19_average_recall_mssd": 0.38155849203264675,
  "bop19_average_recall_vsd": 0.2120248736883016,
  "bop19_average_time_per_image": -1.0
}