{
  "bop19_average_recall": 0.4065144647134697,
  "bop19_average_recall_mspd": 0.5969596462133776,
  "bop19_average_recall_mssd": 0.39785516860143727,
  "bop19_average_recall_vsd": 0.2247285793255942,
  "bop19_average_time_per_image": -1.0
}