{
  "gt_count": 10279,
  "mean_obj_recall": 0.22716680518278157,
  "mean_scene_recall": 0.2570480928689884,
  "obj_recalls": {"1": 0.7050653594771242, "2": 0.055612770339855816, "3": 0.17074877536738978, "4": 0.07601476014760147, "5": 0.18575063613231552, "6": 0.4175257731958763, "7": 0.0, "8": 0.2066163668020894},
  "recall": 0.2570480928689884,
  "scene_recalls": {"1": 0.2570480928689884},
  "targets_count": 9045,
  "tp_count": 2325
}