{
  "gt_count": 10279,
  "mean_obj_recall": 0.20658743301927085,
  "mean_scene_recall": 0.23327805417357655,
  "obj_recalls": {"1": 0.6919934640522876, "2": 0.0411946446961895, "3": 0.15605318404478657, "4": 0.06273062730627306, "5": 0.13486005089058525, "6": 0.3917525773195876, "7": 0.0, "8": 0.17411491584445735},
  "recall": 0.23327805417357655,
  "scene_recalls": {"1": 0.23327805417357655},
  "targets_count": 9045,
  "tp_count": 2110
}