{
  "gt_count": 10279,
  "mean_obj_recall": 0.0526880128903274,
  "mean_scene_recall": 0.058153676064123826,
  "obj_recalls": {"1": 0.26143790849673204, "2": 0.0020597322348094747, "3": 0.07137858642407278, "4": 0.0007380073800738007, "5": 0.0033927056827820186, "6": 0.08075601374570447, "7": 0.0, "8": 0.0017411491584445734},
  "recall": 0.058153676064123826,
  "scene_recalls": {"1": 0.058153676064123826},
  "targets_count": 9045,
  "tp_count": 526
}