{
  "gt_count": 10279,
  "mean_obj_recall": 0.08662309088682986,
  "mean_scene_recall": 0.09574350469872858,
  "obj_recalls": {"1": 0.39950980392156865, "2": 0.007209062821833162, "3": 0.10706787963610917, "4": 0.007380073800738007, "5": 0.01272264631043257, "6": 0.14690721649484537, "7": 0.0, "8": 0.012188044109112013},
  "recall": 0.09574350469872858,
  "scene_recalls": {"1": 0.09574350469872858},
  "targets_count": 9045,
  "tp_count": 866
}