{
  "gt_count": 10279,
  "mean_obj_recall": 0.18911720105839028,
  "mean_scene_recall": 0.2127142067440575,
  "obj_recalls": {"1": 0.6821895424836601, "2": 0.03604531410916581, "3": 0.1483554933519944, "4": 0.04649446494464945, "5": 0.08566581849024597, "6": 0.37199312714776633, "7": 0.0, "8": 0.14219384793964016},
  "recall": 0.2127142067440575,
  "scene_recalls": {"1": 0.2127142067440575},
  "targets_count": 9045,
  "tp_count": 1924
}