{
  "gt_count": 10279,
  "mean_obj_recall": 0.02527571948210306,
  "mean_scene_recall": 0.027529021558872307,
  "obj_recalls": {"1": 0.1568627450980392, "2": 0.0, "3": 0.015395381385584325, "4": 0.0007380073800738007, "5": 0.0, "6": 0.029209621993127148, "7": 0.0, "8": 0.0},
  "recall": 0.027529021558872307,
  "scene_recalls": {"1": 0.027529021558872307},
  "targets_count": 9045,
  "tp_count": 249
}