{
  "gt_count": 10279,
  "mean_obj_recall": 0.16721973051938002,
  "mean_scene_recall": 0.1865118850193477,
  "obj_recalls": {"1": 0.6519607843137255, "2": 0.03192584963954686, "3": 0.1364590622813156, "4": 0.03690036900369004, "5": 0.05343511450381679, "6": 0.3324742268041237, "7": 0.0, "8": 0.09460243760882182},
  "recall": 0.1865118850193477,
  "scene_recalls": {"1": 0.1865118850193477},
  "targets_count": 9045,
  "tp_count": 1687
}