{
  "gt_count": 10292,
  "mean_obj_recall": 0.425607272809285,
  "mean_scene_recall": 0.41410804508356003,
  "obj_recalls": {"1": 0.7320261437908496, "2": 0.4768280123583934, "3": 0.27851644506648005, "4": 0.1918819188191882, "5": 0.5742154368108566, "6": 0.44072164948453607, "7": 0.35605453087409783, "8": 0.3546140452698781},
  "recall": 0.41410804508356003,
  "scene_recalls": {"1": 0.41410804508356003},
  "targets_count": 10292,
  "tp_count": 4262
}