{
  "gt_count": 10292,
  "mean_obj_recall": 0.5535186618488901,
  "mean_scene_recall": 0.5384764865915274,
  "obj_recalls": {"1": 0.8055555555555556, "2": 0.7940267765190525, "3": 0.34219734079776065, "4": 0.35129151291512917, "5": 0.7014418999151824, "6": 0.5060137457044673, "7": 0.4081796311146752, "8": 0.5194428322692978},
  "recall": 0.5384764865915274,
  "scene_recalls": {"1": 0.5384764865915274},
  "targets_count": 10292,
  "tp_count": 5542
}