{
  "gt_count": 10292,
  "mean_obj_recall": 0.4906955436833119,
  "mean_scene_recall": 0.47522347454333463,
  "obj_recalls": {"1": 0.7794117647058824, "2": 0.659114315139032, "3": 0.3198040587823653, "4": 0.23763837638376384, "5": 0.6480067854113656, "6": 0.4853951890034364, "7": 0.38412189254210105, "8": 0.412071967498549},
  "recall": 0.47522347454333463,
  "scene_recalls": {"1": 0.47522347454333463},
  "targets_count": 10292,
  "tp_count": 4891
}