{
  "gt_count": 10292,
  "mean_obj_recall": 0.3714870039306893,
  "mean_scene_recall": 0.3637776914108045,
  "obj_recalls": {"1": 0.6887254901960784, "2": 0.3388259526261586, "3": 0.24002799160251925, "4": 0.14981549815498155, "5": 0.5097540288379983, "6": 0.38831615120274915, "7": 0.3319967923015237, "8": 0.3244341265235055},
  "recall": 0.3637776914108045,
  "scene_recalls": {"1": 0.3637776914108045},
  "targets_count": 10292,
  "tp_count": 3744
}