{
  "gt_count": 10292,
  "mean_obj_recall": 0.11244067139127362,
  "mean_scene_recall": 0.11057131752817723,
  "obj_recalls": {"1": 0.3088235294117647, "2": 0.04531410916580844, "3": 0.021693491952414275, "4": 0.016974169741697416, "5": 0.1670907548770144, "6": 0.11597938144329897, "7": 0.11627906976744186, "8": 0.1073708647707487},
  "recall": 0.11057131752817723,
  "scene_recalls": {"1": 0.11057131752817723},
  "targets_count": 10292,
  "tp_count": 1138
}