{
  "gt_count": 10292,
  "mean_obj_recall": 0.018075980392156864,
  "mean_scene_recall": 0.01719782355227361,
  "obj_recalls": {"1": 0.14460784313725492, "2": 0.0, "3": 0.0, "4": 0.0, "5": 0.0, "6": 0.0, "7": 0.0, "8": 0.0},
  "recall": 0.01719782355227361,
  "scene_recalls": {"1": 0.01719782355227361},
  "targets_count": 10292,
  "tp_count": 177
}