{
  "gt_count": 10292,
  "mean_obj_recall": 0.03278186274509804,
  "mean_scene_recall": 0.031189273221919937,
  "obj_recalls": {"1": 0.2622549019607843, "2": 0.0, "3": 0.0, "4": 0.0, "5": 0.0, "6": 0.0, "7": 0.0, "8": 0.0},
  "recall": 0.031189273221919937,
  "scene_recalls": {"1": 0.031189273221919937},
  "targets_count": 10292,
  "tp_count": 321
}