{
  "gt_count": 10292,
  "mean_obj_recall": 0.010927287581699346,
  "mean_scene_recall": 0.010396424407306646,
  "obj_recalls": {"1": 0.08741830065359477, "2": 0.0, "3": 0.0, "4": 0.0, "5": 0.0, "6": 0.0, "7": 0.0, "8": 0.0},
  "recall": 0.010396424407306646,
  "scene_recalls": {"1": 0.010396424407306646},
  "targets_count": 10292,
  "tp_count": 107
}