{
  "gt_count": 10292,
  "mean_obj_recall": 0.014195261437908497,
  "mean_scene_recall": 0.01350563544500583,
  "obj_recalls": {"1": 0.11356209150326797, "2": 0.0, "3": 0.0, "4": 0.0, "5": 0.0, "6": 0.0, "7": 0.0, "8": 0.0},
  "recall": 0.01350563544500583,
  "scene_recalls": {"1": 0.01350563544500583},
  "targets_count": 10292,
  "tp_count": 139
}