{
  "gt_count": 10292,
  "mean_obj_recall": 0.03002450980392157,
  "mean_scene_recall": 0.02856587640886125,
  "obj_recalls": {"1": 0.24019607843137256, "2": 0.0, "3": 0.0, "4": 0.0, "5": 0.0, "6": 0.0, "7": 0.0, "8": 0.0},
  "recall": 0.02856587640886125,
  "scene_recalls": {"1": 0.02856587640886125},
  "targets_count": 10292,
  "tp_count": 294
}