{
  "gt_count": 10292,
  "mean_obj_recall": 0.03329248366013072,
  "mean_scene_recall": 0.03167508744656043,
  "obj_recalls": {"1": 0.26633986928104575, "2": 0.0, "3": 0.0, "4": 0.0, "5": 0.0, "6": 0.0, "7": 0.0, "8": 0.0},
  "recall": 0.03167508744656043,
  "scene_recalls": {"1": 0.03167508744656043},
  "targets_count": 10292,
  "tp_count": 326
}