{
  "gt_count": 10292,
  "mean_obj_recall": 0.020731209150326797,
  "mean_scene_recall": 0.0197240575204042,
  "obj_recalls": {"1": 0.16584967320261437, "2": 0.0, "3": 0.0, "4": 0.0, "5": 0.0, "6": 0.0, "7": 0.0, "8": 0.0},
  "recall": 0.0197240575204042,
  "scene_recalls": {"1": 0.0197240575204042},
  "targets_count": 10292,
  "tp_count": 203
}