{
  "gt_count": 10292,
  "mean_obj_recall": 0.12331349254360294,
  "mean_scene_recall": 0.11581811115429459,
  "obj_recalls": {"1": 0.397875816993464, "2": 0.18949536560247168, "3": 0.07137858642407278, "4": 0.04206642066420664, "5": 0.11789652247667515, "6": 0.020618556701030927, "7": 0.11467522052927025, "8": 0.03250145095763204},
  "recall": 0.11581811115429459,
  "scene_recalls": {"1": 0.11581811115429459},
  "targets_count": 10292,
  "tp_count": 1192
}