{
  "gt_count": 10292,
  "mean_obj_recall": 0.13269216089828237,
  "mean_scene_recall": 0.12397979012825495,
  "obj_recalls": {"1": 0.39869281045751637, "2": 0.23583934088568487, "3": 0.0734779566130161, "4": 0.04944649446494465, "5": 0.12298558100084818, "6": 0.02147766323024055, "7": 0.1218925421010425, "8": 0.03772489843296576},
  "recall": 0.12397979012825495,
  "scene_recalls": {"1": 0.12397979012825495},
  "targets_count": 10292,
  "tp_count": 1276
}