{
  "gt_count": 10292,
  "mean_obj_recall": 0.14984936686013933,
  "mean_scene_recall": 0.13913719393703847,
  "obj_recalls": {"1": 0.4011437908496732, "2": 0.3120494335736354, "3": 0.0748775367389783, "4": 0.07675276752767528, "5": 0.13570822731128074, "6": 0.02147766323024055, "7": 0.13151563753007217, "8": 0.04526987811955891},
  "recall": 0.13913719393703847,
  "scene_recalls": {"1": 0.13913719393703847},
  "targets_count": 10292,
  "tp_count": 1432
}