{
  "gt_count": 10292,
  "mean_obj_recall": 0.10062327472945776,
  "mean_scene_recall": 0.0955110765643218,
  "obj_recalls": {"1": 0.38562091503267976, "2": 0.10401647785787847, "3": 0.06717984604618614, "4": 0.002214022140221402, "5": 0.10262934690415607, "6": 0.020618556701030927, "7": 0.0954290296712109, "8": 0.027278003482298318},
  "recall": 0.0955110765643218,
  "scene_recalls": {"1": 0.0955110765643218},
  "targets_count": 10292,
  "tp_count": 983
}