{
  "gt_count": 10292,
  "mean_obj_recall": 0.07657597511222804,
  "mean_scene_recall": 0.07374659930042751,
  "obj_recalls": {"1": 0.35375816993464054, "2": 0.035015447991761074, "3": 0.04338698390482855, "4": 0.0007380073800738007, "5": 0.08057675996607294, "6": 0.01804123711340206, "7": 0.056134723336006415, "8": 0.024956471271038887},
  "recall": 0.07374659930042751,
  "scene_recalls": {"1": 0.07374659930042751},
  "targets_count": 10292,
  "tp_count": 759
}