{
  "gt_count": 10292,
  "mean_obj_recall": 0.14121320655960368,
  "mean_scene_recall": 0.13136416634279052,
  "obj_recalls": {"1": 0.39950980392156865, "2": 0.2749742533470649, "3": 0.0741777466759972, "4": 0.06273062730627306, "5": 0.13146734520780323, "6": 0.02147766323024055, "7": 0.12590216519647154, "8": 0.03946604759141033},
  "recall": 0.13136416634279052,
  "scene_recalls": {"1": 0.13136416634279052},
  "targets_count": 10292,
  "tp_count": 1352
}