{
  "gt_count": 10292,
  "mean_obj_recall": 0.021934950318050525,
  "mean_scene_recall": 0.02118150019432569,
  "obj_recalls": {"1": 0.14624183006535948, "2": 0.0, "3": 0.004198740377886634, "4": 0.0, "5": 0.010178117048346057, "6": 0.006872852233676976, "7": 0.0016038492381716118, "8": 0.006384213580963436},
  "recall": 0.02118150019432569,
  "scene_recalls": {"1": 0.02118150019432569},
  "targets_count": 10292,
  "tp_count": 218
}