{
  "gt_count": 10292,
  "mean_obj_recall": 0.11133592489763317,
  "mean_scene_recall": 0.10513019821220365,
  "obj_recalls": {"1": 0.39705882352941174, "2": 0.141091658084449, "3": 0.06997900629811056, "4": 0.011808118081180811, "5": 0.1111111111111111, "6": 0.020618556701030927, "7": 0.1082598235765838, "8": 0.030760301799187463},
  "recall": 0.10513019821220365,
  "scene_recalls": {"1": 0.10513019821220365},
  "targets_count": 10292,
  "tp_count": 1082
}