{
  "gt_count": 10292,
  "mean_obj_recall": 0.053739301314691804,
  "mean_scene_recall": 0.05188495919160513,
  "obj_recalls": {"1": 0.29248366013071897, "2": 0.01132852729145211, "3": 0.018894331700489854, "4": 0.0, "5": 0.05597964376590331, "6": 0.012027491408934709, "7": 0.020048115477145148, "8": 0.019152640742890307},
  "recall": 0.05188495919160513,
  "scene_recalls": {"1": 0.05188495919160513},
  "targets_count": 10292,
  "tp_count": 534
}