{
  "gt_count": 10292,
  "mean_obj_recall": 0.09208171240661275,
  "mean_scene_recall": 0.08793237465993005,
  "obj_recalls": {"1": 0.37826797385620914, "2": 0.07723995880535531, "3": 0.0615815255423373, "4": 0.0014760147601476014, "5": 0.0916030534351145, "6": 0.020618556701030927, "7": 0.07858861267040898, "8": 0.027278003482298318},
  "recall": 0.08793237465993005,
  "scene_recalls": {"1": 0.08793237465993005},
  "targets_count": 10292,
  "tp_count": 905
}