{
  "gt_count": 10292,
  "mean_obj_recall": 0.47611708419908216,
  "mean_scene_recall": 0.46832491255343955,
  "obj_recalls": {"1": 0.9019607843137255, "2": 0.3367662203913491, "3": 0.3344996501049685, "4": 0.2833948339483395, "5": 0.5742154368108566, "6": 0.6323024054982818, "7": 0.35926222935044105, "8": 0.3865351131746953},
  "recall": 0.46832491255343955,
  "scene_recalls": {"1": 0.46832491255343955},
  "targets_count": 10292,
  "tp_count": 4820
}