{
  "gt_count": 10292,
  "mean_obj_recall": 0.029407732712544505,
  "mean_scene_recall": 0.027885736494364554,
  "obj_recalls": {"1": 0.16666666666666666, "2": 0.008238928939237899, "3": 0.016794961511546535, "4": 0.0014760147601476014, "5": 0.0008481764206955047, "6": 0.041237113402061855, "7": 0.0, "8": 0.0},
  "recall": 0.027885736494364554,
  "scene_recalls": {"1": 0.027885736494364554},
  "targets_count": 10292,
  "tp_count": 287
}