{
  "gt_count": 10292,
  "mean_obj_recall": 0.5125298357810614,
  "mean_scene_recall": 0.5057326078507579,
  "obj_recalls": {"1": 0.9158496732026143, "2": 0.384140061791967, "3": 0.3813855843247026, "4": 0.3025830258302583, "5": 0.6259541984732825, "6": 0.6537800687285223, "7": 0.3873295910184443, "8": 0.4492164828786999},
  "recall": 0.5057326078507579,
  "scene_recalls": {"1": 0.5057326078507579},
  "targets_count": 10292,
  "tp_count": 5205
}