{
  "K": [
    [
      2252.7609490984723,
      0.0,
      1238.1309922151056
    ],
    [
      0.0,
      2257.3800943711544,
      992.1273627597477
    ],
    [
      0.0,
      0.0,
      1.0
    ]
  ],
  "dist": [
    0,
    0,
    0,
    0,
    0
  ],
  "roi": [
    2,
    6,
    2441,
    2035
  ],
  "w": 2441,
  "h": 2035,
  "resolution": [
    2035,
    2441
  ]
}