{
  "gt_count": 10292,
  "mean_obj_recall": 0.11277532328388541,
  "mean_scene_recall": 0.10610182666148466,
  "obj_recalls": {"1": 0.28921568627450983, "2": 0.19979402677651906, "3": 0.11546536039188243, "4": 0.14981549815498155, "5": 0.026293469041560644, "6": 0.09020618556701031, "7": 0.02967121090617482, "8": 0.0017411491584445734},
  "recall": 0.10610182666148466,
  "scene_recalls": {"1": 0.10610182666148466},
  "targets_count": 10292,
  "tp_count": 1092
}