{
  "gt_count": 10292,
  "mean_obj_recall": 0.6656208405025495,
  "mean_scene_recall": 0.6476875242907112,
  "obj_recalls": {"1": 0.8406862745098039, "2": 0.8187435633367662, "3": 0.3736878936319104, "4": 0.6568265682656826, "5": 0.7489397794741306, "6": 0.6237113402061856, "7": 0.7690457097032879, "8": 0.4933255948926291},
  "recall": 0.6476875242907112,
  "scene_recalls": {"1": 0.6476875242907112},
  "targets_count": 10292,
  "tp_count": 6666
}