{
  "gt_count": 10292,
  "mean_obj_recall": 0.31182148727512493,
  "mean_scene_recall": 0.29547221142635055,
  "obj_recalls": {"1": 0.6070261437908496, "2": 0.4552008238928939, "3": 0.22393282015395383, "4": 0.4051660516605166, "5": 0.18914334181509754, "6": 0.2611683848797251, "7": 0.3111467522052927, "8": 0.04178757980266976},
  "recall": 0.29547221142635055,
  "scene_recalls": {"1": 0.29547221142635055},
  "targets_count": 10292,
  "tp_count": 3041
}