{
  "gt_count": 10292,
  "mean_obj_recall": 0.004418557727458729,
  "mean_scene_recall": 0.004566653711620676,
  "obj_recalls": {"1": 0.014705882352941176, "2": 0.006179196704428424, "3": 0.00489853044086774, "4": 0.0, "5": 0.0, "6": 0.000859106529209622, "7": 0.0, "8": 0.008705745792222866},
  "recall": 0.004566653711620676,
  "scene_recalls": {"1": 0.004566653711620676},
  "targets_count": 10292,
  "tp_count": 47
}