{
  "gt_count": 10292,
  "mean_obj_recall": 0.13734096480551972,
  "mean_scene_recall": 0.1317528177225029,
  "obj_recalls": {"1": 0.48447712418300654, "2": 0.10813594232749743, "3": 0.16724982505248426, "4": 0.05239852398523985, "5": 0.0551314673452078, "6": 0.19243986254295534, "7": 0.016840417000801924, "8": 0.022054556006964595},
  "recall": 0.1317528177225029,
  "scene_recalls": {"1": 0.1317528177225029},
  "targets_count": 10292,
  "tp_count": 1356
}