{
  "gt_count": 10279,
  "mean_obj_recall": 0.3234339581612119,
  "mean_scene_recall": 0.36064123825317856,
  "obj_recalls": {"1": 0.8333333333333334, "2": 0.22760041194644695, "3": 0.2722183344996501, "4": 0.22583025830258302, "5": 0.3053435114503817, "6": 0.5008591065292096, "7": 0.0, "8": 0.22228670922809055},
  "recall": 0.36064123825317856,
  "scene_recalls": {"1": 0.36064123825317856},
  "targets_count": 9045,
  "tp_count": 3262
}