{
  "gt_count": 10279,
  "mean_obj_recall": 0.2655555009200907,
  "mean_scene_recall": 0.2940851299060254,
  "obj_recalls": {"1": 0.7589869281045751, "2": 0.19361483007209063, "3": 0.2470258922323303, "4": 0.17712177121771217, "5": 0.20780322307039864, "6": 0.4029209621993127, "7": 0.0, "8": 0.13697040046430645},
  "recall": 0.2940851299060254,
  "scene_recalls": {"1": 0.2940851299060254},
  "targets_count": 9045,
  "tp_count": 2660
}