{
  "gt_count": 10279,
  "mean_obj_recall": 0.43120930553027703,
  "mean_scene_recall": 0.48336097291321173,
  "obj_recalls": {"1": 0.9019607843137255, "2": 0.3367662203913491, "3": 0.3344996501049685, "4": 0.2833948339483395, "5": 0.5742154368108566, "6": 0.6323024054982818, "7": 0.0, "8": 0.3865351131746953},
  "recall": 0.48336097291321173,
  "scene_recalls": {"1": 0.48336097291321173},
  "targets_count": 9045,
  "tp_count": 4372
}