{
  "gt_count": 10279,
  "mean_obj_recall": 0.20175739147681077,
  "mean_scene_recall": 0.22200110558319514,
  "obj_recalls": {"1": 0.6299019607843137, "2": 0.14521112255406798, "3": 0.21693491952414276, "4": 0.11143911439114391, "5": 0.13910093299406276, "6": 0.3024054982817869, "7": 0.0, "8": 0.06906558328496808},
  "recall": 0.22200110558319514,
  "scene_recalls": {"1": 0.22200110558319514},
  "targets_count": 9045,
  "tp_count": 2008
}