{
  "gt_count": 10279,
  "mean_obj_recall": 0.07536472888661128,
  "mean_scene_recall": 0.08181315644002211,
  "obj_recalls": {"1": 0.29248366013071897, "2": 0.05870236869207003, "3": 0.09377186843946816, "4": 0.025830258302583026, "5": 0.016963528413910092, "6": 0.11168384879725086, "7": 0.0, "8": 0.003482298316889147},
  "recall": 0.08181315644002211,
  "scene_recalls": {"1": 0.08181315644002211},
  "targets_count": 9045,
  "tp_count": 740
}