{
  "gt_count": 10279,
  "mean_obj_recall": 0.38257843996516144,
  "mean_scene_recall": 0.42885572139303485,
  "obj_recalls": {"1": 0.8839869281045751, "2": 0.2801235839340886, "3": 0.2995101469559132, "4": 0.2612546125461255, "5": 0.43341815097540287, "6": 0.5773195876288659, "7": 0.0, "8": 0.3250145095763204},
  "recall": 0.42885572139303485,
  "scene_recalls": {"1": 0.42885572139303485},
  "targets_count": 9045,
  "tp_count": 3879
}