{
  "gt_count": 10292,
  "mean_obj_recall": 0.08048181857190563,
  "mean_scene_recall": 0.08142246404974737,
  "obj_recalls": {"1": 0.3954248366013072, "2": 0.003089598352214212, "3": 0.05038488453463961, "4": 0.0036900369003690036, "5": 0.02374893977947413, "6": 0.07216494845360824, "7": 0.0048115477145148355, "8": 0.09053975623911782},
  "recall": 0.08142246404974737,
  "scene_recalls": {"1": 0.08142246404974737},
  "targets_count": 10292,
  "tp_count": 838
}