{
  "gt_count": 10292,
  "mean_obj_recall": 0.06274645224620787,
  "mean_scene_recall": 0.06305868635833657,
  "obj_recalls": {"1": 0.34395424836601307, "2": 0.0, "3": 0.04478656403079076, "4": 0.002952029520295203, "5": 0.01102629346904156, "6": 0.0429553264604811, "7": 0.0, "8": 0.05629715612304121},
  "recall": 0.06305868635833657,
  "scene_recalls": {"1": 0.06305868635833657},
  "targets_count": 10292,
  "tp_count": 649
}