{
  "gt_count": 10292,
  "mean_obj_recall": 0.15155765727373738,
  "mean_scene_recall": 0.14895064127477653,
  "obj_recalls": {"1": 0.4526143790849673, "2": 0.024716786817713696, "3": 0.08537438768369489, "4": 0.03985239852398524, "5": 0.06700593723494487, "6": 0.20876288659793815, "7": 0.24939855653568566, "8": 0.08473592571096925},
  "recall": 0.14895064127477653,
  "scene_recalls": {"1": 0.14895064127477653},
  "targets_count": 10292,
  "tp_count": 1533
}