{
  "gt_count": 10292,
  "mean_obj_recall": 0.1718050704613918,
  "mean_scene_recall": 0.16974349008938983,
  "obj_recalls": {"1": 0.4665032679738562, "2": 0.030895983522142123, "3": 0.09237228831350595, "4": 0.04944649446494465, "5": 0.1102629346904156, "6": 0.22508591065292097, "7": 0.2814755412991179, "8": 0.118398142774231},
  "recall": 0.16974349008938983,
  "scene_recalls": {"1": 0.16974349008938983},
  "targets_count": 10292,
  "tp_count": 1747
}