{
  "gt_count": 10292,
  "mean_obj_recall": 0.13064749106997822,
  "mean_scene_recall": 0.12776914108045084,
  "obj_recalls": {"1": 0.4387254901960784, "2": 0.016477857878475798, "3": 0.08117564730580826, "4": 0.02952029520295203, "5": 0.03986429177268872, "6": 0.18642611683848798, "7": 0.19727345629510826, "8": 0.05571677307022635},
  "recall": 0.12776914108045084,
  "scene_recalls": {"1": 0.12776914108045084},
  "targets_count": 10292,
  "tp_count": 1315
}