{
  "gt_count": 10292,
  "mean_obj_recall": 0.05973212760383983,
  "mean_scene_recall": 0.0580062184220754,
  "obj_recalls": {"1": 0.25163398692810457, "2": 0.007209062821833162, "3": 0.06298110566829951, "4": 0.0036900369003690036, "5": 0.005937234944868533, "6": 0.08419243986254296, "7": 0.05292702485966319, "8": 0.009286128845037725},
  "recall": 0.0580062184220754,
  "scene_recalls": {"1": 0.0580062184220754},
  "targets_count": 10292,
  "tp_count": 597
}