{
  "gt_count": 10292,
  "mean_obj_recall": 0.032003091676425885,
  "mean_scene_recall": 0.031286436066848035,
  "obj_recalls": {"1": 0.1527777777777778, "2": 0.003089598352214212, "3": 0.04478656403079076, "4": 0.0, "5": 0.0008481764206955047, "6": 0.0352233676975945, "7": 0.015236567762630313, "8": 0.004062681369704005},
  "recall": 0.031286436066848035,
  "scene_recalls": {"1": 0.031286436066848035},
  "targets_count": 10292,
  "tp_count": 322
}