{
  "gt_count": 10292,
  "mean_obj_recall": 0.08959441047044361,
  "mean_scene_recall": 0.08696074621064905,
  "obj_recalls": {"1": 0.36519607843137253, "2": 0.012358393408856848, "3": 0.072778166550035, "4": 0.012546125461254613, "5": 0.013570822731128074, "6": 0.1211340206185567, "7": 0.09943865276663993, "8": 0.019733023795705164},
  "recall": 0.08696074621064905,
  "scene_recalls": {"1": 0.08696074621064905},
  "targets_count": 10292,
  "tp_count": 895
}