{
  "gt_count": 10292,
  "mean_obj_recall": 0.1928001430516298,
  "mean_scene_recall": 0.1903420132141469,
  "obj_recalls": {"1": 0.48366013071895425, "2": 0.03913491246138002, "3": 0.0986703988803359, "4": 0.05830258302583026, "5": 0.17133163698049195, "6": 0.24398625429553264, "7": 0.3103448275862069, "8": 0.13697040046430645},
  "recall": 0.1903420132141469,
  "scene_recalls": {"1": 0.1903420132141469},
  "targets_count": 10292,
  "tp_count": 1959
}