{
  "gt_count": 10292,
  "mean_obj_recall": 0.010785314769486052,
  "mean_scene_recall": 0.010590750097162845,
  "obj_recalls": {"1": 0.06209150326797386, "2": 0.0, "3": 0.016794961511546535, "4": 0.0, "5": 0.0, "6": 0.006013745704467354, "7": 0.0008019246190858059, "8": 0.0005803830528148578},
  "recall": 0.010590750097162845,
  "scene_recalls": {"1": 0.010590750097162845},
  "targets_count": 10292,
  "tp_count": 109
}