{
  "gt_count": 10292,
  "mean_obj_recall": 0.17489499342716808,
  "mean_scene_recall": 0.16362223085891955,
  "obj_recalls": {"1": 0.397875816993464, "2": 0.39340885684860966, "3": 0.1490552834149755, "4": 0.08634686346863468, "5": 0.13061916878710772, "6": 0.03178694158075601, "7": 0.14274258219727345, "8": 0.0673244341265235},
  "recall": 0.16362223085891955,
  "scene_recalls": {"1": 0.16362223085891955},
  "targets_count": 10292,
  "tp_count": 1684
}