{
  "gt_count": 10292,
  "mean_obj_recall": 0.1508081217915026,
  "mean_scene_recall": 0.13904003109211038,
  "obj_recalls": {"1": 0.3880718954248366, "2": 0.35015447991761073, "3": 0.10706787963610917, "4": 0.07970479704797048, "5": 0.11280746395250212, "6": 0.022336769759450172, "7": 0.11788291900561347, "8": 0.028438769587928032},
  "recall": 0.13904003109211038,
  "scene_recalls": {"1": 0.13904003109211038},
  "targets_count": 10292,
  "tp_count": 1431
}