{
  "gt_count": 10292,
  "mean_obj_recall": 0.16876708992030015,
  "mean_scene_recall": 0.15672366886902447,
  "obj_recalls": {"1": 0.3954248366013072, "2": 0.388259526261586, "3": 0.13296011196641008, "4": 0.08413284132841328, "5": 0.1280746395250212, "6": 0.029209621993127148, "7": 0.14274258219727345, "8": 0.04933255948926291},
  "recall": 0.15672366886902447,
  "scene_recalls": {"1": 0.15672366886902447},
  "targets_count": 10292,
  "tp_count": 1613
}