{
  "gt_count": 10292,
  "mean_obj_recall": 0.19043747453314752,
  "mean_scene_recall": 0.18140303148076176,
  "obj_recalls": {"1": 0.39869281045751637, "2": 0.39546858908341914, "3": 0.17914625612316304, "4": 0.11365313653136531, "5": 0.13316369804919423, "6": 0.040378006872852236, "7": 0.15156375300721733, "8": 0.1114335461404527},
  "recall": 0.18140303148076176,
  "scene_recalls": {"1": 0.18140303148076176},
  "targets_count": 10292,
  "tp_count": 1867
}