{
  "gt_count": 10292,
  "mean_obj_recall": 0.18402501169035398,
  "mean_scene_recall": 0.1739214924212981,
  "obj_recalls": {"1": 0.397875816993464, "2": 0.3944387229660144, "3": 0.15815255423372987, "4": 0.11070110701107011, "5": 0.13231552162849872, "6": 0.03865979381443299, "7": 0.1483560545308741, "8": 0.09170052234474753},
  "recall": 0.1739214924212981,
  "scene_recalls": {"1": 0.1739214924212981},
  "targets_count": 10292,
  "tp_count": 1790
}