{
  "gt_count": 10292,
  "mean_obj_recall": 0.15722073878866627,
  "mean_scene_recall": 0.14554994170229305,
  "obj_recalls": {"1": 0.39215686274509803, "2": 0.35427394438722964, "3": 0.12176347095871239, "4": 0.08044280442804429, "5": 0.12213740458015267, "6": 0.023195876288659795, "7": 0.13071371291098638, "8": 0.0330818340104469},
  "recall": 0.14554994170229305,
  "scene_recalls": {"1": 0.14554994170229305},
  "targets_count": 10292,
  "tp_count": 1498
}