{
  "gt_count": 10292,
  "mean_obj_recall": 0.0600287702680106,
  "mean_scene_recall": 0.05266226195102992,
  "obj_recalls": {"1": 0.13970588235294118, "2": 0.23377960865087538, "3": 0.0363890832750175, "4": 0.041328413284132844, "5": 0.01272264631043257, "6": 0.00859106529209622, "7": 0.0048115477145148355, "8": 0.002901915264074289},
  "recall": 0.05266226195102992,
  "scene_recalls": {"1": 0.05266226195102992},
  "targets_count": 10292,
  "tp_count": 542
}