{
  "gt_count": 10292,
  "mean_obj_recall": 0.1638001567082738,
  "mean_scene_recall": 0.15147687524290712,
  "obj_recalls": {"1": 0.3937908496732026, "2": 0.384140061791967, "3": 0.1231630510846746, "4": 0.08339483394833948, "5": 0.12468193384223919, "6": 0.024054982817869417, "7": 0.13712910986367283, "8": 0.04004643064422519},
  "recall": 0.15147687524290712,
  "scene_recalls": {"1": 0.15147687524290712},
  "targets_count": 10292,
  "tp_count": 1559
}