{
  "gt_count": 10292,
  "mean_obj_recall": 0.18071441873235514,
  "mean_scene_recall": 0.17013214146910222,
  "obj_recalls": {"1": 0.397875816993464, "2": 0.39340885684860966, "3": 0.15745276417074877, "4": 0.1025830258302583, "5": 0.13146734520780323, "6": 0.03608247422680412, "7": 0.1467522052927025, "8": 0.08009286128845038},
  "recall": 0.17013214146910222,
  "scene_recalls": {"1": 0.17013214146910222},
  "targets_count": 10292,
  "tp_count": 1751
}