{
  "gt_count": 10292,
  "mean_obj_recall": 0.13013962606427887,
  "mean_scene_recall": 0.11863583365720948,
  "obj_recalls": {"1": 0.33578431372549017, "2": 0.33985581874356335, "3": 0.0734779566130161, "4": 0.07822878228782287, "5": 0.09245122985581, "6": 0.02147766323024055, "7": 0.07778668805132317, "8": 0.022054556006964595},
  "recall": 0.11863583365720948,
  "scene_recalls": {"1": 0.11863583365720948},
  "targets_count": 10292,
  "tp_count": 1221
}