{
  "gt_count": 10292,
  "mean_obj_recall": 0.017232420756014437,
  "mean_scene_recall": 0.01535172949863972,
  "obj_recalls": {"1": 0.0718954248366013, "2": 0.04325437693099897, "3": 0.0, "4": 0.0036900369003690036, "5": 0.0008481764206955047, "6": 0.014604810996563574, "7": 0.0024057738572574178, "8": 0.0011607661056297156},
  "recall": 0.01535172949863972,
  "scene_recalls": {"1": 0.01535172949863972},
  "targets_count": 10292,
  "tp_count": 158
}