{
  "gt_count": 10292,
  "mean_obj_recall": 0.05123227221915509,
  "mean_scene_recall": 0.047804119704624955,
  "obj_recalls": {"1": 0.1919934640522876, "2": 0.08032955715756952, "3": 0.0, "4": 0.022878228782287822, "5": 0.020356234096692113, "6": 0.03264604810996564, "7": 0.042502004811547714, "8": 0.019152640742890307},
  "recall": 0.047804119704624955,
  "scene_recalls": {"1": 0.047804119704624955},
  "targets_count": 10292,
  "tp_count": 492
}