{
  "gt_count": 10292,
  "mean_obj_recall": 0.08097859980595412,
  "mean_scene_recall": 0.0778274387874077,
  "obj_recalls": {"1": 0.2107843137254902, "2": 0.11740473738414006, "3": 0.05668299510146956, "4": 0.05904059040590406, "5": 0.037319762510602206, "6": 0.04381443298969072, "7": 0.0809943865276664, "8": 0.04178757980266976},
  "recall": 0.0778274387874077,
  "scene_recalls": {"1": 0.0778274387874077},
  "targets_count": 10292,
  "tp_count": 801
}