{
  "gt_count": 10292,
  "mean_obj_recall": 0.06494822428636343,
  "mean_scene_recall": 0.06150408083948698,
  "obj_recalls": {"1": 0.20833333333333334, "2": 0.09680741503604531, "3": 0.00489853044086774, "4": 0.04206642066420664, "5": 0.029686174724342665, "6": 0.03436426116838488, "7": 0.06976744186046512, "8": 0.03366221706326175},
  "recall": 0.06150408083948698,
  "scene_recalls": {"1": 0.06150408083948698},
  "targets_count": 10292,
  "tp_count": 633
}