{
  "gt_count": 10292,
  "mean_obj_recall": 0.061395489689948124,
  "mean_scene_recall": 0.0578118927322192,
  "obj_recalls": {"1": 0.20669934640522875, "2": 0.09474768280123584, "3": 0.0, "4": 0.04059040590405904, "5": 0.026293469041560644, "6": 0.03264604810996564, "7": 0.061748195669607056, "8": 0.028438769587928032},
  "recall": 0.0578118927322192,
  "scene_recalls": {"1": 0.0578118927322192},
  "targets_count": 10292,
  "tp_count": 595
}