{
  "gt_count": 10292,
  "mean_obj_recall": 0.05692406997668236,
  "mean_scene_recall": 0.05363389040031092,
  "obj_recalls": {"1": 0.19852941176470587, "2": 0.08135942327497425, "3": 0.0, "4": 0.03837638376383764, "5": 0.02374893977947413, "6": 0.03264604810996564, "7": 0.05693664795509222, "8": 0.02379570516540917},
  "recall": 0.05363389040031092,
  "scene_recalls": {"1": 0.05363389040031092},
  "targets_count": 10292,
  "tp_count": 552
}