{
  "gt_count": 10292,
  "mean_obj_recall": 0.07114307864859212,
  "mean_scene_recall": 0.06762534006995725,
  "obj_recalls": {"1": 0.20915032679738563, "2": 0.1101956745623069, "3": 0.01819454163750875, "4": 0.045018450184501846, "5": 0.03307888040712468, "6": 0.03865979381443299, "7": 0.07538091419406576, "8": 0.03946604759141033},
  "recall": 0.06762534006995725,
  "scene_recalls": {"1": 0.06762534006995725},
  "targets_count": 10292,
  "tp_count": 696
}