{
  "gt_count": 10292,
  "mean_obj_recall": 0.04407515869184693,
  "mean_scene_recall": 0.040711232024873686,
  "obj_recalls": {"1": 0.16830065359477125, "2": 0.07929969104016478, "3": 0.0, "4": 0.016236162361623615, "5": 0.015267175572519083, "6": 0.027491408934707903, "7": 0.03207698476343224, "8": 0.013929193267556587},
  "recall": 0.040711232024873686,
  "scene_recalls": {"1": 0.040711232024873686},
  "targets_count": 10292,
  "tp_count": 419
}