{
  "gt_count": 10292,
  "mean_obj_recall": 0.08939655409037352,
  "mean_scene_recall": 0.08676642052079285,
  "obj_recalls": {"1": 0.2107843137254902, "2": 0.12255406797116375, "3": 0.09097270818754374, "4": 0.06199261992619926, "5": 0.041560644614079725, "6": 0.04553264604810996, "7": 0.09302325581395349, "8": 0.04875217643644805},
  "recall": 0.08676642052079285,
  "scene_recalls": {"1": 0.08676642052079285},
  "targets_count": 10292,
  "tp_count": 893
}