{
  "gt_count": 10292,
  "mean_obj_recall": 0.09644033001841622,
  "mean_scene_recall": 0.09453944811504081,
  "obj_recalls": {"1": 0.21160130718954248, "2": 0.12358393408856849, "3": 0.11406578026592022, "4": 0.06568265682656826, "5": 0.04580152671755725, "6": 0.04982817869415808, "7": 0.09943865276663993, "8": 0.061520603598374926},
  "recall": 0.09453944811504081,
  "scene_recalls": {"1": 0.09453944811504081},
  "targets_count": 10292,
  "tp_count": 973
}