{
  "gt_count": 10292,
  "mean_obj_recall": 0.030103997446895736,
  "mean_scene_recall": 0.02856587640886125,
  "obj_recalls": {"1": 0.16748366013071894, "2": 0.008238928939237899, "3": 0.01749475157452764, "4": 0.002952029520295203, "5": 0.0008481764206955047, "6": 0.04381443298969072, "7": 0.0, "8": 0.0},
  "recall": 0.02856587640886125,
  "scene_recalls": {"1": 0.02856587640886125},
  "targets_count": 10292,
  "tp_count": 294
}