{
  "gt_count": 10292,
  "mean_obj_recall": 0.4644482551845325,
  "mean_scene_recall": 0.45579090555771473,
  "obj_recalls": {"1": 0.8978758169934641, "2": 0.364572605561277, "3": 0.33100069979006297, "4": 0.3756457564575646, "5": 0.4715860899067006, "6": 0.5962199312714777, "7": 0.34322373696872494, "8": 0.3354614045269878},
  "recall": 0.45579090555771473,
  "scene_recalls": {"1": 0.45579090555771473},
  "targets_count": 10292,
  "tp_count": 4691
}