{
  "gt_count": 10292,
  "mean_obj_recall": 0.5280868769098174,
  "mean_scene_recall": 0.5188495919160513,
  "obj_recalls": {"1": 0.9133986928104575, "2": 0.4294541709577755, "3": 0.3827851644506648, "4": 0.40369003690036903, "5": 0.6208651399491094, "6": 0.6529209621993127, "7": 0.41299117882919006, "8": 0.4085896691816599},
  "recall": 0.5188495919160513,
  "scene_recalls": {"1": 0.5188495919160513},
  "targets_count": 10292,
  "tp_count": 5340
}