{
  "gt_count": 10292,
  "mean_obj_recall": 0.15078867795385503,
  "mean_scene_recall": 0.14477263894286824,
  "obj_recalls": {"1": 0.4869281045751634, "2": 0.12976313079299692, "3": 0.1847445766270119, "4": 0.09151291512915129, "5": 0.07039864291772689, "6": 0.19845360824742267, "7": 0.022453889334402566, "8": 0.022054556006964595},
  "recall": 0.14477263894286824,
  "scene_recalls": {"1": 0.14477263894286824},
  "targets_count": 10292,
  "tp_count": 1490
}