{
  "gt_count": 10292,
  "mean_obj_recall": 0.09855512939123935,
  "mean_scene_recall": 0.09143023707734163,
  "obj_recalls": {"1": 0.2540849673202614, "2": 0.1791967044284243, "3": 0.05458362491252624, "4": 0.061254612546125464, "5": 0.07039864291772689, "6": 0.06357388316151202, "7": 0.09141940657578188, "8": 0.013929193267556587},
  "recall": 0.09143023707734163,
  "scene_recalls": {"1": 0.09143023707734163},
  "targets_count": 10292,
  "tp_count": 941
}