{
  "gt_count": 10292,
  "mean_obj_recall": 0.016287444818010515,
  "mean_scene_recall": 0.014963078118927322,
  "obj_recalls": {"1": 0.09558823529411764, "2": 0.025746652935118436, "3": 0.0013995801259622112, "4": 0.005904059040590406, "5": 0.0, "6": 0.000859106529209622, "7": 0.0008019246190858059, "8": 0.0},
  "recall": 0.014963078118927322,
  "scene_recalls": {"1": 0.014963078118927322},
  "targets_count": 10292,
  "tp_count": 154
}