{
  "gt_count": 10292,
  "mean_obj_recall": 0.08818193347585868,
  "mean_scene_recall": 0.08161678973960358,
  "obj_recalls": {"1": 0.24183006535947713, "2": 0.16683831101956745, "3": 0.05108467459762071, "4": 0.05977859778597786, "5": 0.04240882103477523, "6": 0.05154639175257732, "7": 0.08500400962309543, "8": 0.006964596633778294},
  "recall": 0.08161678973960358,
  "scene_recalls": {"1": 0.08161678973960358},
  "targets_count": 10292,
  "tp_count": 840
}