{
  "gt_count": 10292,
  "mean_obj_recall": 0.10637262846413426,
  "mean_scene_recall": 0.09881461329187718,
  "obj_recalls": {"1": 0.2589869281045752, "2": 0.18846549948506694, "3": 0.05808257522743177, "4": 0.06199261992619926, "5": 0.09499575911789652, "6": 0.070446735395189, "7": 0.09943865276663993, "8": 0.01857225769007545},
  "recall": 0.09881461329187718,
  "scene_recalls": {"1": 0.09881461329187718},
  "targets_count": 10292,
  "tp_count": 1017
}