{
  "gt_count": 10292,
  "mean_obj_recall": 0.06487470898295998,
  "mean_scene_recall": 0.05965798678585309,
  "obj_recalls": {"1": 0.2099673202614379, "2": 0.13697219361483007, "3": 0.03848845346396081, "4": 0.05018450184501845, "5": 0.015267175572519083, "6": 0.03006872852233677, "7": 0.03688853247794707, "8": 0.0011607661056297156},
  "recall": 0.05965798678585309,
  "scene_recalls": {"1": 0.05965798678585309},
  "targets_count": 10292,
  "tp_count": 614
}