{
  "gt_count": 10292,
  "mean_obj_recall": 0.03041041045106206,
  "mean_scene_recall": 0.028080062184220753,
  "obj_recalls": {"1": 0.13398692810457516, "2": 0.0607621009268795, "3": 0.02239328201539538, "4": 0.015498154981549815, "5": 0.0008481764206955047, "6": 0.002577319587628866, "7": 0.007217321571772253, "8": 0.0},
  "recall": 0.028080062184220753,
  "scene_recalls": {"1": 0.028080062184220753},
  "targets_count": 10292,
  "tp_count": 289
}