{
  "gt_count": 10292,
  "mean_obj_recall": 0.04248318515134215,
  "mean_scene_recall": 0.039545277885736495,
  "obj_recalls": {"1": 0.1707516339869281, "2": 0.07826982492276004, "3": 0.03358992302309307, "4": 0.03247232472324723, "5": 0.005937234944868533, "6": 0.006013745704467354, "7": 0.012830793905372895, "8": 0.0},
  "recall": 0.039545277885736495,
  "scene_recalls": {"1": 0.039545277885736495},
  "targets_count": 10292,
  "tp_count": 407
}