{
  "gt_count": 10292,
  "mean_obj_recall": 0.07968102780673782,
  "mean_scene_recall": 0.07355227361057132,
  "obj_recalls": {"1": 0.2295751633986928, "2": 0.15756951596292482, "3": 0.04758572428271519, "4": 0.055350553505535055, "5": 0.026293469041560644, "6": 0.04381443298969072, "7": 0.07377706495589414, "8": 0.003482298316889147},
  "recall": 0.07355227361057132,
  "scene_recalls": {"1": 0.07355227361057132},
  "targets_count": 10292,
  "tp_count": 757
}