{
  "gt_count": 10292,
  "mean_obj_recall": 0.053419660967416516,
  "mean_scene_recall": 0.049358725223474544,
  "obj_recalls": {"1": 0.19444444444444445, "2": 0.10916580844490216, "3": 0.0363890832750175, "4": 0.04428044280442804, "5": 0.008481764206955046, "6": 0.013745704467353952, "7": 0.020850040096230954, "8": 0.0},
  "recall": 0.049358725223474544,
  "scene_recalls": {"1": 0.049358725223474544},
  "targets_count": 10292,
  "tp_count": 508
}