{
  "gt_count": 10292,
  "mean_obj_recall": 0.0011786695724478554,
  "mean_scene_recall": 0.0010687912942090945,
  "obj_recalls": {"1": 0.004901960784313725, "2": 0.003089598352214212, "3": 0.0006997900629811056, "4": 0.0007380073800738007, "5": 0.0, "6": 0.0, "7": 0.0, "8": 0.0},
  "recall": 0.0010687912942090945,
  "scene_recalls": {"1": 0.0010687912942090945},
  "targets_count": 10292,
  "tp_count": 11
}