{
  "gt_count": 10292,
  "mean_obj_recall": 0.15892821820453273,
  "mean_scene_recall": 0.1530314807617567,
  "obj_recalls": {"1": 0.3684640522875817, "2": 0.14521112255406798, "3": 0.1861441567529741, "4": 0.18302583025830257, "5": 0.09838846480067855, "6": 0.17010309278350516, "7": 0.1090617481956696, "8": 0.011027278003482298},
  "recall": 0.1530314807617567,
  "scene_recalls": {"1": 0.1530314807617567},
  "targets_count": 10292,
  "tp_count": 1575
}