{
  "gt_count": 10292,
  "mean_obj_recall": 0.42881401676191727,
  "mean_scene_recall": 0.41614846482705015,
  "obj_recalls": {"1": 0.6813725490196079, "2": 0.42636457260556127, "3": 0.2722183344996501, "4": 0.4191881918819188, "5": 0.4681933842239186, "6": 0.4115120274914089, "7": 0.5212510024057738, "8": 0.23041207196749855},
  "recall": 0.41614846482705015,
  "scene_recalls": {"1": 0.41614846482705015},
  "targets_count": 10292,
  "tp_count": 4283
}