{
  "gt_count": 10292,
  "mean_obj_recall": 0.24068205397915937,
  "mean_scene_recall": 0.2315390594636611,
  "obj_recalls": {"1": 0.5098039215686274, "2": 0.22760041194644695, "3": 0.2218334499650105, "4": 0.3040590405904059, "5": 0.15097540288379982, "6": 0.24742268041237114, "7": 0.23416198877305533, "8": 0.02959953569355775},
  "recall": 0.2315390594636611,
  "scene_recalls": {"1": 0.2315390594636611},
  "targets_count": 10292,
  "tp_count": 2383
}