{
  "gt_count": 10292,
  "mean_obj_recall": 0.4849270977429747,
  "mean_scene_recall": 0.47075398367664206,
  "obj_recalls": {"1": 0.7050653594771242, "2": 0.5066941297631308, "3": 0.28621413575927224, "4": 0.43468634686346863, "5": 0.635284139100933, "6": 0.42783505154639173, "7": 0.5829991980753809, "8": 0.3006384213580963},
  "recall": 0.47075398367664206,
  "scene_recalls": {"1": 0.47075398367664206},
  "targets_count": 10292,
  "tp_count": 4845
}