{
  "gt_count": 10292,
  "mean_obj_recall": 0.07647207527127488,
  "mean_scene_recall": 0.07413525068013992,
  "obj_recalls": {"1": 0.2107843137254902, "2": 0.06282183316168898, "3": 0.10286913925822254, "4": 0.09225092250922509, "5": 0.02374893977947413, "6": 0.08075601374570447, "7": 0.034482758620689655, "8": 0.004062681369704005},
  "recall": 0.07413525068013992,
  "scene_recalls": {"1": 0.07413525068013992},
  "targets_count": 10292,
  "tp_count": 763
}