{
  "gt_count": 10292,
  "mean_obj_recall": 0.02080080045013402,
  "mean_scene_recall": 0.020501360279828993,
  "obj_recalls": {"1": 0.08415032679738563, "2": 0.007209062821833162, "3": 0.03498950314905528, "4": 0.017712177121771217, "5": 0.0, "6": 0.013745704467353952, "7": 0.00801924619085806, "8": 0.0005803830528148578},
  "recall": 0.020501360279828993,
  "scene_recalls": {"1": 0.020501360279828993},
  "targets_count": 10292,
  "tp_count": 211
}