{
  "gt_count": 10292,
  "mean_obj_recall": 0.3703142064861012,
  "mean_scene_recall": 0.3581422464049747,
  "obj_recalls": {"1": 0.6519607843137255, "2": 0.3635427394438723, "3": 0.25262421273617913, "4": 0.3940959409594096, "5": 0.31297709923664124, "6": 0.38230240549828176, "7": 0.454691259021652, "8": 0.15031921067904816},
  "recall": 0.3581422464049747,
  "scene_recalls": {"1": 0.3581422464049747},
  "targets_count": 10292,
  "tp_count": 3686
}