{
  "gt_count": 10279,
  "mean_obj_recall": 0.3673221923952269,
  "mean_scene_recall": 0.40265339966832503,
  "obj_recalls": {"1": 0.7066993464052288, "2": 0.46343975283213185, "3": 0.00489853044086774, "4": 0.27601476014760146, "5": 0.6751484308736218, "6": 0.44673539518900346, "7": 0.0, "8": 0.3656413232733604},
  "recall": 0.40265339966832503,
  "scene_recalls": {"1": 0.40265339966832503},
  "targets_count": 9045,
  "tp_count": 3642
}