{
  "gt_count": 10279,
  "mean_obj_recall": 0.04612968003711225,
  "mean_scene_recall": 0.04930901050304035,
  "obj_recalls": {"1": 0.1919934640522876, "2": 0.04016477857878476, "3": 0.0, "4": 0.06568265682656826, "5": 0.008481764206955046, "6": 0.0627147766323024, "7": 0.0, "8": 0.0},
  "recall": 0.04930901050304035,
  "scene_recalls": {"1": 0.04930901050304035},
  "targets_count": 9045,
  "tp_count": 446
}