{
  "gt_count": 10292,
  "mean_obj_recall": 0.10550336017331904,
  "mean_scene_recall": 0.0984259619121648,
  "obj_recalls": {"1": 0.34558823529411764, "2": 0.11534500514933059, "3": 0.0, "4": 0.13357933579335793, "5": 0.0916030534351145, "6": 0.12199312714776632, "7": 0.03127506014434643, "8": 0.0046430644225188625},
  "recall": 0.0984259619121648,
  "scene_recalls": {"1": 0.0984259619121648},
  "targets_count": 10292,
  "tp_count": 1013
}