{
  "gt_count": 10279,
  "mean_obj_recall": 0.013246960205367385,
  "mean_scene_recall": 0.014262023217247097,
  "obj_recalls": {"1": 0.08660130718954248, "2": 0.0020597322348094747, "3": 0.0, "4": 0.004428044280442804, "5": 0.0, "6": 0.01288659793814433, "7": 0.0, "8": 0.0},
  "recall": 0.014262023217247097,
  "scene_recalls": {"1": 0.014262023217247097},
  "targets_count": 9045,
  "tp_count": 129
}