{
  "gt_count": 10279,
  "mean_obj_recall": 0.3408284560009693,
  "mean_scene_recall": 0.37213930348258706,
  "obj_recalls": {"1": 0.6968954248366013, "2": 0.4181256436663234, "3": 0.002099370188943317, "4": 0.26642066420664207, "5": 0.5996607294317218, "6": 0.4381443298969072, "7": 0.0, "8": 0.3052814857806152},
  "recall": 0.37213930348258706,
  "scene_recalls": {"1": 0.37213930348258706},
  "targets_count": 9045,
  "tp_count": 3366
}