{
  "gt_count": 10279,
  "mean_obj_recall": 0.1917993132339386,
  "mean_scene_recall": 0.20597014925373133,
  "obj_recalls": {"1": 0.559640522875817, "2": 0.21421215242018538, "3": 0.0, "4": 0.2059040590405904, "5": 0.19338422391857507, "6": 0.2852233676975945, "7": 0.0, "8": 0.07603017991874637},
  "recall": 0.20597014925373133,
  "scene_recalls": {"1": 0.20597014925373133},
  "targets_count": 9045,
  "tp_count": 1863
}