{
  "gt_count": 10279,
  "mean_obj_recall": 0.1496069498519491,
  "mean_scene_recall": 0.1587617468214483,
  "obj_recalls": {"1": 0.49019607843137253, "2": 0.17610710607621008, "3": 0.0, "4": 0.16752767527675277, "5": 0.14249363867684478, "6": 0.19673539518900343, "7": 0.0, "8": 0.02379570516540917},
  "recall": 0.1587617468214483,
  "scene_recalls": {"1": 0.1587617468214483},
  "targets_count": 9045,
  "tp_count": 1436
}