{
  "gt_count": 10279,
  "mean_obj_recall": 0.2962866803865062,
  "mean_scene_recall": 0.3231619679380873,
  "obj_recalls": {"1": 0.6781045751633987, "2": 0.345005149330587, "3": 0.0013995801259622112, "4": 0.25608856088560883, "5": 0.4402035623409669, "6": 0.4097938144329897, "7": 0.0, "8": 0.23969820081253626},
  "recall": 0.3231619679380873,
  "scene_recalls": {"1": 0.3231619679380873},
  "targets_count": 9045,
  "tp_count": 2923
}