{
  "gt_count": 10292,
  "mean_obj_recall": 0.025044578725196158,
  "mean_scene_recall": 0.024485036921881073,
  "obj_recalls": {"1": 0.136437908496732, "2": 0.0, "3": 0.03358992302309307, "4": 0.0007380073800738007, "5": 0.0016963528413910093, "6": 0.009450171821305841, "7": 0.018444266238973536, "8": 0.0},
  "recall": 0.024485036921881073,
  "scene_recalls": {"1": 0.024485036921881073},
  "targets_count": 10292,
  "tp_count": 252
}