{
  "gt_count": 10292,
  "mean_obj_recall": 0.02789344297457942,
  "mean_scene_recall": 0.027205596579867857,
  "obj_recalls": {"1": 0.1503267973856209, "2": 0.0010298661174047373, "3": 0.03498950314905528, "4": 0.0007380073800738007, "5": 0.0016963528413910093, "6": 0.010309278350515464, "7": 0.024057738572574178, "8": 0.0},
  "recall": 0.027205596579867857,
  "scene_recalls": {"1": 0.027205596579867857},
  "targets_count": 10292,
  "tp_count": 280
}