{
  "gt_count": 10292,
  "mean_obj_recall": 0.030860825641612164,
  "mean_scene_recall": 0.030120481927710843,
  "obj_recalls": {"1": 0.16748366013071894, "2": 0.0010298661174047373, "3": 0.0370888733379986, "4": 0.0007380073800738007, "5": 0.0016963528413910093, "6": 0.012027491408934709, "7": 0.02566158781074579, "8": 0.0011607661056297156},
  "recall": 0.030120481927710843,
  "scene_recalls": {"1": 0.030120481927710843},
  "targets_count": 10292,
  "tp_count": 310
}