{
  "gt_count": 10292,
  "mean_obj_recall": 0.013413517688686672,
  "mean_scene_recall": 0.012922658375437233,
  "obj_recalls": {"1": 0.08741830065359477, "2": 0.0, "3": 0.010496850944716585, "4": 0.0, "5": 0.0, "6": 0.00859106529209622, "7": 0.0008019246190858059, "8": 0.0},
  "recall": 0.012922658375437233,
  "scene_recalls": {"1": 0.012922658375437233},
  "targets_count": 10292,
  "tp_count": 133
}