{
  "gt_count": 10292,
  "mean_obj_recall": 0.02225584685138463,
  "mean_scene_recall": 0.021764477263894286,
  "obj_recalls": {"1": 0.12173202614379085, "2": 0.0, "3": 0.03079076277116865, "4": 0.0, "5": 0.0016963528413910093, "6": 0.00859106529209622, "7": 0.015236567762630313, "8": 0.0},
  "recall": 0.021764477263894286,
  "scene_recalls": {"1": 0.021764477263894286},
  "targets_count": 10292,
  "tp_count": 224
}