{
  "gt_count": 10292,
  "mean_obj_recall": 0.001736111111111111,
  "mean_scene_recall": 0.0016517683637776914,
  "obj_recalls": {"1": 0.013888888888888888, "2": 0.0, "3": 0.0, "4": 0.0, "5": 0.0, "6": 0.0, "7": 0.0, "8": 0.0},
  "recall": 0.0016517683637776914,
  "scene_recalls": {"1": 0.0016517683637776914},
  "targets_count": 10292,
  "tp_count": 17
}