{
  "gt_count": 10292,
  "mean_obj_recall": 0.03718786716148305,
  "mean_scene_recall": 0.03633890400310921,
  "obj_recalls": {"1": 0.19852941176470587, "2": 0.0020597322348094747, "3": 0.04198740377886634, "4": 0.002214022140221402, "5": 0.0016963528413910093, "6": 0.012027491408934709, "7": 0.03608660785886127, "8": 0.002901915264074289},
  "recall": 0.03633890400310921,
  "scene_recalls": {"1": 0.03633890400310921},
  "targets_count": 10292,
  "tp_count": 374
}