{
  "gt_count": 10292,
  "mean_obj_recall": 0.008672311237866428,
  "mean_scene_recall": 0.008258841818888456,
  "obj_recalls": {"1": 0.06454248366013073, "2": 0.0, "3": 0.0013995801259622112, "4": 0.0, "5": 0.0, "6": 0.003436426116838488, "7": 0.0, "8": 0.0},
  "recall": 0.008258841818888456,
  "scene_recalls": {"1": 0.008258841818888456},
  "targets_count": 10292,
  "tp_count": 85
}