{
  "gt_count": 10292,
  "mean_obj_recall": 0.03484651511662551,
  "mean_scene_recall": 0.03400699572483482,
  "obj_recalls": {"1": 0.18790849673202614, "2": 0.0020597322348094747, "3": 0.04058782365290413, "4": 0.0014760147601476014, "5": 0.0016963528413910093, "6": 0.012027491408934709, "7": 0.03127506014434643, "8": 0.0017411491584445734},
  "recall": 0.03400699572483482,
  "scene_recalls": {"1": 0.03400699572483482},
  "targets_count": 10292,
  "tp_count": 350
}