{
  "gt_count": 10292,
  "mean_obj_recall": 0.018074992061064856,
  "mean_scene_recall": 0.017683637776914108,
  "obj_recalls": {"1": 0.10620915032679738, "2": 0.0, "3": 0.026592022393282014, "4": 0.0, "5": 0.0, "6": 0.00859106529209622, "7": 0.0032076984763432237, "8": 0.0},
  "recall": 0.017683637776914108,
  "scene_recalls": {"1": 0.017683637776914108},
  "targets_count": 10292,
  "tp_count": 182
}