{
  "bop19_average_recall": 0.2561230882623917,
  "bop19_average_recall_mspd": 0.39241569928137093,
  "bop19_average_recall_mssd": 0.24441127694859036,
  "bop19_average_recall_vsd": 0.13154228855721395,
  "bop19_average_time_per_image": -1.0
}