{
  "gt_count": 10292,
  "mean_obj_recall": 0.05698529411764706,
  "mean_scene_recall": 0.05421686746987952,
  "obj_recalls": {"1": 0.45588235294117646, "2": 0.0, "3": 0.0, "4": 0.0, "5": 0.0, "6": 0.0, "7": 0.0, "8": 0.0},
  "recall": 0.05421686746987952,
  "scene_recalls": {"1": 0.05421686746987952},
  "targets_count": 10292,
  "tp_count": 558
}