{
  "gt_count": 10292,
  "mean_obj_recall": 0.021037581699346407,
  "mean_scene_recall": 0.020015546055188495,
  "obj_recalls": {"1": 0.16830065359477125, "2": 0.0, "3": 0.0, "4": 0.0, "5": 0.0, "6": 0.0, "7": 0.0, "8": 0.0},
  "recall": 0.020015546055188495,
  "scene_recalls": {"1": 0.020015546055188495},
  "targets_count": 10292,
  "tp_count": 206
}