{
  "gt_count": 10292,
  "mean_obj_recall": 0.05136846405228758,
  "mean_scene_recall": 0.04887291099883405,
  "obj_recalls": {"1": 0.41094771241830064, "2": 0.0, "3": 0.0, "4": 0.0, "5": 0.0, "6": 0.0, "7": 0.0, "8": 0.0},
  "recall": 0.04887291099883405,
  "scene_recalls": {"1": 0.04887291099883405},
  "targets_count": 10292,
  "tp_count": 503
}