{
  "gt_count": 10292,
  "mean_obj_recall": 0.027573529411764705,
  "mean_scene_recall": 0.026233968130586864,
  "obj_recalls": {"1": 0.22058823529411764, "2": 0.0, "3": 0.0, "4": 0.0, "5": 0.0, "6": 0.0, "7": 0.0, "8": 0.0},
  "recall": 0.026233968130586864,
  "scene_recalls": {"1": 0.026233968130586864},
  "targets_count": 10292,
  "tp_count": 270
}