{
  "gt_count": 10292,
  "mean_obj_recall": 0.03666258169934641,
  "mean_scene_recall": 0.03488146132918772,
  "obj_recalls": {"1": 0.29330065359477125, "2": 0.0, "3": 0.0, "4": 0.0, "5": 0.0, "6": 0.0, "7": 0.0, "8": 0.0},
  "recall": 0.03488146132918772,
  "scene_recalls": {"1": 0.03488146132918772},
  "targets_count": 10292,
  "tp_count": 359
}