{
  "gt_count": 10292,
  "mean_obj_recall": 0.04350490196078431,
  "mean_scene_recall": 0.04139137193937038,
  "obj_recalls": {"1": 0.3480392156862745, "2": 0.0, "3": 0.0, "4": 0.0, "5": 0.0, "6": 0.0, "7": 0.0, "8": 0.0},
  "recall": 0.04139137193937038,
  "scene_recalls": {"1": 0.04139137193937038},
  "targets_count": 10292,
  "tp_count": 426
}