{
  "gt_count": 10292,
  "mean_obj_recall": 0.05131693524834195,
  "mean_scene_recall": 0.04974737660318694,
  "obj_recalls": {"1": 0.24918300653594772, "2": 0.01956745623069001, "3": 0.0622813156053184, "4": 0.0051660516605166054, "5": 0.002544529262086514, "6": 0.01632302405498282, "7": 0.053728949478749, "8": 0.0017411491584445734},
  "recall": 0.04974737660318694,
  "scene_recalls": {"1": 0.04974737660318694},
  "targets_count": 10292,
  "tp_count": 512
}