{
  "gt_count": 10292,
  "mean_obj_recall": 0.026230107449517457,
  "mean_scene_recall": 0.02565099106101827,
  "obj_recalls": {"1": 0.1568627450980392, "2": 0.0010298661174047373, "3": 0.03848845346396081, "4": 0.0, "5": 0.0, "6": 0.009450171821305841, "7": 0.00400962309542903, "8": 0.0},
  "recall": 0.02565099106101827,
  "scene_recalls": {"1": 0.02565099106101827},
  "targets_count": 10292,
  "tp_count": 264
}