{
  "gt_count": 10292,
  "mean_obj_recall": 0.0460631593194347,
  "mean_scene_recall": 0.04479207151185387,
  "obj_recalls": {"1": 0.2238562091503268, "2": 0.016477857878475798, "3": 0.0615815255423373, "4": 0.002952029520295203, "5": 0.0016963528413910093, "6": 0.01288659793814433, "7": 0.04731355252606255, "8": 0.0017411491584445734},
  "recall": 0.04479207151185387,
  "scene_recalls": {"1": 0.04479207151185387},
  "targets_count": 10292,
  "tp_count": 461
}