{
  "gt_count": 10292,
  "mean_obj_recall": 0.056493054980649215,
  "mean_scene_recall": 0.054702681694520014,
  "obj_recalls": {"1": 0.27941176470588236, "2": 0.02368692070030896, "3": 0.06298110566829951, "4": 0.007380073800738007, "5": 0.002544529262086514, "6": 0.01632302405498282, "7": 0.056134723336006415, "8": 0.003482298316889147},
  "recall": 0.054702681694520014,
  "scene_recalls": {"1": 0.054702681694520014},
  "targets_count": 10292,
  "tp_count": 563
}