{
  "gt_count": 10292,
  "mean_obj_recall": 0.003171113806347281,
  "mean_scene_recall": 0.0030120481927710845,
  "obj_recalls": {"1": 0.024509803921568627, "2": 0.0, "3": 0.0, "4": 0.0, "5": 0.0, "6": 0.000859106529209622, "7": 0.0, "8": 0.0},
  "recall": 0.0030120481927710845,
  "scene_recalls": {"1": 0.0030120481927710845},
  "targets_count": 10292,
  "tp_count": 31
}