{
  "gt_count": 10292,
  "mean_obj_recall": 0.018426988947996166,
  "mean_scene_recall": 0.017683637776914108,
  "obj_recalls": {"1": 0.12908496732026145, "2": 0.0, "3": 0.00979706088173548, "4": 0.0, "5": 0.0, "6": 0.007731958762886598, "7": 0.0008019246190858059, "8": 0.0},
  "recall": 0.017683637776914108,
  "scene_recalls": {"1": 0.017683637776914108},
  "targets_count": 10292,
  "tp_count": 182
}