{
  "gt_count": 10292,
  "mean_obj_recall": 0.060497172495381016,
  "mean_scene_recall": 0.05858919549164399,
  "obj_recalls": {"1": 0.3006535947712418, "2": 0.02368692070030896, "3": 0.06648005598320504, "4": 0.008118081180811807, "5": 0.005089058524173028, "6": 0.01632302405498282, "7": 0.060144346431435444, "8": 0.003482298316889147},
  "recall": 0.05858919549164399,
  "scene_recalls": {"1": 0.05858919549164399},
  "targets_count": 10292,
  "tp_count": 603
}