{
  "gt_count": 10292,
  "mean_obj_recall": 0.06274391617715393,
  "mean_scene_recall": 0.06092110376991838,
  "obj_recalls": {"1": 0.3047385620915033, "2": 0.025746652935118436, "3": 0.06648005598320504, "4": 0.010332103321033211, "5": 0.005937234944868533, "6": 0.01804123711340206, "7": 0.06255012028869286, "8": 0.00812536273940801},
  "recall": 0.06092110376991838,
  "scene_recalls": {"1": 0.06092110376991838},
  "targets_count": 10292,
  "tp_count": 627
}