{
  "gt_count": 10292,
  "mean_obj_recall": 0.0655884290690345,
  "mean_scene_recall": 0.06403031480761756,
  "obj_recalls": {"1": 0.30800653594771243, "2": 0.025746652935118436, "3": 0.06787963610916725, "4": 0.012546125461254613, "5": 0.008481764206955046, "6": 0.020618556701030927, "7": 0.06575781876503609, "8": 0.01567034242600116},
  "recall": 0.06403031480761756,
  "scene_recalls": {"1": 0.06403031480761756},
  "targets_count": 10292,
  "tp_count": 659
}