{
  "gt_count": 10292,
  "mean_obj_recall": 0.037093331192014425,
  "mean_scene_recall": 0.036241741158181115,
  "obj_recalls": {"1": 0.18790849673202614, "2": 0.009268795056642637, "3": 0.05738278516445067, "4": 0.0014760147601476014, "5": 0.0016963528413910093, "6": 0.011168384879725086, "7": 0.0272654370489174, "8": 0.0005803830528148578},
  "recall": 0.036241741158181115,
  "scene_recalls": {"1": 0.036241741158181115},
  "targets_count": 10292,
  "tp_count": 373
}