{
  "gt_count": 10292,
  "mean_obj_recall": 0.1282541976427358,
  "mean_scene_recall": 0.12495141857753594,
  "obj_recalls": {"1": 0.37336601307189543, "2": 0.08341915550978372, "3": 0.06857942617214835, "4": 0.07306273062730627, "5": 0.09923664122137404, "6": 0.13058419243986255, "7": 0.12349639133921411, "8": 0.0742890307603018},
  "recall": 0.12495141857753594,
  "scene_recalls": {"1": 0.12495141857753594},
  "targets_count": 10292,
  "tp_count": 1286
}