{
  "gt_count": 10279,
  "mean_obj_recall": 0.1283791673319991,
  "mean_scene_recall": 0.14328358208955225,
  "obj_recalls": {"1": 0.3880718954248366, "2": 0.09474768280123584, "3": 0.0741777466759972, "4": 0.09225092250922509, "5": 0.12044105173876166, "6": 0.1563573883161512, "7": 0.0, "8": 0.10098665118978525},
  "recall": 0.14328358208955225,
  "scene_recalls": {"1": 0.14328358208955225},
  "targets_count": 9045,
  "tp_count": 1296
}