{
  "gt_count": 10292,
  "mean_obj_recall": 0.1478258393448299,
  "mean_scene_recall": 0.14477263894286824,
  "obj_recalls": {"1": 0.3880718954248366, "2": 0.09474768280123584, "3": 0.0741777466759972, "4": 0.09225092250922509, "5": 0.12044105173876166, "6": 0.1563573883161512, "7": 0.15557337610264635, "8": 0.10098665118978525},
  "recall": 0.14477263894286824,
  "scene_recalls": {"1": 0.14477263894286824},
  "targets_count": 10292,
  "tp_count": 1490
}