{
  "gt_count": 10279,
  "mean_obj_recall": 0.08405858970919011,
  "mean_scene_recall": 0.09264787175234937,
  "obj_recalls": {"1": 0.3366013071895425, "2": 0.06694129763130793, "3": 0.05878236529041288, "4": 0.04206642066420664, "5": 0.04495335029686175, "6": 0.08075601374570447, "7": 0.0, "8": 0.04236796285548462},
  "recall": 0.09264787175234937,
  "scene_recalls": {"1": 0.09264787175234937},
  "targets_count": 9045,
  "tp_count": 838
}