{
  "gt_count": 10279,
  "mean_obj_recall": 0.09742846579433213,
  "mean_scene_recall": 0.1077943615257048,
  "obj_recalls": {"1": 0.3562091503267974, "2": 0.07415036045314109, "3": 0.06438068579426172, "4": 0.05830258302583026, "5": 0.06785411365564037, "6": 0.10223367697594501, "7": 0.0, "8": 0.05629715612304121},
  "recall": 0.1077943615257048,
  "scene_recalls": {"1": 0.1077943615257048},
  "targets_count": 9045,
  "tp_count": 975
}