{
  "gt_count": 10279,
  "mean_obj_recall": 0.11281714872533403,
  "mean_scene_recall": 0.12515201768933112,
  "obj_recalls": {"1": 0.37336601307189543, "2": 0.08341915550978372, "3": 0.06857942617214835, "4": 0.07306273062730627, "5": 0.09923664122137404, "6": 0.13058419243986255, "7": 0.0, "8": 0.0742890307603018},
  "recall": 0.12515201768933112,
  "scene_recalls": {"1": 0.12515201768933112},
  "targets_count": 9045,
  "tp_count": 1132
}