{
  "gt_count": 10279,
  "mean_obj_recall": 0.009907066654236418,
  "mean_scene_recall": 0.010613598673300166,
  "obj_recalls": {"1": 0.06372549019607843, "2": 0.005149330587023687, "3": 0.0006997900629811056, "4": 0.0036900369003690036, "5": 0.0016963528413910093, "6": 0.00429553264604811, "7": 0.0, "8": 0.0},
  "recall": 0.010613598673300166,
  "scene_recalls": {"1": 0.010613598673300166},
  "targets_count": 9045,
  "tp_count": 96
}