{
  "gt_count": 10292,
  "mean_obj_recall": 0.057809072127016845,
  "mean_scene_recall": 0.05509133307423241,
  "obj_recalls": {"1": 0.24836601307189543, "2": 0.044284243048403706, "3": 0.044086773967809655, "4": 0.020664206642066422, "5": 0.01441899915182358, "6": 0.05584192439862543, "7": 0.0272654370489174, "8": 0.0075449796865931515},
  "recall": 0.05509133307423241,
  "scene_recalls": {"1": 0.05509133307423241},
  "targets_count": 10292,
  "tp_count": 567
}