{
  "gt_count": 10292,
  "mean_obj_recall": 0.035612415316555665,
  "mean_scene_recall": 0.03410415856976292,
  "obj_recalls": {"1": 0.16339869281045752, "2": 0.026776519052523172, "3": 0.03778866340097971, "4": 0.013284132841328414, "5": 0.006785411365564037, "6": 0.028350515463917526, "7": 0.0056134723336006415, "8": 0.002901915264074289},
  "recall": 0.03410415856976292,
  "scene_recalls": {"1": 0.03410415856976292},
  "targets_count": 10292,
  "tp_count": 351
}