{
  "gt_count": 10279,
  "mean_obj_recall": 0.020146694347270004,
  "mean_scene_recall": 0.02155887230514096,
  "obj_recalls": {"1": 0.11683006535947713, "2": 0.012358393408856848, "3": 0.004198740377886634, "4": 0.006642066420664207, "5": 0.004240882103477523, "6": 0.01632302405498282, "7": 0.0, "8": 0.0005803830528148578},
  "recall": 0.02155887230514096,
  "scene_recalls": {"1": 0.02155887230514096},
  "targets_count": 9045,
  "tp_count": 195
}