{
  "gt_count": 10279,
  "mean_obj_recall": 0.0022244350881444235,
  "mean_scene_recall": 0.002321724709784411,
  "obj_recalls": {"1": 0.014705882352941176, "2": 0.003089598352214212, "3": 0.0, "4": 0.0, "5": 0.0, "6": 0.0, "7": 0.0, "8": 0.0},
  "recall": 0.002321724709784411,
  "scene_recalls": {"1": 0.002321724709784411},
  "targets_count": 9045,
  "tp_count": 21
}