{
  "gt_count": 10279,
  "mean_obj_recall": 0.03491073127485558,
  "mean_scene_recall": 0.03803206191265893,
  "obj_recalls": {"1": 0.16339869281045752, "2": 0.026776519052523172, "3": 0.03778866340097971, "4": 0.013284132841328414, "5": 0.006785411365564037, "6": 0.028350515463917526, "7": 0.0, "8": 0.002901915264074289},
  "recall": 0.03803206191265893,
  "scene_recalls": {"1": 0.03803206191265893},
  "targets_count": 9045,
  "tp_count": 344
}