{
  "gt_count": 10292,
  "mean_obj_recall": 0.10995853796754784,
  "mean_scene_recall": 0.10687912942090945,
  "obj_recalls": {"1": 0.3562091503267974, "2": 0.07415036045314109, "3": 0.06438068579426172, "4": 0.05830258302583026, "5": 0.06785411365564037, "6": 0.10223367697594501, "7": 0.10024057738572574, "8": 0.05629715612304121},
  "recall": 0.10687912942090945,
  "scene_recalls": {"1": 0.10687912942090945},
  "targets_count": 10292,
  "tp_count": 1100
}