{
  "gt_count": 10279,
  "mean_obj_recall": 0.07074705426240874,
  "mean_scene_recall": 0.07750138197899392,
  "obj_recalls": {"1": 0.3104575163398693, "2": 0.05664263645726056, "3": 0.0496850944716585, "4": 0.03173431734317343, "5": 0.02374893977947413, "6": 0.06701030927835051, "7": 0.0, "8": 0.026697620429483458},
  "recall": 0.07750138197899392,
  "scene_recalls": {"1": 0.07750138197899392},
  "targets_count": 9045,
  "tp_count": 701
}