{
  "gt_count": 10292,
  "mean_obj_recall": 0.010007307231622143,
  "mean_scene_recall": 0.009424795958025652,
  "obj_recalls": {"1": 0.06372549019607843, "2": 0.005149330587023687, "3": 0.0006997900629811056, "4": 0.0036900369003690036, "5": 0.0016963528413910093, "6": 0.00429553264604811, "7": 0.0008019246190858059, "8": 0.0},
  "recall": 0.009424795958025652,
  "scene_recalls": {"1": 0.009424795958025652},
  "targets_count": 10292,
  "tp_count": 97
}