{
  "gt_count": 10279,
  "mean_obj_recall": 0.05440089249590217,
  "mean_scene_recall": 0.05892758430071863,
  "obj_recalls": {"1": 0.24836601307189543, "2": 0.044284243048403706, "3": 0.044086773967809655, "4": 0.020664206642066422, "5": 0.01441899915182358, "6": 0.05584192439862543, "7": 0.0, "8": 0.0075449796865931515},
  "recall": 0.05892758430071863,
  "scene_recalls": {"1": 0.05892758430071863},
  "targets_count": 9045,
  "tp_count": 533
}