{
  "gt_count": 10292,
  "mean_obj_recall": 0.04321086732259417,
  "mean_scene_recall": 0.04090555771472989,
  "obj_recalls": {"1": 0.20261437908496732, "2": 0.030895983522142123, "3": 0.02729181245626312, "4": 0.008118081180811807, "5": 0.01272264631043257, "6": 0.02577319587628866, "7": 0.03769045709703288, "8": 0.0005803830528148578},
  "recall": 0.04090555771472989,
  "scene_recalls": {"1": 0.04090555771472989},
  "targets_count": 10292,
  "tp_count": 421
}