{
  "gt_count": 10292,
  "mean_obj_recall": 0.05311145697529694,
  "mean_scene_recall": 0.05042751651768364,
  "obj_recalls": {"1": 0.23447712418300654, "2": 0.035015447991761074, "3": 0.031490552834149754, "4": 0.01107011070110701, "5": 0.030534351145038167, "6": 0.030927835051546393, "7": 0.04731355252606255, "8": 0.004062681369704005},
  "recall": 0.05042751651768364,
  "scene_recalls": {"1": 0.05042751651768364},
  "targets_count": 10292,
  "tp_count": 519
}