{
  "gt_count": 10292,
  "mean_obj_recall": 0.05915133369525637,
  "mean_scene_recall": 0.056160124368441505,
  "obj_recalls": {"1": 0.24591503267973855, "2": 0.03604531410916581, "3": 0.03358992302309307, "4": 0.011808118081180811, "5": 0.043256997455470736, "6": 0.041237113402061855, "7": 0.056134723336006415, "8": 0.00522344747533372},
  "recall": 0.056160124368441505,
  "scene_recalls": {"1": 0.056160124368441505},
  "targets_count": 10292,
  "tp_count": 578
}