{
  "gt_count": 10292,
  "mean_obj_recall": 0.0336052288786119,
  "mean_scene_recall": 0.031869413136416634,
  "obj_recalls": {"1": 0.15931372549019607, "2": 0.02265705458290422, "3": 0.02589223233030091, "4": 0.002952029520295203, "5": 0.008481764206955046, "6": 0.02147766323024055, "7": 0.028067361668003207, "8": 0.0},
  "recall": 0.031869413136416634,
  "scene_recalls": {"1": 0.031869413136416634},
  "targets_count": 10292,
  "tp_count": 328
}