{
  "gt_count": 10292,
  "mean_obj_recall": 0.009027254654273906,
  "mean_scene_recall": 0.008744656043528955,
  "obj_recalls": {"1": 0.04738562091503268, "2": 0.003089598352214212, "3": 0.012596221133659902, "4": 0.0007380073800738007, "5": 0.0008481764206955047, "6": 0.005154639175257732, "7": 0.0024057738572574178, "8": 0.0},
  "recall": 0.008744656043528955,
  "scene_recalls": {"1": 0.008744656043528955},
  "targets_count": 10292,
  "tp_count": 90
}