{
  "gt_count": 10292,
  "mean_obj_recall": 0.019993842387680108,
  "mean_scene_recall": 0.0191410804508356,
  "obj_recalls": {"1": 0.09477124183006536, "2": 0.014418125643666324, "3": 0.0244926522043387, "4": 0.0014760147601476014, "5": 0.005089058524173028, "6": 0.006872852233676976, "7": 0.012830793905372895, "8": 0.0},
  "recall": 0.0191410804508356,
  "scene_recalls": {"1": 0.0191410804508356},
  "targets_count": 10292,
  "tp_count": 197
}