{
  "gt_count": 10292,
  "mean_obj_recall": 0.05695539038867154,
  "mean_scene_recall": 0.05411970462495142,
  "obj_recalls": {"1": 0.2426470588235294, "2": 0.03604531410916581, "3": 0.03358992302309307, "4": 0.011808118081180811, "5": 0.037319762510602206, "6": 0.03608247422680412, "7": 0.05292702485966319, "8": 0.00522344747533372},
  "recall": 0.05411970462495142,
  "scene_recalls": {"1": 0.05411970462495142},
  "targets_count": 10292,
  "tp_count": 557
}