{
  "gt_count": 10292,
  "mean_obj_recall": 0.04824215023982524,
  "mean_scene_recall": 0.04566653711620676,
  "obj_recalls": {"1": 0.22303921568627452, "2": 0.03398558187435633, "3": 0.028691392582225334, "4": 0.00959409594095941, "5": 0.017811704834605598, "6": 0.028350515463917526, "7": 0.04330392943063352, "8": 0.0011607661056297156},
  "recall": 0.04566653711620676,
  "scene_recalls": {"1": 0.04566653711620676},
  "targets_count": 10292,
  "tp_count": 470
}