{
  "gt_count": 10292,
  "mean_obj_recall": 0.16585185917450104,
  "mean_scene_recall": 0.15837543723280217,
  "obj_recalls": {"1": 0.5326797385620915, "2": 0.08341915550978372, "3": 0.0, "4": 0.0981549815498155, "5": 0.17302798982188294, "6": 0.25601374570446733, "7": 0.11387329591018444, "8": 0.06964596633778293},
  "recall": 0.15837543723280217,
  "scene_recalls": {"1": 0.15837543723280217},
  "targets_count": 10292,
  "tp_count": 1630
}