{
  "gt_count": 10292,
  "mean_obj_recall": 0.2110956938686145,
  "mean_scene_recall": 0.20394481150408084,
  "obj_recalls": {"1": 0.5915032679738562, "2": 0.10092687950566426, "3": 0.0, "4": 0.11808118081180811, "5": 0.26123833757421544, "6": 0.31529209621993126, "7": 0.1635926222935044, "8": 0.13813116656993615},
  "recall": 0.20394481150408084,
  "scene_recalls": {"1": 0.20394481150408084},
  "targets_count": 10292,
  "tp_count": 2099
}