{
  "gt_count": 10292,
  "mean_obj_recall": 0.026648292489865794,
  "mean_scene_recall": 0.02497085114652157,
  "obj_recalls": {"1": 0.13316993464052287, "2": 0.03604531410916581, "3": 0.02099370188943317, "4": 0.008118081180811807, "5": 0.002544529262086514, "6": 0.00429553264604811, "7": 0.00801924619085806, "8": 0.0},
  "recall": 0.02497085114652157,
  "scene_recalls": {"1": 0.02497085114652157},
  "targets_count": 10292,
  "tp_count": 257
}