{
  "gt_count": 10292,
  "mean_obj_recall": 0.01827922694410468,
  "mean_scene_recall": 0.01719782355227361,
  "obj_recalls": {"1": 0.11029411764705882, "2": 0.017507723995880537, "3": 0.010496850944716585, "4": 0.002952029520295203, "5": 0.0, "6": 0.002577319587628866, "7": 0.0024057738572574178, "8": 0.0},
  "recall": 0.01719782355227361,
  "scene_recalls": {"1": 0.01719782355227361},
  "targets_count": 10292,
  "tp_count": 177
}