{
  "gt_count": 10292,
  "mean_obj_recall": 0.04195418417229098,
  "mean_scene_recall": 0.039253789350952195,
  "obj_recalls": {"1": 0.18055555555555555, "2": 0.05458290422245108, "3": 0.02589223233030091, "4": 0.021402214022140223, "5": 0.010178117048346057, "6": 0.023195876288659795, "7": 0.019246190858059342, "8": 0.0005803830528148578},
  "recall": 0.039253789350952195,
  "scene_recalls": {"1": 0.039253789350952195},
  "targets_count": 10292,
  "tp_count": 404
}