{
  "gt_count": 10292,
  "mean_obj_recall": 0.03219676770887517,
  "mean_scene_recall": 0.030217644772638944,
  "obj_recalls": {"1": 0.15522875816993464, "2": 0.04325437693099897, "3": 0.0244926522043387, "4": 0.014022140221402213, "5": 0.0033927056827820186, "6": 0.005154639175257732, "7": 0.012028869286287089, "8": 0.0},
  "recall": 0.030217644772638944,
  "scene_recalls": {"1": 0.030217644772638944},
  "targets_count": 10292,
  "tp_count": 311
}