{
  "gt_count": 10292,
  "mean_obj_recall": 0.010906292087546792,
  "mean_scene_recall": 0.010202098717450448,
  "obj_recalls": {"1": 0.07679738562091504, "2": 0.008238928939237899, "3": 0.0, "4": 0.002214022140221402, "5": 0.0, "6": 0.0, "7": 0.0, "8": 0.0},
  "recall": 0.010202098717450448,
  "scene_recalls": {"1": 0.010202098717450448},
  "targets_count": 10292,
  "tp_count": 105
}