{
  "gt_count": 10292,
  "mean_obj_recall": 0.05991092989600983,
  "mean_scene_recall": 0.05606296152351341,
  "obj_recalls": {"1": 0.20506535947712418, "2": 0.082389289392379, "3": 0.02939118264520644, "4": 0.02952029520295203, "5": 0.026293469041560644, "6": 0.03951890034364261, "7": 0.060144346431435444, "8": 0.006964596633778294},
  "recall": 0.05606296152351341,
  "scene_recalls": {"1": 0.05606296152351341},
  "targets_count": 10292,
  "tp_count": 577
}