{
  "gt_count": 10292,
  "mean_obj_recall": 0.0005805748995425376,
  "mean_scene_recall": 0.0004858142246404975,
  "obj_recalls": {"1": 0.0008169934640522876, "2": 0.003089598352214212, "3": 0.0, "4": 0.0007380073800738007, "5": 0.0, "6": 0.0, "7": 0.0, "8": 0.0},
  "recall": 0.0004858142246404975,
  "scene_recalls": {"1": 0.0004858142246404975},
  "targets_count": 10292,
  "tp_count": 5
}