{
  "gt_count": 10292,
  "mean_obj_recall": 0.04803977719675062,
  "mean_scene_recall": 0.04498639720171006,
  "obj_recalls": {"1": 0.19281045751633988, "2": 0.06385169927909372, "3": 0.02729181245626312, "4": 0.025092250922509225, "5": 0.01102629346904156, "6": 0.03006872852233677, "7": 0.03127506014434643, "8": 0.002901915264074289},
  "recall": 0.04498639720171006,
  "scene_recalls": {"1": 0.04498639720171006},
  "targets_count": 10292,
  "tp_count": 463
}