{
  "gt_count": 10292,
  "mean_obj_recall": 0.03834242911951985,
  "mean_scene_recall": 0.03585308977846871,
  "obj_recalls": {"1": 0.17320261437908496, "2": 0.05149330587023687, "3": 0.0244926522043387, "4": 0.01845018450184502, "5": 0.005937234944868533, "6": 0.01632302405498282, "7": 0.016840417000801924, "8": 0.0},
  "recall": 0.03585308977846871,
  "scene_recalls": {"1": 0.03585308977846871},
  "targets_count": 10292,
  "tp_count": 369
}