{
  "gt_count": 10292,
  "mean_obj_recall": 0.05555621825236898,
  "mean_scene_recall": 0.05188495919160513,
  "obj_recalls": {"1": 0.19934640522875818, "2": 0.07621009268795056, "3": 0.02939118264520644, "4": 0.02730627306273063, "5": 0.02205258693808312, "6": 0.036941580756013746, "7": 0.04971932638331997, "8": 0.003482298316889147},
  "recall": 0.05188495919160513,
  "scene_recalls": {"1": 0.05188495919160513},
  "targets_count": 10292,
  "tp_count": 534
}