{
  "gt_count": 10292,
  "mean_obj_recall": 0.05044934640522876,
  "mean_scene_recall": 0.04799844539448115,
  "obj_recalls": {"1": 0.4035947712418301, "2": 0.0, "3": 0.0, "4": 0.0, "5": 0.0, "6": 0.0, "7": 0.0, "8": 0.0},
  "recall": 0.04799844539448115,
  "scene_recalls": {"1": 0.04799844539448115},
  "targets_count": 10292,
  "tp_count": 494
}