{
  "gt_count": 10292,
  "mean_obj_recall": 0.04197303921568627,
  "mean_scene_recall": 0.03993392926544889,
  "obj_recalls": {"1": 0.33578431372549017, "2": 0.0, "3": 0.0, "4": 0.0, "5": 0.0, "6": 0.0, "7": 0.0, "8": 0.0},
  "recall": 0.03993392926544889,
  "scene_recalls": {"1": 0.03993392926544889},
  "targets_count": 10292,
  "tp_count": 411
}