{
  "gt_count": 10292,
  "mean_obj_recall": 0.03574346405228758,
  "mean_scene_recall": 0.03400699572483482,
  "obj_recalls": {"1": 0.28594771241830064, "2": 0.0, "3": 0.0, "4": 0.0, "5": 0.0, "6": 0.0, "7": 0.0, "8": 0.0},
  "recall": 0.03400699572483482,
  "scene_recalls": {"1": 0.03400699572483482},
  "targets_count": 10292,
  "tp_count": 350
}