{
  "gt_count": 10292,
  "mean_obj_recall": 0.05290032679738562,
  "mean_scene_recall": 0.05033035367275554,
  "obj_recalls": {"1": 0.42320261437908496, "2": 0.0, "3": 0.0, "4": 0.0, "5": 0.0, "6": 0.0, "7": 0.0, "8": 0.0},
  "recall": 0.05033035367275554,
  "scene_recalls": {"1": 0.05033035367275554},
  "targets_count": 10292,
  "tp_count": 518
}