{
  "gt_count": 10292,
  "mean_obj_recall": 0.027165032679738563,
  "mean_scene_recall": 0.025845316750874467,
  "obj_recalls": {"1": 0.2173202614379085, "2": 0.0, "3": 0.0, "4": 0.0, "5": 0.0, "6": 0.0, "7": 0.0, "8": 0.0},
  "recall": 0.025845316750874467,
  "scene_recalls": {"1": 0.025845316750874467},
  "targets_count": 10292,
  "tp_count": 266
}