{
  "gt_count": 10292,
  "mean_obj_recall": 0.04779411764705882,
  "mean_scene_recall": 0.045472211426350564,
  "obj_recalls": {"1": 0.38235294117647056, "2": 0.0, "3": 0.0, "4": 0.0, "5": 0.0, "6": 0.0, "7": 0.0, "8": 0.0},
  "recall": 0.045472211426350564,
  "scene_recalls": {"1": 0.045472211426350564},
  "targets_count": 10292,
  "tp_count": 468
}