{
  "gt_count": 10292,
  "mean_obj_recall": 0.04442401960784314,
  "mean_scene_recall": 0.04226583754372328,
  "obj_recalls": {"1": 0.3553921568627451, "2": 0.0, "3": 0.0, "4": 0.0, "5": 0.0, "6": 0.0, "7": 0.0, "8": 0.0},
  "recall": 0.04226583754372328,
  "scene_recalls": {"1": 0.04226583754372328},
  "targets_count": 10292,
  "tp_count": 435
}