{
  "gt_count": 10292,
  "mean_obj_recall": 0.012050653594771242,
  "mean_scene_recall": 0.01146521570151574,
  "obj_recalls": {"1": 0.09640522875816994, "2": 0.0, "3": 0.0, "4": 0.0, "5": 0.0, "6": 0.0, "7": 0.0, "8": 0.0},
  "recall": 0.01146521570151574,
  "scene_recalls": {"1": 0.01146521570151574},
  "targets_count": 10292,
  "tp_count": 118
}