{
  "bop19_average_recall": 0.2904113227101956,
  "bop19_average_recall_mspd": 0.4137776914108045,
  "bop19_average_recall_mssd": 0.27665176836377764,
  "bop19_average_recall_vsd": 0.18080450835600467,
  "bop19_average_time_per_image": -1.0
}