{
  "gt_count": 10292,
  "mean_obj_recall": 0.6534697600771241,
  "mean_scene_recall": 0.636805285658764,
  "obj_recalls": {"1": 0.8186274509803921, "2": 0.9701338825952626, "3": 0.5269419174247726, "4": 0.5512915129151291, "5": 0.7268871925360475, "6": 0.5816151202749141, "7": 0.49799518845228546, "8": 0.5542658154381892},
  "recall": 0.636805285658764,
  "scene_recalls": {"1": 0.636805285658764},
  "targets_count": 10292,
  "tp_count": 6554
}