{
  "gt_count": 10279,
  "mean_obj_recall": 0.5629842238905746,
  "mean_scene_recall": 0.6224433388612494,
  "obj_recalls": {"1": 0.8006535947712419, "2": 0.9433573635427395, "3": 0.49755073477956613, "4": 0.44132841328413286, "5": 0.719253604749788, "6": 0.5747422680412371, "7": 0.0, "8": 0.5269878119558908},
  "recall": 0.6224433388612494,
  "scene_recalls": {"1": 0.6224433388612494},
  "targets_count": 9045,
  "tp_count": 5630
}