{
  "gt_count": 10279,
  "mean_obj_recall": 0.4650877105277572,
  "mean_scene_recall": 0.5107794361525705,
  "obj_recalls": {"1": 0.7214052287581699, "2": 0.7507723995880535, "3": 0.3834849545136459, "4": 0.2738007380073801, "5": 0.6463104325699746, "6": 0.538659793814433, "7": 0.0, "8": 0.4062681369704005},
  "recall": 0.5107794361525705,
  "scene_recalls": {"1": 0.5107794361525705},
  "targets_count": 9045,
  "tp_count": 4620
}