{
  "gt_count": 10279,
  "mean_obj_recall": 0.22268820192083905,
  "mean_scene_recall": 0.23692647871752348,
  "obj_recalls": {"1": 0.2785947712418301, "2": 0.47579814624098865, "3": 0.22953114065780267, "4": 0.13062730627306274, "5": 0.2340966921119593, "6": 0.33419243986254293, "7": 0.0, "8": 0.09866511897852583},
  "recall": 0.23692647871752348,
  "scene_recalls": {"1": 0.23692647871752348},
  "targets_count": 9045,
  "tp_count": 2143
}