{
  "gt_count": 10279,
  "mean_obj_recall": 0.535793130266085,
  "mean_scene_recall": 0.5917081260364843,
  "obj_recalls": {"1": 0.7949346405228758, "2": 0.88259526261586, "3": 0.46815955213435967, "4": 0.36162361623616235, "5": 0.7065309584393554, "6": 0.5687285223367697, "7": 0.0, "8": 0.5037724898432966},
  "recall": 0.5917081260364843,
  "scene_recalls": {"1": 0.5917081260364843},
  "targets_count": 9045,
  "tp_count": 5352
}