{
  "gt_count": 10279,
  "mean_obj_recall": 0.6296447037329422,
  "mean_scene_recall": 0.7041459369817579,
  "obj_recalls": {"1": 0.8316993464052288, "2": 0.9814624098867147, "3": 0.6417074877536739, "4": 0.6361623616236163, "5": 0.7404580152671756, "6": 0.5927835051546392, "7": 0.0, "8": 0.6128845037724898},
  "recall": 0.7041459369817579,
  "scene_recalls": {"1": 0.7041459369817579},
  "targets_count": 9045,
  "tp_count": 6369
}