{
  "gt_count": 10279,
  "mean_obj_recall": 0.5120941895242536,
  "mean_scene_recall": 0.5647318960751797,
  "obj_recalls": {"1": 0.7826797385620915, "2": 0.8321318228630278, "3": 0.4331700489853044, "4": 0.3151291512915129, "5": 0.6921119592875318, "6": 0.5627147766323024, "7": 0.0, "8": 0.4788160185722577},
  "recall": 0.5647318960751797,
  "scene_recalls": {"1": 0.5647318960751797},
  "targets_count": 9045,
  "tp_count": 5108
}