{
  "gt_count": 10292,
  "mean_obj_recall": 0.5431651637854393,
  "mean_scene_recall": 0.5261368052856588,
  "obj_recalls": {"1": 0.755718954248366, "2": 0.7641606591143152, "3": 0.41567529741077675, "4": 0.28856088560885607, "5": 0.6759966072943172, "6": 0.5558419243986255, "7": 0.4482758620689655, "8": 0.4410911201392919},
  "recall": 0.5261368052856588,
  "scene_recalls": {"1": 0.5261368052856588},
  "targets_count": 10292,
  "tp_count": 5415
}