{
  "gt_count": 10292,
  "mean_obj_recall": 0.46495338626955307,
  "mean_scene_recall": 0.4453944811504081,
  "obj_recalls": {"1": 0.6339869281045751, "2": 0.7157569515962925, "3": 0.3351994401679496, "4": 0.2523985239852399, "5": 0.5742154368108566, "6": 0.5163230240549829, "7": 0.3736968724939856, "8": 0.3180499129425421},
  "recall": 0.4453944811504081,
  "scene_recalls": {"1": 0.4453944811504081},
  "targets_count": 10292,
  "tp_count": 4584
}