{
  "gt_count": 10279,
  "mean_obj_recall": 0.5912203615205884,
  "mean_scene_recall": 0.6559425096738529,
  "obj_recalls": {"1": 0.8186274509803921, "2": 0.9701338825952626, "3": 0.5269419174247726, "4": 0.5512915129151291, "5": 0.7268871925360475, "6": 0.5816151202749141, "7": 0.0, "8": 0.5542658154381892},
  "recall": 0.6559425096738529,
  "scene_recalls": {"1": 0.6559425096738529},
  "targets_count": 9045,
  "tp_count": 5933
}