{
  "gt_count": 10292,
  "mean_obj_recall": 0.029370310943280378,
  "mean_scene_recall": 0.027788573649436456,
  "obj_recalls": {"1": 0.1380718954248366, "2": 0.015447991761071062, "3": 0.0, "4": 0.021402214022140223, "5": 0.005089058524173028, "6": 0.028350515463917526, "7": 0.024859663191659984, "8": 0.0017411491584445734},
  "recall": 0.027788573649436456,
  "scene_recalls": {"1": 0.027788573649436456},
  "targets_count": 10292,
  "tp_count": 286
}