{
  "gt_count": 10292,
  "mean_obj_recall": 0.05187745671935445,
  "mean_scene_recall": 0.04965021375825884,
  "obj_recalls": {"1": 0.2042483660130719, "2": 0.029866117404737384, "3": 0.0006997900629811056, "4": 0.03394833948339483, "5": 0.02374893977947413, "6": 0.04553264604810996, "7": 0.060144346431435444, "8": 0.016831108531630876},
  "recall": 0.04965021375825884,
  "scene_recalls": {"1": 0.04965021375825884},
  "targets_count": 10292,
  "tp_count": 511
}