{
  "gt_count": 10292,
  "mean_obj_recall": 0.048820891173708206,
  "mean_scene_recall": 0.04654100272055966,
  "obj_recalls": {"1": 0.20098039215686275, "2": 0.026776519052523172, "3": 0.0006997900629811056, "4": 0.03025830258302583, "5": 0.021204410517387615, "6": 0.04553264604810996, "7": 0.05292702485966319, "8": 0.012188044109112013},
  "recall": 0.04654100272055966,
  "scene_recalls": {"1": 0.04654100272055966},
  "targets_count": 10292,
  "tp_count": 479
}