{
  "gt_count": 10292,
  "mean_obj_recall": 0.04423478480294746,
  "mean_scene_recall": 0.04216867469879518,
  "obj_recalls": {"1": 0.19281045751633988, "2": 0.02265705458290422, "3": 0.0, "4": 0.028782287822878228, "5": 0.01441899915182358, "6": 0.041237113402061855, "7": 0.044105854049719326, "8": 0.009866511897852582},
  "recall": 0.04216867469879518,
  "scene_recalls": {"1": 0.04216867469879518},
  "targets_count": 10292,
  "tp_count": 434
}