{
  "gt_count": 10292,
  "mean_obj_recall": 0.022270206825442757,
  "mean_scene_recall": 0.02089001165954139,
  "obj_recalls": {"1": 0.11274509803921569, "2": 0.015447991761071062, "3": 0.0, "4": 0.012546125461254613, "5": 0.0033927056827820186, "6": 0.020618556701030927, "7": 0.012830793905372895, "8": 0.0005803830528148578},
  "recall": 0.02089001165954139,
  "scene_recalls": {"1": 0.02089001165954139},
  "targets_count": 10292,
  "tp_count": 215
}