{
  "gt_count": 10292,
  "mean_obj_recall": 0.015228975914331134,
  "mean_scene_recall": 0.014185775359502526,
  "obj_recalls": {"1": 0.08333333333333333, "2": 0.014418125643666324, "3": 0.0, "4": 0.008856088560885609, "5": 0.0008481764206955047, "6": 0.011168384879725086, "7": 0.0032076984763432237, "8": 0.0},
  "recall": 0.014185775359502526,
  "scene_recalls": {"1": 0.014185775359502526},
  "targets_count": 10292,
  "tp_count": 146
}