{
  "gt_count": 10292,
  "mean_obj_recall": 0.011738215941050593,
  "mean_scene_recall": 0.010979401476875242,
  "obj_recalls": {"1": 0.0718954248366013, "2": 0.007209062821833162, "3": 0.0, "4": 0.0036900369003690036, "5": 0.0, "6": 0.010309278350515464, "7": 0.0008019246190858059, "8": 0.0},
  "recall": 0.010979401476875242,
  "scene_recalls": {"1": 0.010979401476875242},
  "targets_count": 10292,
  "tp_count": 113
}