{
  "gt_count": 10292,
  "mean_obj_recall": 0.03610679721770743,
  "mean_scene_recall": 0.03439564710454722,
  "obj_recalls": {"1": 0.15931372549019607, "2": 0.015447991761071062, "3": 0.0, "4": 0.026568265682656828, "5": 0.009329940627650551, "6": 0.03608247422680412, "7": 0.03688853247794707, "8": 0.00522344747533372},
  "recall": 0.03439564710454722,
  "scene_recalls": {"1": 0.03439564710454722},
  "targets_count": 10292,
  "tp_count": 354
}