{
  "gt_count": 10292,
  "mean_obj_recall": 0.07105985327219584,
  "mean_scene_recall": 0.06490478041197047,
  "obj_recalls": {"1": 0.20833333333333334, "2": 0.17610710607621008, "3": 0.04688593421973408, "4": 0.06420664206642067, "5": 0.015267175572519083, "6": 0.023195876288659795, "7": 0.034482758620689655, "8": 0.0},
  "recall": 0.06490478041197047,
  "scene_recalls": {"1": 0.06490478041197047},
  "targets_count": 10292,
  "tp_count": 668
}