{
  "gt_count": 10292,
  "mean_obj_recall": 0.01889891612306163,
  "mean_scene_recall": 0.017100660707345512,
  "obj_recalls": {"1": 0.0988562091503268, "2": 0.0411946446961895, "3": 0.002099370188943317, "4": 0.007380073800738007, "5": 0.0, "6": 0.000859106529209622, "7": 0.0008019246190858059, "8": 0.0},
  "recall": 0.017100660707345512,
  "scene_recalls": {"1": 0.017100660707345512},
  "targets_count": 10292,
  "tp_count": 176
}