{
  "gt_count": 10292,
  "mean_obj_recall": 0.05547845546974054,
  "mean_scene_recall": 0.05091333074232413,
  "obj_recalls": {"1": 0.18137254901960784, "2": 0.13388259526261587, "3": 0.04198740377886634, "4": 0.05018450184501845, "5": 0.01102629346904156, "6": 0.007731958762886598, "7": 0.01764234161988773, "8": 0.0},
  "recall": 0.05091333074232413,
  "scene_recalls": {"1": 0.05091333074232413},
  "targets_count": 10292,
  "tp_count": 524
}