{
  "gt_count": 10292,
  "mean_obj_recall": 0.13290231980126926,
  "mean_scene_recall": 0.12388262728332686,
  "obj_recalls": {"1": 0.2900326797385621, "2": 0.23892893923789907, "3": 0.0867739678096571, "4": 0.08044280442804429, "5": 0.1289228159457167, "6": 0.08333333333333333, "7": 0.12750601443464316, "8": 0.027278003482298318},
  "recall": 0.12388262728332686,
  "scene_recalls": {"1": 0.12388262728332686},
  "targets_count": 10292,
  "tp_count": 1275
}