{
  "gt_count": 10292,
  "mean_obj_recall": 0.12688442369095243,
  "mean_scene_recall": 0.11805285658764089,
  "obj_recalls": {"1": 0.28921568627450983, "2": 0.2286302780638517, "3": 0.07977606717984605, "4": 0.08044280442804429, "5": 0.12044105173876166, "6": 0.07903780068728522, "7": 0.11547714514835605, "8": 0.022054556006964595},
  "recall": 0.11805285658764089,
  "scene_recalls": {"1": 0.11805285658764089},
  "targets_count": 10292,
  "tp_count": 1215
}