{
  "gt_count": 10292,
  "mean_obj_recall": 0.0391932667306781,
  "mean_scene_recall": 0.03556160124368442,
  "obj_recalls": {"1": 0.14215686274509803, "2": 0.10401647785787847, "3": 0.02589223233030091, "4": 0.025830258302583026, "5": 0.0033927056827820186, "6": 0.003436426116838488, "7": 0.008821170809943865, "8": 0.0},
  "recall": 0.03556160124368442,
  "scene_recalls": {"1": 0.03556160124368442},
  "targets_count": 10292,
  "tp_count": 366
}