{
  "gt_count": 10292,
  "mean_obj_recall": 0.11581380706975596,
  "mean_scene_recall": 0.10746210649047803,
  "obj_recalls": {"1": 0.2818627450980392, "2": 0.21524201853759012, "3": 0.0741777466759972, "4": 0.07896678966789668, "5": 0.09669211195928754, "6": 0.06357388316151202, "7": 0.10264635124298316, "8": 0.013348810214741729},
  "recall": 0.10746210649047803,
  "scene_recalls": {"1": 0.10746210649047803},
  "targets_count": 10292,
  "tp_count": 1106
}