{
  "gt_count": 10292,
  "mean_obj_recall": 0.10195258911270068,
  "mean_scene_recall": 0.0941507967353284,
  "obj_recalls": {"1": 0.2630718954248366, "2": 0.21009268795056643, "3": 0.06368089573128062, "4": 0.07896678966789668, "5": 0.05004240882103478, "6": 0.05240549828178694, "7": 0.08981555733761026, "8": 0.0075449796865931515},
  "recall": 0.0941507967353284,
  "scene_recalls": {"1": 0.0941507967353284},
  "targets_count": 10292,
  "tp_count": 969
}