{
  "gt_count": 10292,
  "mean_obj_recall": 0.08754176989331572,
  "mean_scene_recall": 0.08035367275553829,
  "obj_recalls": {"1": 0.23366013071895425, "2": 0.19979402677651906, "3": 0.05458362491252624, "4": 0.07453874538745388, "5": 0.029686174724342665, "6": 0.041237113402061855, "7": 0.06335204490777867, "8": 0.003482298316889147},
  "recall": 0.08035367275553829,
  "scene_recalls": {"1": 0.08035367275553829},
  "targets_count": 10292,
  "tp_count": 827
}