{
  "gt_count": 10292,
  "mean_obj_recall": 0.33827585260336646,
  "mean_scene_recall": 0.32005441119315975,
  "obj_recalls": {"1": 0.576797385620915, "2": 0.49536560247167866, "3": 0.0, "4": 0.1018450184501845, "5": 0.546225614927905, "6": 0.4338487972508591, "7": 0.27586206896551724, "8": 0.2762623331398723},
  "recall": 0.32005441119315975,
  "scene_recalls": {"1": 0.32005441119315975},
  "targets_count": 10292,
  "tp_count": 3294
}