{
  "gt_count": 10292,
  "mean_obj_recall": 0.05488703162046712,
  "mean_scene_recall": 0.05305091333074233,
  "obj_recalls": {"1": 0.26062091503267976, "2": 0.010298661174047374, "3": 0.06927921623512946, "4": 0.0036900369003690036, "5": 0.01102629346904156, "6": 0.07989690721649484, "7": 0.0008019246190858059, "8": 0.003482298316889147},
  "recall": 0.05305091333074233,
  "scene_recalls": {"1": 0.05305091333074233},
  "targets_count": 10292,
  "tp_count": 546
}