{
  "gt_count": 10292,
  "mean_obj_recall": 0.16201467040226034,
  "mean_scene_recall": 0.15924990283715507,
  "obj_recalls": {"1": 0.6315359477124183, "2": 0.03398558187435633, "3": 0.14135759272218335, "4": 0.024354243542435424, "5": 0.06870229007633588, "6": 0.27920962199312716, "7": 0.020048115477145148, "8": 0.09692396982008125},
  "recall": 0.15924990283715507,
  "scene_recalls": {"1": 0.15924990283715507},
  "targets_count": 10292,
  "tp_count": 1639
}