{
  "gt_count": 10292,
  "mean_obj_recall": 0.12776854555281053,
  "mean_scene_recall": 0.12475709288767975,
  "obj_recalls": {"1": 0.5465686274509803, "2": 0.025746652935118436, "3": 0.11826452064380685, "4": 0.014760147601476014, "5": 0.041560644614079725, "6": 0.21391752577319587, "7": 0.0056134723336006415, "8": 0.05571677307022635},
  "recall": 0.12475709288767975,
  "scene_recalls": {"1": 0.12475709288767975},
  "targets_count": 10292,
  "tp_count": 1284
}