{
  "gt_count": 10292,
  "mean_obj_recall": 0.2313288786892984,
  "mean_scene_recall": 0.2299844539448115,
  "obj_recalls": {"1": 0.7246732026143791, "2": 0.04840370751802266, "3": 0.17494751574527642, "4": 0.04428044280442804, "5": 0.16793893129770993, "6": 0.39948453608247425, "7": 0.08660785886126704, "8": 0.20429483459082995},
  "recall": 0.2299844539448115,
  "scene_recalls": {"1": 0.2299844539448115},
  "targets_count": 10292,
  "tp_count": 2367
}