{
  "gt_count": 10292,
  "mean_obj_recall": 0.01672754044814602,
  "mean_scene_recall": 0.016129032258064516,
  "obj_recalls": {"1": 0.049019607843137254, "2": 0.008238928939237899, "3": 0.013995801259622114, "4": 0.01107011070110701, "5": 0.004240882103477523, "6": 0.011168384879725086, "7": 0.03608660785886127, "8": 0.0},
  "recall": 0.016129032258064516,
  "scene_recalls": {"1": 0.016129032258064516},
  "targets_count": 10292,
  "tp_count": 166
}