{
  "gt_count": 10292,
  "mean_obj_recall": 0.3280845587371593,
  "mean_scene_recall": 0.3188884570540225,
  "obj_recalls": {"1": 0.5915032679738562, "2": 0.329557157569516, "3": 0.1357592722183345, "4": 0.11365313653136531, "5": 0.5199321458863444, "6": 0.20876288659793815, "7": 0.4538893344025662, "8": 0.2716192687173535},
  "recall": 0.3188884570540225,
  "scene_recalls": {"1": 0.3188884570540225},
  "targets_count": 10292,
  "tp_count": 3282
}