{
  "gt_count": 10292,
  "mean_obj_recall": 0.0571881879608698,
  "mean_scene_recall": 0.05509133307423241,
  "obj_recalls": {"1": 0.17647058823529413, "2": 0.03604531410916581, "3": 0.06717984604618614, "4": 0.037638376383763834, "5": 0.043256997455470736, "6": 0.03436426116838488, "7": 0.06255012028869286, "8": 0.0},
  "recall": 0.05509133307423241,
  "scene_recalls": {"1": 0.05509133307423241},
  "targets_count": 10292,
  "tp_count": 567
}