{
  "gt_count": 10292,
  "mean_obj_recall": 0.0009662625479732874,
  "mean_scene_recall": 0.000971628449280995,
  "obj_recalls": {"1": 0.004901960784313725, "2": 0.0, "3": 0.0013995801259622112, "4": 0.0, "5": 0.0008481764206955047, "6": 0.0, "7": 0.0, "8": 0.0005803830528148578},
  "recall": 0.000971628449280995,
  "scene_recalls": {"1": 0.000971628449280995},
  "targets_count": 10292,
  "tp_count": 10
}