{
  "bop19_average_recall": 0.43055168601437255,
  "bop19_average_recall_mspd": 0.6038805970149254,
  "bop19_average_recall_mssd": 0.4335544499723604,
  "bop19_average_recall_vsd": 0.25422001105583186,
  "bop19_average_time_per_image": -1.0
}