{
  "gt_count": 10279,
  "mean_obj_recall": 0.10885025135452925,
  "mean_scene_recall": 0.12249861802100608,
  "obj_recalls": {"1": 0.4722222222222222, "2": 0.007209062821833162, "3": 0.0, "4": 0.00959409594095941, "5": 0.0916030534351145, "6": 0.17525773195876287, "7": 0.0, "8": 0.11491584445734185},
  "recall": 0.12249861802100608,
  "scene_recalls": {"1": 0.12249861802100608},
  "targets_count": 9045,
  "tp_count": 1108
}