{
  "gt_count": 10279,
  "mean_obj_recall": 0.053519507002022036,
  "mean_scene_recall": 0.05804311774461028,
  "obj_recalls": {"1": 0.3349673202614379, "2": 0.0010298661174047373, "3": 0.0, "4": 0.002214022140221402, "5": 0.009329940627650551, "6": 0.06958762886597938, "7": 0.0, "8": 0.011027278003482298},
  "recall": 0.05804311774461028,
  "scene_recalls": {"1": 0.05804311774461028},
  "targets_count": 9045,
  "tp_count": 525
}