{
  "gt_count": 10279,
  "mean_obj_recall": 0.007057096893740314,
  "mean_scene_recall": 0.0076285240464344945,
  "obj_recalls": {"1": 0.05473856209150327, "2": 0.0, "3": 0.0, "4": 0.0, "5": 0.0, "6": 0.001718213058419244, "7": 0.0, "8": 0.0},
  "recall": 0.0076285240464344945,
  "scene_recalls": {"1": 0.0076285240464344945},
  "targets_count": 9045,
  "tp_count": 69
}