{
  "gt_count": 10292,
  "mean_obj_recall": 0.0851180701490783,
  "mean_scene_recall": 0.08278274387874077,
  "obj_recalls": {"1": 0.43300653594771243, "2": 0.005149330587023687, "3": 0.0, "4": 0.007380073800738007, "5": 0.02883799830364716, "6": 0.13058419243986255, "7": 0.020850040096230954, "8": 0.05513639001741149},
  "recall": 0.08278274387874077,
  "scene_recalls": {"1": 0.08278274387874077},
  "targets_count": 10292,
  "tp_count": 852
}