{
  "gt_count": 10279,
  "mean_obj_recall": 0.09427546073465443,
  "mean_scene_recall": 0.1054726368159204,
  "obj_recalls": {"1": 0.4550653594771242, "2": 0.005149330587023687, "3": 0.0, "4": 0.008856088560885609, "5": 0.04919423240033927, "6": 0.15120274914089346, "7": 0.0, "8": 0.08473592571096925},
  "recall": 0.1054726368159204,
  "scene_recalls": {"1": 0.1054726368159204},
  "targets_count": 9045,
  "tp_count": 954
}