{
  "gt_count": 10279,
  "mean_obj_recall": 0.08251181513704942,
  "mean_scene_recall": 0.09132117191818684,
  "obj_recalls": {"1": 0.43300653594771243, "2": 0.005149330587023687, "3": 0.0, "4": 0.007380073800738007, "5": 0.02883799830364716, "6": 0.13058419243986255, "7": 0.0, "8": 0.05513639001741149},
  "recall": 0.09132117191818684,
  "scene_recalls": {"1": 0.09132117191818684},
  "targets_count": 9045,
  "tp_count": 826
}