{
  "gt_count": 10279,
  "mean_obj_recall": 0.06949695851069473,
  "mean_scene_recall": 0.0761746821448314,
  "obj_recalls": {"1": 0.39705882352941174, "2": 0.004119464469618949, "3": 0.0, "4": 0.0036900369003690036, "5": 0.017811704834605598, "6": 0.1013745704467354, "7": 0.0, "8": 0.03192106790481718},
  "recall": 0.0761746821448314,
  "scene_recalls": {"1": 0.0761746821448314},
  "targets_count": 9045,
  "tp_count": 689
}