{
  "gt_count": 10279,
  "mean_obj_recall": 0.12205115748592983,
  "mean_scene_recall": 0.13775566611387507,
  "obj_recalls": {"1": 0.49264705882352944, "2": 0.01132852729145211, "3": 0.0, "4": 0.013284132841328414, "5": 0.13401187446988974, "6": 0.18642611683848798, "7": 0.0, "8": 0.138711549622751},
  "recall": 0.13775566611387507,
  "scene_recalls": {"1": 0.13775566611387507},
  "targets_count": 9045,
  "tp_count": 1246
}