{
  "gt_count": 10279,
  "mean_obj_recall": 0.019524669833569167,
  "mean_scene_recall": 0.021006080707573246,
  "obj_recalls": {"1": 0.136437908496732, "2": 0.0, "3": 0.0, "4": 0.0, "5": 0.0, "6": 0.019759450171821305, "7": 0.0, "8": 0.0},
  "recall": 0.021006080707573246,
  "scene_recalls": {"1": 0.021006080707573246},
  "targets_count": 9045,
  "tp_count": 190
}