{
  "gt_count": 10292,
  "mean_obj_recall": 0.6315378780944092,
  "mean_scene_recall": 0.6094053633890401,
  "obj_recalls": {"1": 0.8529411764705882, "2": 0.8928939237899073, "3": 0.5318404478656403, "4": 0.3549815498154982, "5": 0.6912637828668363, "6": 0.6194158075601375, "7": 0.6864474739374499, "8": 0.4225188624492165},
  "recall": 0.6094053633890401,
  "scene_recalls": {"1": 0.6094053633890401},
  "targets_count": 10292,
  "tp_count": 6272
}