{
  "gt_count": 10292,
  "mean_obj_recall": 0.5382146982728844,
  "mean_scene_recall": 0.5120481927710844,
  "obj_recalls": {"1": 0.7565359477124183, "2": 0.870236869207003, "3": 0.37788663400979705, "4": 0.2922509225092251, "5": 0.5351993214588634, "6": 0.5833333333333334, "7": 0.5902165196471532, "8": 0.3000580383052815},
  "recall": 0.5120481927710844,
  "scene_recalls": {"1": 0.5120481927710844},
  "targets_count": 10292,
  "tp_count": 5270
}