{
  "gt_count": 10292,
  "mean_obj_recall": 0.6774168518163717,
  "mean_scene_recall": 0.6561406917994559,
  "obj_recalls": {"1": 0.875, "2": 0.9598352214212152, "3": 0.5773268019594122, "4": 0.44501845018450187, "5": 0.732824427480916, "6": 0.6288659793814433, "7": 0.7193263833199679, "8": 0.4811375507835171},
  "recall": 0.6561406917994559,
  "scene_recalls": {"1": 0.6561406917994559},
  "targets_count": 10292,
  "tp_count": 6753
}