{
  "gt_count": 10292,
  "mean_obj_recall": 0.7177763099896788,
  "mean_scene_recall": 0.6991838321026039,
  "obj_recalls": {"1": 0.8888888888888888, "2": 0.9752832131822863, "3": 0.6389083275017495, "4": 0.581549815498155, "5": 0.7480916030534351, "6": 0.6503436426116839, "7": 0.7321571772253408, "8": 0.5269878119558908},
  "recall": 0.6991838321026039,
  "scene_recalls": {"1": 0.6991838321026039},
  "targets_count": 10292,
  "tp_count": 7196
}