{
  "gt_count": 10292,
  "mean_obj_recall": 0.30255361392908875,
  "mean_scene_recall": 0.28206373882627284,
  "obj_recalls": {"1": 0.37745098039215685, "2": 0.607621009268795, "3": 0.28761371588523443, "4": 0.14833948339483394, "5": 0.22561492790500423, "6": 0.4484536082474227, "7": 0.2301523656776263, "8": 0.09518282066163668},
  "recall": 0.28206373882627284,
  "scene_recalls": {"1": 0.28206373882627284},
  "targets_count": 10292,
  "tp_count": 2903
}