{
  "gt_count": 10292,
  "mean_obj_recall": 0.6504459012401551,
  "mean_scene_recall": 0.6291294209094442,
  "obj_recalls": {"1": 0.8660130718954249, "2": 0.9093717816683831, "3": 0.5542337298810357, "4": 0.3771217712177122, "5": 0.7158608990670059, "6": 0.6219931271477663, "7": 0.7056936647955092, "8": 0.4532791642484039},
  "recall": 0.6291294209094442,
  "scene_recalls": {"1": 0.6291294209094442},
  "targets_count": 10292,
  "tp_count": 6475
}