{
  "gt_count": 10292,
  "mean_obj_recall": 0.5996787587242581,
  "mean_scene_recall": 0.5759813447337738,
  "obj_recalls": {"1": 0.8316993464052288, "2": 0.8856848609680742, "3": 0.48845346396081174, "4": 0.3173431734317343, "5": 0.6497031382527566, "6": 0.6082474226804123, "7": 0.6367281475541299, "8": 0.379570516540917},
  "recall": 0.5759813447337738,
  "scene_recalls": {"1": 0.5759813447337738},
  "targets_count": 10292,
  "tp_count": 5928
}