{
  "gt_count": 10279,
  "mean_obj_recall": 0.24129906103889018,
  "mean_scene_recall": 0.26412382531785517,
  "obj_recalls": {"1": 0.6511437908496732, "2": 0.24613800205973224, "3": 0.24142757172848145, "4": 0.23542435424354244, "5": 0.17217981340118746, "6": 0.31443298969072164, "7": 0.0, "8": 0.06964596633778293},
  "recall": 0.26412382531785517,
  "scene_recalls": {"1": 0.26412382531785517},
  "targets_count": 9045,
  "tp_count": 2389
}