{
  "gt_count": 10279,
  "mean_obj_recall": 0.5138015756916242,
  "mean_scene_recall": 0.573355444997236,
  "obj_recalls": {"1": 0.9305555555555556, "2": 0.5396498455200824, "3": 0.41427571728481455, "4": 0.4819188191881919, "5": 0.6556403731976251, "6": 0.6623711340206185, "7": 0.0, "8": 0.4260011607661056},
  "recall": 0.573355444997236,
  "scene_recalls": {"1": 0.573355444997236},
  "targets_count": 9045,
  "tp_count": 5186
}