{
  "gt_count": 10292,
  "mean_obj_recall": 0.08376879568558897,
  "mean_scene_recall": 0.07977069568596969,
  "obj_recalls": {"1": 0.29820261437908496, "2": 0.07929969104016478, "3": 0.1000699790062981, "4": 0.04797047970479705, "5": 0.02205258693808312, "6": 0.11426116838487972, "7": 0.0048115477145148355, "8": 0.003482298316889147},
  "recall": 0.07977069568596969,
  "scene_recalls": {"1": 0.07977069568596969},
  "targets_count": 10292,
  "tp_count": 821
}