{
  "gt_count": 10279,
  "mean_obj_recall": 0.5483039399725926,
  "mean_scene_recall": 0.6128247650635711,
  "obj_recalls": {"1": 0.940359477124183, "2": 0.6096807415036045, "3": 0.45906228131560534, "4": 0.4988929889298893, "5": 0.7065309584393554, "6": 0.6872852233676976, "7": 0.0, "8": 0.4846198491004063},
  "recall": 0.6128247650635711,
  "scene_recalls": {"1": 0.6128247650635711},
  "targets_count": 9045,
  "tp_count": 5543
}