{
  "gt_count": 10279,
  "mean_obj_recall": 0.3866330754365307,
  "mean_scene_recall": 0.42885572139303485,
  "obj_recalls": {"1": 0.8570261437908496, "2": 0.39237899073120497, "3": 0.3086074177746676, "4": 0.4280442804428044, "5": 0.3418150975402884, "6": 0.5249140893470791, "7": 0.0, "8": 0.24027858386535114},
  "recall": 0.42885572139303485,
  "scene_recalls": {"1": 0.42885572139303485},
  "targets_count": 9045,
  "tp_count": 3879
}