{
  "gt_count": 10279,
  "mean_obj_recall": 0.08316735222127461,
  "mean_scene_recall": 0.09010503040353787,
  "obj_recalls": {"1": 0.29820261437908496, "2": 0.07929969104016478, "3": 0.1000699790062981, "4": 0.04797047970479705, "5": 0.02205258693808312, "6": 0.11426116838487972, "7": 0.0, "8": 0.003482298316889147},
  "recall": 0.09010503040353787,
  "scene_recalls": {"1": 0.09010503040353787},
  "targets_count": 9045,
  "tp_count": 815
}