{
  "gt_count": 10292,
  "mean_obj_recall": 0.4225192021406205,
  "mean_scene_recall": 0.4116789739603576,
  "obj_recalls": {"1": 0.8570261437908496, "2": 0.39237899073120497, "3": 0.3086074177746676, "4": 0.4280442804428044, "5": 0.3418150975402884, "6": 0.5249140893470791, "7": 0.28708901363271855, "8": 0.24027858386535114},
  "recall": 0.4116789739603576,
  "scene_recalls": {"1": 0.4116789739603576},
  "targets_count": 10292,
  "tp_count": 4237
}