{
  "gt_count": 10279,
  "mean_obj_recall": 0.3173134463302202,
  "mean_scene_recall": 0.34969596462133773,
  "obj_recalls": {"1": 0.7785947712418301, "2": 0.32852729145211124, "3": 0.2729181245626312, "4": 0.34686346863468637, "5": 0.23748939779474132, "6": 0.4261168384879725, "7": 0.0, "8": 0.14799767846778875},
  "recall": 0.34969596462133773,
  "scene_recalls": {"1": 0.34969596462133773},
  "targets_count": 9045,
  "tp_count": 3163
}