{
  "bop19_average_recall": 0.04526978883275035,
  "bop19_average_recall_mspd": 0.0628157792460163,
  "bop19_average_recall_mssd": 0.044209094442285275,
  "bop19_average_recall_vsd": 0.028784492809949477,
  "bop19_average_time_per_image": -1.0
}