{
  "gt_count": 10279,
  "mean_obj_recall": 0.1463064170028915,
  "mean_scene_recall": 0.1587617468214483,
  "obj_recalls": {"1": 0.4223856209150327, "2": 0.18640576725025745, "3": 0.15465360391882435, "4": 0.2, "5": 0.0551314673452078, "6": 0.14432989690721648, "7": 0.0, "8": 0.0075449796865931515},
  "recall": 0.1587617468214483,
  "scene_recalls": {"1": 0.1587617468214483},
  "targets_count": 9045,
  "tp_count": 1436
}