{
  "gt_count": 10279,
  "mean_obj_recall": 0.3861883611286065,
  "mean_scene_recall": 0.42454394693200664,
  "obj_recalls": {"1": 0.7034313725490197, "2": 0.5499485066941298, "3": 0.24282715185444367, "4": 0.45461254612546126, "5": 0.4020356234096692, "6": 0.46735395189003437, "7": 0.0, "8": 0.269297736506094},
  "recall": 0.42454394693200664,
  "scene_recalls": {"1": 0.42454394693200664},
  "targets_count": 9045,
  "tp_count": 3840
}