{
  "gt_count": 10292,
  "mean_obj_recall": 0.0032093963664604533,
  "mean_scene_recall": 0.0030120481927710845,
  "obj_recalls": {"1": 0.0196078431372549, "2": 0.003089598352214212, "3": 0.0006997900629811056, "4": 0.0014760147601476014, "5": 0.0, "6": 0.0, "7": 0.0008019246190858059, "8": 0.0},
  "recall": 0.0030120481927710845,
  "scene_recalls": {"1": 0.0030120481927710845},
  "targets_count": 10292,
  "tp_count": 31
}