{
  "gt_count": 10279,
  "mean_obj_recall": 0.035121269168356894,
  "mean_scene_recall": 0.037258153676064124,
  "obj_recalls": {"1": 0.14052287581699346, "2": 0.05458290422245108, "3": 0.020293911826452064, "4": 0.03468634686346864, "5": 0.0033927056827820186, "6": 0.027491408934707903, "7": 0.0, "8": 0.0},
  "recall": 0.037258153676064124,
  "scene_recalls": {"1": 0.037258153676064124},
  "targets_count": 9045,
  "tp_count": 337
}