{
  "gt_count": 10279,
  "mean_obj_recall": 0.27590690346922775,
  "mean_scene_recall": 0.2990602542841349,
  "obj_recalls": {"1": 0.6200980392156863, "2": 0.39546858908341914, "3": 0.198740377886634, "4": 0.36236162361623614, "5": 0.22391857506361323, "6": 0.3178694158075601, "7": 0.0, "8": 0.08879860708067325},
  "recall": 0.2990602542841349,
  "scene_recalls": {"1": 0.2990602542841349},
  "targets_count": 9045,
  "tp_count": 2705
}