{
  "gt_count": 10279,
  "mean_obj_recall": 0.08637593511678154,
  "mean_scene_recall": 0.09297954671089,
  "obj_recalls": {"1": 0.27205882352941174, "2": 0.13285272914521112, "3": 0.09447165850244926, "4": 0.1033210332103321, "5": 0.016115351993214587, "6": 0.070446735395189, "7": 0.0, "8": 0.0017411491584445734},
  "recall": 0.09297954671089,
  "scene_recalls": {"1": 0.09297954671089},
  "targets_count": 9045,
  "tp_count": 841
}