{
  "gt_count": 10279,
  "mean_obj_recall": 0.20748748176047427,
  "mean_scene_recall": 0.225428413488115,
  "obj_recalls": {"1": 0.545751633986928, "2": 0.2533470648815654, "3": 0.17984604618614417, "4": 0.2826568265682657, "5": 0.14927905004240882, "6": 0.21477663230240548, "7": 0.0, "8": 0.03424260011607661},
  "recall": 0.225428413488115,
  "scene_recalls": {"1": 0.225428413488115},
  "targets_count": 9045,
  "tp_count": 2039
}