{
  "gt_count": 10292,
  "mean_obj_recall": 0.23655724920233473,
  "mean_scene_recall": 0.22629226583754372,
  "obj_recalls": {"1": 0.545751633986928, "2": 0.2533470648815654, "3": 0.17984604618614417, "4": 0.2826568265682657, "5": 0.14927905004240882, "6": 0.21477663230240548, "7": 0.23255813953488372, "8": 0.03424260011607661},
  "recall": 0.22629226583754372,
  "scene_recalls": {"1": 0.22629226583754372},
  "targets_count": 10292,
  "tp_count": 2329
}