{
  "gt_count": 10279,
  "mean_obj_recall": 0.4627776193654876,
  "mean_scene_recall": 0.5118850193477059,
  "obj_recalls": {"1": 0.7450980392156863, "2": 0.654994850669413, "3": 0.28831350594821553, "4": 0.4966789667896679, "5": 0.5877862595419847, "6": 0.531786941580756, "7": 0.0, "8": 0.3975623911781776},
  "recall": 0.5118850193477059,
  "scene_recalls": {"1": 0.5118850193477059},
  "targets_count": 9045,
  "tp_count": 4630
}