{
  "gt_count": 10292,
  "mean_obj_recall": 0.15933769206303583,
  "mean_scene_recall": 0.15215701515740382,
  "obj_recalls": {"1": 0.4223856209150327, "2": 0.18640576725025745, "3": 0.15465360391882435, "4": 0.2, "5": 0.0551314673452078, "6": 0.14432989690721648, "7": 0.10425020048115477, "8": 0.0075449796865931515},
  "recall": 0.15215701515740382,
  "scene_recalls": {"1": 0.15215701515740382},
  "targets_count": 10292,
  "tp_count": 1566
}