{
  "gt_count": 10292,
  "mean_obj_recall": 0.0359231937874427,
  "mean_scene_recall": 0.03352118150019433,
  "obj_recalls": {"1": 0.14052287581699346, "2": 0.05458290422245108, "3": 0.020293911826452064, "4": 0.03468634686346864, "5": 0.0033927056827820186, "6": 0.027491408934707903, "7": 0.006415396952686447, "8": 0.0},
  "recall": 0.03352118150019433,
  "scene_recalls": {"1": 0.03352118150019433},
  "targets_count": 10292,
  "tp_count": 345
}