{
  "gt_count": 10292,
  "mean_obj_recall": 0.02251643448818522,
  "mean_scene_recall": 0.021570151574038087,
  "obj_recalls": {"1": 0.1388888888888889, "2": 0.0010298661174047373, "3": 0.0, "4": 0.002214022140221402, "5": 0.0033927056827820186, "6": 0.019759450171821305, "7": 0.009623095429029671, "8": 0.00522344747533372},
  "recall": 0.021570151574038087,
  "scene_recalls": {"1": 0.021570151574038087},
  "targets_count": 10292,
  "tp_count": 222
}