{
  "gt_count": 10292,
  "mean_obj_recall": 0.007398434769151779,
  "mean_scene_recall": 0.006995724834823164,
  "obj_recalls": {"1": 0.05065359477124183, "2": 0.0, "3": 0.0, "4": 0.0, "5": 0.0, "6": 0.007731958762886598, "7": 0.0008019246190858059, "8": 0.0},
  "recall": 0.006995724834823164,
  "scene_recalls": {"1": 0.006995724834823164},
  "targets_count": 10292,
  "tp_count": 72
}