{
  "gt_count": 10292,
  "mean_obj_recall": 0.0025583687083080655,
  "mean_scene_recall": 0.0024290711232024874,
  "obj_recalls": {"1": 0.0196078431372549, "2": 0.0, "3": 0.0, "4": 0.0, "5": 0.0, "6": 0.000859106529209622, "7": 0.0, "8": 0.0},
  "recall": 0.0024290711232024874,
  "scene_recalls": {"1": 0.0024290711232024874},
  "targets_count": 10292,
  "tp_count": 25
}