{
  "gt_count": 10292,
  "mean_obj_recall": 0.009128053147289436,
  "mean_scene_recall": 0.008647493198600855,
  "obj_recalls": {"1": 0.06209150326797386, "2": 0.0, "3": 0.0, "4": 0.0007380073800738007, "5": 0.0, "6": 0.00859106529209622, "7": 0.0016038492381716118, "8": 0.0},
  "recall": 0.008647493198600855,
  "scene_recalls": {"1": 0.008647493198600855},
  "targets_count": 10292,
  "tp_count": 89
}