{
  "gt_count": 10292,
  "mean_obj_recall": 0.024170664928381533,
  "mean_scene_recall": 0.02322191993781578,
  "obj_recalls": {"1": 0.14297385620915032, "2": 0.0010298661174047373, "3": 0.0, "4": 0.004428044280442804, "5": 0.004240882103477523, "6": 0.02147766323024055, "7": 0.012830793905372895, "8": 0.006384213580963436},
  "recall": 0.02322191993781578,
  "scene_recalls": {"1": 0.02322191993781578},
  "targets_count": 10292,
  "tp_count": 239
}