{
  "gt_count": 10292,
  "mean_obj_recall": 0.01733077155859935,
  "mean_scene_recall": 0.016420520792848815,
  "obj_recalls": {"1": 0.11437908496732026, "2": 0.0010298661174047373, "3": 0.0, "4": 0.0014760147601476014, "5": 0.0008481764206955047, "6": 0.01632302405498282, "7": 0.00400962309542903, "8": 0.0005803830528148578},
  "recall": 0.016420520792848815,
  "scene_recalls": {"1": 0.016420520792848815},
  "targets_count": 10292,
  "tp_count": 169
}