{
  "gt_count": 10292,
  "mean_obj_recall": 0.012013850937195777,
  "mean_scene_recall": 0.011368052856587641,
  "obj_recalls": {"1": 0.08088235294117647, "2": 0.0, "3": 0.0, "4": 0.0007380073800738007, "5": 0.0, "6": 0.01288659793814433, "7": 0.0016038492381716118, "8": 0.0},
  "recall": 0.011368052856587641,
  "scene_recalls": {"1": 0.011368052856587641},
  "targets_count": 10292,
  "tp_count": 117
}