{
  "gt_count": 10292,
  "mean_obj_recall": 0.020152283270890452,
  "mean_scene_recall": 0.0191410804508356,
  "obj_recalls": {"1": 0.12990196078431374, "2": 0.0010298661174047373, "3": 0.0, "4": 0.0014760147601476014, "5": 0.0016963528413910093, "6": 0.019759450171821305, "7": 0.0056134723336006415, "8": 0.0017411491584445734},
  "recall": 0.0191410804508356,
  "scene_recalls": {"1": 0.0191410804508356},
  "targets_count": 10292,
  "tp_count": 197
}