{
  "gt_count": 10292,
  "mean_obj_recall": 0.014876839247241423,
  "mean_scene_recall": 0.014088612514574427,
  "obj_recalls": {"1": 0.09967320261437909, "2": 0.0, "3": 0.0, "4": 0.0007380073800738007, "5": 0.0008481764206955047, "6": 0.013745704467353952, "7": 0.00400962309542903, "8": 0.0},
  "recall": 0.014088612514574427,
  "scene_recalls": {"1": 0.014088612514574427},
  "targets_count": 10292,
  "tp_count": 145
}