{
  "gt_count": 10292,
  "mean_obj_recall": 0.06456087600223395,
  "mean_scene_recall": 0.06441896618732997,
  "obj_recalls": {"1": 0.21405228758169934, "2": 0.0, "3": 0.02099370188943317, "4": 0.0, "5": 0.06615776081424936, "6": 0.070446735395189, "7": 0.0809943865276664, "8": 0.06384213580963435},
  "recall": 0.06441896618732997,
  "scene_recalls": {"1": 0.06441896618732997},
  "targets_count": 10292,
  "tp_count": 663
}