{
  "gt_count": 10292,
  "mean_obj_recall": 0.4037075741897975,
  "mean_scene_recall": 0.39564710454722113,
  "obj_recalls": {"1": 0.6225490196078431, "2": 0.3666323377960865, "3": 0.15535339398180545, "4": 0.25977859778597784, "5": 0.6607294317217981, "6": 0.38831615120274915, "7": 0.39615076182838815, "8": 0.3801508995937319},
  "recall": 0.39564710454722113,
  "scene_recalls": {"1": 0.39564710454722113},
  "targets_count": 10292,
  "tp_count": 4072
}