{
  "gt_count": 10292,
  "mean_obj_recall": 0.3445054752849586,
  "mean_scene_recall": 0.3382238631947143,
  "obj_recalls": {"1": 0.5849673202614379, "2": 0.24922760041194644, "3": 0.13365990202939118, "4": 0.14686346863468636, "5": 0.6132315521628499, "6": 0.3487972508591065, "7": 0.3496391339214114, "8": 0.3296575739988392},
  "recall": 0.3382238631947143,
  "scene_recalls": {"1": 0.3382238631947143},
  "targets_count": 10292,
  "tp_count": 3481
}