{
  "gt_count": 10292,
  "mean_obj_recall": 0.1624622577028556,
  "mean_scene_recall": 0.16051301982122038,
  "obj_recalls": {"1": 0.4362745098039216, "2": 0.013388259526261586, "3": 0.052484254723582924, "4": 0.004428044280442804, "5": 0.24257845631891434, "6": 0.20532646048109965, "7": 0.2012830793905373, "8": 0.14393499709808474},
  "recall": 0.16051301982122038,
  "scene_recalls": {"1": 0.16051301982122038},
  "targets_count": 10292,
  "tp_count": 1652
}