{
  "gt_count": 10292,
  "mean_obj_recall": 0.2949204915008147,
  "mean_scene_recall": 0.2898367664205208,
  "obj_recalls": {"1": 0.5531045751633987, "2": 0.16065911431513905, "3": 0.11966410076976906, "4": 0.08856088560885608, "5": 0.546225614927905, "6": 0.3178694158075601, "7": 0.29991980753809144, "8": 0.273360417875798},
  "recall": 0.2898367664205208,
  "scene_recalls": {"1": 0.2898367664205208},
  "targets_count": 10292,
  "tp_count": 2983
}