{
  "gt_count": 10292,
  "mean_obj_recall": 0.26044601963750047,
  "mean_scene_recall": 0.25680139914496697,
  "obj_recalls": {"1": 0.5334967320261438, "2": 0.10298661174047374, "3": 0.099370188943317, "4": 0.05830258302583026, "5": 0.46904156064461405, "6": 0.30412371134020616, "7": 0.2678428227746592, "8": 0.24840394660475915},
  "recall": 0.25680139914496697,
  "scene_recalls": {"1": 0.25680139914496697},
  "targets_count": 10292,
  "tp_count": 2643
}