{
  "gt_count": 10292,
  "mean_obj_recall": 0.38512684665659347,
  "mean_scene_recall": 0.37728332685581034,
  "obj_recalls": {"1": 0.6127450980392157, "2": 0.3336766220391349, "3": 0.14765570328901328, "4": 0.21845018450184503, "5": 0.6539440203562341, "6": 0.37285223367697595, "7": 0.38011226944667204, "8": 0.3615786419036564},
  "recall": 0.37728332685581034,
  "scene_recalls": {"1": 0.37728332685581034},
  "targets_count": 10292,
  "tp_count": 3883
}