{
  "gt_count": 10292,
  "mean_obj_recall": 0.3645757330414134,
  "mean_scene_recall": 0.3572677808006218,
  "obj_recalls": {"1": 0.5988562091503268, "2": 0.2945417095777549, "3": 0.14275717284814557, "4": 0.17859778597785977, "5": 0.6361323155216285, "6": 0.36082474226804123, "7": 0.3624699278267843, "8": 0.3424260011607661},
  "recall": 0.3572677808006218,
  "scene_recalls": {"1": 0.3572677808006218},
  "targets_count": 10292,
  "tp_count": 3677
}