{
  "gt_count": 10292,
  "mean_obj_recall": 0.21603022284261053,
  "mean_scene_recall": 0.2134667703070346,
  "obj_recalls": {"1": 0.4991830065359477, "2": 0.05046343975283213, "3": 0.07767669699090272, "4": 0.033210332103321034, "5": 0.3638676844783715, "6": 0.2663230240549828, "7": 0.23496391339214115, "8": 0.20255368543238536},
  "recall": 0.2134667703070346,
  "scene_recalls": {"1": 0.2134667703070346},
  "targets_count": 10292,
  "tp_count": 2197
}