{
  "gt_count": 10292,
  "mean_obj_recall": 0.40563886110107494,
  "mean_scene_recall": 0.39710454722114263,
  "obj_recalls": {"1": 0.6397058823529411, "2": 0.3995880535530381, "3": 0.1735479356193142, "4": 0.13874538745387455, "5": 0.6963528413910093, "6": 0.2551546391752577, "7": 0.5485164394546913, "8": 0.3934997098084736},
  "recall": 0.39710454722114263,
  "scene_recalls": {"1": 0.39710454722114263},
  "targets_count": 10292,
  "tp_count": 4087
}