{
  "gt_count": 10292,
  "mean_obj_recall": 0.017989101336803818,
  "mean_scene_recall": 0.01739214924212981,
  "obj_recalls": {"1": 0.049836601307189546, "2": 0.009268795056642637, "3": 0.01609517144856543, "4": 0.015498154981549815, "5": 0.004240882103477523, "6": 0.01288659793814433, "7": 0.03608660785886127, "8": 0.0},
  "recall": 0.01739214924212981,
  "scene_recalls": {"1": 0.01739214924212981},
  "targets_count": 10292,
  "tp_count": 179
}