{
  "gt_count": 10292,
  "mean_obj_recall": 0.11533104599940666,
  "mean_scene_recall": 0.10969685192382433,
  "obj_recalls": {"1": 0.30637254901960786, "2": 0.11431513903192585, "3": 0.10496850944716585, "4": 0.05904059040590406, "5": 0.1102629346904156, "6": 0.06443298969072164, "7": 0.15396952686447474, "8": 0.009286128845037725},
  "recall": 0.10969685192382433,
  "scene_recalls": {"1": 0.10969685192382433},
  "targets_count": 10292,
  "tp_count": 1129
}