{
  "gt_count": 10292,
  "mean_obj_recall": 0.12146420139513103,
  "mean_scene_recall": 0.11785853089778468,
  "obj_recalls": {"1": 0.5065359477124183, "2": 0.01956745623069001, "3": 0.0, "4": 0.016974169741697416, "5": 0.08481764206955046, "6": 0.20446735395189003, "7": 0.05693664795509222, "8": 0.0824143934997098},
  "recall": 0.11785853089778468,
  "scene_recalls": {"1": 0.11785853089778468},
  "targets_count": 10292,
  "tp_count": 1213
}