{
  "gt_count": 10292,
  "mean_obj_recall": 0.09803675574087398,
  "mean_scene_recall": 0.0941507967353284,
  "obj_recalls": {"1": 0.46568627450980393, "2": 0.016477857878475798, "3": 0.0, "4": 0.014022140221402213, "5": 0.04495335029686175, "6": 0.16580756013745704, "7": 0.03207698476343224, "8": 0.04526987811955891},
  "recall": 0.0941507967353284,
  "scene_recalls": {"1": 0.0941507967353284},
  "targets_count": 10292,
  "tp_count": 969
}