{
  "gt_count": 10292,
  "mean_obj_recall": 0.18816476015430375,
  "mean_scene_recall": 0.18499805674310144,
  "obj_recalls": {"1": 0.5686274509803921, "2": 0.05252317198764161, "3": 0.0, "4": 0.033210332103321034, "5": 0.26208651399491095, "6": 0.2809278350515464, "7": 0.11467522052927025, "8": 0.19326755658734765},
  "recall": 0.18499805674310144,
  "scene_recalls": {"1": 0.18499805674310144},
  "targets_count": 10292,
  "tp_count": 1904
}