{
  "gt_count": 10279,
  "mean_obj_recall": 0.039090869461898055,
  "mean_scene_recall": 0.0435599778883361,
  "obj_recalls": {"1": 0.2107843137254902, "2": 0.003089598352214212, "3": 0.0370888733379986, "4": 0.0014760147601476014, "5": 0.002544529262086514, "6": 0.04381443298969072, "7": 0.0, "8": 0.013929193267556587},
  "recall": 0.0435599778883361,
  "scene_recalls": {"1": 0.0435599778883361},
  "targets_count": 9045,
  "tp_count": 394
}