{
  "gt_count": 10279,
  "mean_obj_recall": 0.04643544753144806,
  "mean_scene_recall": 0.051962410171365395,
  "obj_recalls": {"1": 0.23447712418300654, "2": 0.003089598352214212, "3": 0.04198740377886634, "4": 0.002952029520295203, "5": 0.006785411365564037, "6": 0.06013745704467354, "7": 0.0, "8": 0.022054556006964595},
  "recall": 0.051962410171365395,
  "scene_recalls": {"1": 0.051962410171365395},
  "targets_count": 9045,
  "tp_count": 470
}