{
  "gt_count": 10279,
  "mean_obj_recall": 0.07149585808234139,
  "mean_scene_recall": 0.08170259812050856,
  "obj_recalls": {"1": 0.29330065359477125, "2": 0.005149330587023687, "3": 0.0496850944716585, "4": 0.008118081180811807, "5": 0.02544529262086514, "6": 0.11597938144329897, "7": 0.0, "8": 0.0742890307603018},
  "recall": 0.08170259812050856,
  "scene_recalls": {"1": 0.08170259812050856},
  "targets_count": 9045,
  "tp_count": 739
}