{
  "gt_count": 10279,
  "mean_obj_recall": 0.018267951165404542,
  "mean_scene_recall": 0.020674405749032614,
  "obj_recalls": {"1": 0.09395424836601307, "2": 0.0010298661174047373, "3": 0.03219034289713086, "4": 0.0, "5": 0.0, "6": 0.013745704467353952, "7": 0.0, "8": 0.00522344747533372},
  "recall": 0.020674405749032614,
  "scene_recalls": {"1": 0.020674405749032614},
  "targets_count": 9045,
  "tp_count": 187
}