{
  "gt_count": 10279,
  "mean_obj_recall": 0.011026879176873963,
  "mean_scene_recall": 0.012603648424543947,
  "obj_recalls": {"1": 0.058823529411764705, "2": 0.0, "3": 0.0244926522043387, "4": 0.0, "5": 0.0, "6": 0.002577319587628866, "7": 0.0, "8": 0.0023215322112594312},
  "recall": 0.012603648424543947,
  "scene_recalls": {"1": 0.012603648424543947},
  "targets_count": 9045,
  "tp_count": 114
}