{
  "gt_count": 10279,
  "mean_obj_recall": 0.06267201531222136,
  "mean_scene_recall": 0.07108899944720841,
  "obj_recalls": {"1": 0.2818627450980392, "2": 0.004119464469618949, "3": 0.04758572428271519, "4": 0.006642066420664207, "5": 0.013570822731128074, "6": 0.09536082474226804, "7": 0.0, "8": 0.0522344747533372},
  "recall": 0.07108899944720841,
  "scene_recalls": {"1": 0.07108899944720841},
  "targets_count": 9045,
  "tp_count": 643
}