{
  "gt_count": 10279,
  "mean_obj_recall": 0.05521913164995186,
  "mean_scene_recall": 0.06224433388612493,
  "obj_recalls": {"1": 0.2622549019607843, "2": 0.003089598352214212, "3": 0.04478656403079076, "4": 0.002952029520295203, "5": 0.009329940627650551, "6": 0.08161512027491409, "7": 0.0, "8": 0.03772489843296576},
  "recall": 0.06224433388612493,
  "scene_recalls": {"1": 0.06224433388612493},
  "targets_count": 9045,
  "tp_count": 563
}