{
  "gt_count": 10292,
  "mean_obj_recall": 0.04636437908496732,
  "mean_scene_recall": 0.04411193159735717,
  "obj_recalls": {"1": 0.3709150326797386, "2": 0.0, "3": 0.0, "4": 0.0, "5": 0.0, "6": 0.0, "7": 0.0, "8": 0.0},
  "recall": 0.04411193159735717,
  "scene_recalls": {"1": 0.04411193159735717},
  "targets_count": 10292,
  "tp_count": 454
}