{
  "gt_count": 10292,
  "mean_obj_recall": 0.0403390522875817,
  "mean_scene_recall": 0.0383793237465993,
  "obj_recalls": {"1": 0.3227124183006536, "2": 0.0, "3": 0.0, "4": 0.0, "5": 0.0, "6": 0.0, "7": 0.0, "8": 0.0},
  "recall": 0.0383793237465993,
  "scene_recalls": {"1": 0.0383793237465993},
  "targets_count": 10292,
  "tp_count": 395
}