{
  "gt_count": 10292,
  "mean_obj_recall": 0.011948529411764705,
  "mean_scene_recall": 0.011368052856587641,
  "obj_recalls": {"1": 0.09558823529411764, "2": 0.0, "3": 0.0, "4": 0.0, "5": 0.0, "6": 0.0, "7": 0.0, "8": 0.0},
  "recall": 0.011368052856587641,
  "scene_recalls": {"1": 0.011368052856587641},
  "targets_count": 10292,
  "tp_count": 117
}