{
  "gt_count": 10292,
  "mean_obj_recall": 0.04861111111111111,
  "mean_scene_recall": 0.04624951418577536,
  "obj_recalls": {"1": 0.3888888888888889, "2": 0.0, "3": 0.0, "4": 0.0, "5": 0.0, "6": 0.0, "7": 0.0, "8": 0.0},
  "recall": 0.04624951418577536,
  "scene_recalls": {"1": 0.04624951418577536},
  "targets_count": 10292,
  "tp_count": 476
}