{
  "gt_count": 10292,
  "mean_obj_recall": 0.027062908496732027,
  "mean_scene_recall": 0.025748153905946366,
  "obj_recalls": {"1": 0.21650326797385622, "2": 0.0, "3": 0.0, "4": 0.0, "5": 0.0, "6": 0.0, "7": 0.0, "8": 0.0},
  "recall": 0.025748153905946366,
  "scene_recalls": {"1": 0.025748153905946366},
  "targets_count": 10292,
  "tp_count": 265
}