{
  "gt_count": 10292,
  "mean_obj_recall": 0.035130718954248366,
  "mean_scene_recall": 0.03342401865526622,
  "obj_recalls": {"1": 0.28104575163398693, "2": 0.0, "3": 0.0, "4": 0.0, "5": 0.0, "6": 0.0, "7": 0.0, "8": 0.0},
  "recall": 0.03342401865526622,
  "scene_recalls": {"1": 0.03342401865526622},
  "targets_count": 10292,
  "tp_count": 344
}