{
  "gt_count": 10279,
  "mean_obj_recall": 0.23968661432788033,
  "mean_scene_recall": 0.26290768380320617,
  "obj_recalls": {"1": 0.6658496732026143, "2": 0.22245108135942326, "3": 0.23862841147655703, "4": 0.24206642066420664, "5": 0.14927905004240882, "6": 0.3324742268041237, "7": 0.0, "8": 0.06674405107370865},
  "recall": 0.26290768380320617,
  "scene_recalls": {"1": 0.26290768380320617},
  "targets_count": 9045,
  "tp_count": 2378
}