{
  "gt_count": 10279,
  "mean_obj_recall": 0.4719911665576827,
  "mean_scene_recall": 0.5257048092868989,
  "obj_recalls": {"1": 0.9060457516339869, "2": 0.4654994850669413, "3": 0.3582925122463261, "4": 0.4752767527675277, "5": 0.6047497879558948, "6": 0.6073883161512027, "7": 0.0, "8": 0.3586767266395821},
  "recall": 0.5257048092868989,
  "scene_recalls": {"1": 0.5257048092868989},
  "targets_count": 9045,
  "tp_count": 4755
}