{
  "gt_count": 10279,
  "mean_obj_recall": 0.3703904734571647,
  "mean_scene_recall": 0.4114980652294085,
  "obj_recalls": {"1": 0.8496732026143791, "2": 0.33161688980432547, "3": 0.2995101469559132, "4": 0.414760147601476, "5": 0.3146734520780322, "6": 0.5335051546391752, "7": 0.0, "8": 0.21938479396401625},
  "recall": 0.4114980652294085,
  "scene_recalls": {"1": 0.4114980652294085},
  "targets_count": 9045,
  "tp_count": 3722
}