{
  "gt_count": 10279,
  "mean_obj_recall": 0.3092062445950076,
  "mean_scene_recall": 0.3415146489773355,
  "obj_recalls": {"1": 0.7843137254901961, "2": 0.27703398558187436, "3": 0.27641707487753675, "4": 0.3372693726937269, "5": 0.20949957591178966, "6": 0.45446735395189003, "7": 0.0, "8": 0.134648868253047},
  "recall": 0.3415146489773355,
  "scene_recalls": {"1": 0.3415146489773355},
  "targets_count": 9045,
  "tp_count": 3089
}