{
  "gt_count": 10279,
  "mean_obj_recall": 0.425264260846096,
  "mean_scene_recall": 0.4736318407960199,
  "obj_recalls": {"1": 0.8913398692810458, "2": 0.4016477857878476, "3": 0.3282015395381386, "4": 0.45166051660516604, "5": 0.44529262086513993, "6": 0.5833333333333334, "7": 0.0, "8": 0.3006384213580963},
  "recall": 0.4736318407960199,
  "scene_recalls": {"1": 0.4736318407960199},
  "targets_count": 9045,
  "tp_count": 4284
}