{
  "gt_count": 10279,
  "mean_obj_recall": 0.5056344166693224,
  "mean_scene_recall": 0.5639579878385849,
  "obj_recalls": {"1": 0.9166666666666666, "2": 0.525231719876416, "3": 0.397480755773268, "4": 0.4944649446494465, "5": 0.6717557251908397, "6": 0.6297250859106529, "7": 0.0, "8": 0.4097504352872896},
  "recall": 0.5639579878385849,
  "scene_recalls": {"1": 0.5639579878385849},
  "targets_count": 9045,
  "tp_count": 5101
}