{
  "gt_count": 10279,
  "mean_obj_recall": 0.03727100685051495,
  "mean_scene_recall": 0.04068546158098397,
  "obj_recalls": {"1": 0.18137254901960784, "2": 0.010298661174047374, "3": 0.02729181245626312, "4": 0.025092250922509225, "5": 0.0008481764206955047, "6": 0.05326460481099656, "7": 0.0, "8": 0.0},
  "recall": 0.04068546158098397,
  "scene_recalls": {"1": 0.04068546158098397},
  "targets_count": 9045,
  "tp_count": 368
}