{
  "gt_count": 10292,
  "mean_obj_recall": 0.01798874943409047,
  "mean_scene_recall": 0.01719782355227361,
  "obj_recalls": {"1": 0.08006535947712418, "2": 0.01956745623069001, "3": 0.026592022393282014, "4": 0.006642066420664207, "5": 0.0008481764206955047, "6": 0.00859106529209622, "7": 0.0016038492381716118, "8": 0.0},
  "recall": 0.01719782355227361,
  "scene_recalls": {"1": 0.01719782355227361},
  "targets_count": 10292,
  "tp_count": 177
}