{
  "gt_count": 10292,
  "mean_obj_recall": 0.06359319581940136,
  "mean_scene_recall": 0.060823940924990286,
  "obj_recalls": {"1": 0.18872549019607843, "2": 0.07312049433573635, "3": 0.07837648705388384, "4": 0.04059040590405904, "5": 0.01441899915182358, "6": 0.06529209621993128, "7": 0.040096230954290296, "8": 0.00812536273940801},
  "recall": 0.060823940924990286,
  "scene_recalls": {"1": 0.060823940924990286},
  "targets_count": 10292,
  "tp_count": 626
}