{
  "gt_count": 10292,
  "mean_obj_recall": 0.03263705085387568,
  "mean_scene_recall": 0.03080062184220754,
  "obj_recalls": {"1": 0.10784313725490197, "2": 0.05046343975283213, "3": 0.05108467459762071, "4": 0.00959409594095941, "5": 0.0033927056827820186, "6": 0.027491408934707903, "7": 0.011226944667201283, "8": 0.0},
  "recall": 0.03080062184220754,
  "scene_recalls": {"1": 0.03080062184220754},
  "targets_count": 10292,
  "tp_count": 317
}