{
  "gt_count": 10292,
  "mean_obj_recall": 0.07337591627895684,
  "mean_scene_recall": 0.07015157403808783,
  "obj_recalls": {"1": 0.20016339869281047, "2": 0.08753861997940268, "3": 0.08187543736878937, "4": 0.045018450184501846, "5": 0.037319762510602206, "6": 0.07130584192439862, "7": 0.048115477145148355, "8": 0.01567034242600116},
  "recall": 0.07015157403808783,
  "scene_recalls": {"1": 0.07015157403808783},
  "targets_count": 10292,
  "tp_count": 722
}