{
  "gt_count": 10292,
  "mean_obj_recall": 0.06987181068553716,
  "mean_scene_recall": 0.06665371162067625,
  "obj_recalls": {"1": 0.1968954248366013, "2": 0.08444902162718847, "3": 0.08047585724282715, "4": 0.042804428044280446, "5": 0.029686174724342665, "6": 0.06872852233676977, "7": 0.04490777866880513, "8": 0.011027278003482298},
  "recall": 0.06665371162067625,
  "scene_recalls": {"1": 0.06665371162067625},
  "targets_count": 10292,
  "tp_count": 686
}