{
  "gt_count": 10292,
  "mean_obj_recall": 0.05730726429593541,
  "mean_scene_recall": 0.054702681694520014,
  "obj_recalls": {"1": 0.16584967320261437, "2": 0.0690010298661174, "3": 0.0748775367389783, "4": 0.037638376383763834, "5": 0.01102629346904156, "6": 0.06013745704467354, "7": 0.03528468323977546, "8": 0.0046430644225188625},
  "recall": 0.054702681694520014,
  "scene_recalls": {"1": 0.054702681694520014},
  "targets_count": 10292,
  "tp_count": 563
}