{
  "gt_count": 10292,
  "mean_obj_recall": 0.044347018681763634,
  "mean_scene_recall": 0.04207151185386708,
  "obj_recalls": {"1": 0.12990196078431374, "2": 0.06282183316168898, "3": 0.06368089573128062, "4": 0.028782287822878228, "5": 0.005089058524173028, "6": 0.044673539518900345, "7": 0.019246190858059342, "8": 0.0005803830528148578},
  "recall": 0.04207151185386708,
  "scene_recalls": {"1": 0.04207151185386708},
  "targets_count": 10292,
  "tp_count": 433
}