{
  "gt_count": 10292,
  "mean_obj_recall": 0.05119527051942775,
  "mean_scene_recall": 0.04867858530897785,
  "obj_recalls": {"1": 0.14624183006535948, "2": 0.06591143151390319, "3": 0.06857942617214835, "4": 0.03468634686346864, "5": 0.007633587786259542, "6": 0.05670103092783505, "7": 0.028067361668003207, "8": 0.0017411491584445734},
  "recall": 0.04867858530897785,
  "scene_recalls": {"1": 0.04867858530897785},
  "targets_count": 10292,
  "tp_count": 501
}