{
  "gt_count": 10292,
  "mean_obj_recall": 0.06793633330605883,
  "mean_scene_recall": 0.06461329187718616,
  "obj_recalls": {"1": 0.17973856209150327, "2": 0.09474768280123584, "3": 0.08327501749475158, "4": 0.05977859778597786, "5": 0.013570822731128074, "6": 0.06443298969072164, "7": 0.04330392943063352, "8": 0.0046430644225188625},
  "recall": 0.06461329187718616,
  "scene_recalls": {"1": 0.06461329187718616},
  "targets_count": 10292,
  "tp_count": 665
}