{
  "gt_count": 10292,
  "mean_obj_recall": 0.08319259422280167,
  "mean_scene_recall": 0.0788962300816168,
  "obj_recalls": {"1": 0.20016339869281047, "2": 0.12358393408856849, "3": 0.09167249825052484, "4": 0.06273062730627306, "5": 0.041560644614079725, "6": 0.07474226804123711, "7": 0.057738572574178026, "8": 0.013348810214741729},
  "recall": 0.0788962300816168,
  "scene_recalls": {"1": 0.0788962300816168},
  "targets_count": 10292,
  "tp_count": 812
}