{
  "gt_count": 10292,
  "mean_obj_recall": 0.008412170268216784,
  "mean_scene_recall": 0.008258841818888456,
  "obj_recalls": {"1": 0.041666666666666664, "2": 0.003089598352214212, "3": 0.013995801259622114, "4": 0.0051660516605166054, "5": 0.0, "6": 0.002577319587628866, "7": 0.0008019246190858059, "8": 0.0},
  "recall": 0.008258841818888456,
  "scene_recalls": {"1": 0.008258841818888456},
  "targets_count": 10292,
  "tp_count": 85
}