{
  "gt_count": 10292,
  "mean_obj_recall": 0.0594380026123544,
  "mean_scene_recall": 0.056451612903225805,
  "obj_recalls": {"1": 0.15359477124183007, "2": 0.08753861997940268, "3": 0.07767669699090272, "4": 0.05092250922509225, "5": 0.009329940627650551, "6": 0.059278350515463915, "7": 0.03368083400160385, "8": 0.003482298316889147},
  "recall": 0.056451612903225805,
  "scene_recalls": {"1": 0.056451612903225805},
  "targets_count": 10292,
  "tp_count": 581
}