{
  "gt_count": 10292,
  "mean_obj_recall": 0.03711475757797636,
  "mean_scene_recall": 0.03497862417411582,
  "obj_recalls": {"1": 0.1119281045751634, "2": 0.06385169927909372, "3": 0.05738278516445067, "4": 0.01992619926199262, "5": 0.0033927056827820186, "6": 0.029209621993127148, "7": 0.011226944667201283, "8": 0.0},
  "recall": 0.03497862417411582,
  "scene_recalls": {"1": 0.03497862417411582},
  "targets_count": 10292,
  "tp_count": 360
}