{
  "gt_count": 10292,
  "mean_obj_recall": 0.07508171653757491,
  "mean_scene_recall": 0.07141469102215313,
  "obj_recalls": {"1": 0.19607843137254902, "2": 0.10710607621009269, "3": 0.08887333799860042, "4": 0.06051660516605166, "5": 0.021204410517387615, "6": 0.06786941580756013, "7": 0.04971932638331997, "8": 0.009286128845037725},
  "recall": 0.07141469102215313,
  "scene_recalls": {"1": 0.07141469102215313},
  "targets_count": 10292,
  "tp_count": 735
}