{
  "gt_count": 10292,
  "mean_obj_recall": 0.04899470748408766,
  "mean_scene_recall": 0.04644383987563156,
  "obj_recalls": {"1": 0.13071895424836602, "2": 0.07621009268795056, "3": 0.07067879636109167, "4": 0.04059040590405904, "5": 0.005937234944868533, "6": 0.04639175257731959, "7": 0.020850040096230954, "8": 0.0005803830528148578},
  "recall": 0.04644383987563156,
  "scene_recalls": {"1": 0.04644383987563156},
  "targets_count": 10292,
  "tp_count": 478
}