{
  "gt_count": 10292,
  "mean_obj_recall": 0.021316668423773034,
  "mean_scene_recall": 0.020209871745044693,
  "obj_recalls": {"1": 0.08169934640522876, "2": 0.03192584963954686, "3": 0.031490552834149754, "4": 0.011808118081180811, "5": 0.0016963528413910093, "6": 0.010309278350515464, "7": 0.0016038492381716118, "8": 0.0},
  "recall": 0.020209871745044693,
  "scene_recalls": {"1": 0.020209871745044693},
  "targets_count": 10292,
  "tp_count": 208
}