{
  "gt_count": 10292,
  "mean_obj_recall": 0.08747295173029654,
  "mean_scene_recall": 0.08307423241352507,
  "obj_recalls": {"1": 0.20179738562091504, "2": 0.12873326467559218, "3": 0.09517144856543037, "4": 0.06346863468634686, "5": 0.05258693808312129, "6": 0.07646048109965636, "7": 0.06415396952686447, "8": 0.017411491584445733},
  "recall": 0.08307423241352507,
  "scene_recalls": {"1": 0.08307423241352507},
  "targets_count": 10292,
  "tp_count": 855
}