{
  "gt_count": 10292,
  "mean_obj_recall": 0.22924795467354148,
  "mean_scene_recall": 0.22328021764477263,
  "obj_recalls": {"1": 0.6821895424836601, "2": 0.06591143151390319, "3": 0.17634709587123862, "4": 0.08118081180811808, "5": 0.07888040712468193, "6": 0.36597938144329895, "7": 0.29991980753809144, "8": 0.08357515960533952},
  "recall": 0.22328021764477263,
  "scene_recalls": {"1": 0.22328021764477263},
  "targets_count": 10292,
  "tp_count": 2298
}