{
  "gt_count": 10292,
  "mean_obj_recall": 0.35317250716701026,
  "mean_scene_recall": 0.3489117761368053,
  "obj_recalls": {"1": 0.7933006535947712, "2": 0.10607621009268794, "3": 0.24282715185444367, "4": 0.14317343173431735, "5": 0.27735368956743, "6": 0.49398625429553267, "7": 0.5260625501202887, "8": 0.24260011607661056},
  "recall": 0.3489117761368053,
  "scene_recalls": {"1": 0.3489117761368053},
  "targets_count": 10292,
  "tp_count": 3591
}