{
  "gt_count": 10292,
  "mean_obj_recall": 0.030282079558438035,
  "mean_scene_recall": 0.028954527788573648,
  "obj_recalls": {"1": 0.17320261437908496, "2": 0.0010298661174047373, "3": 0.01959412176347096, "4": 0.0014760147601476014, "5": 0.0008481764206955047, "6": 0.04209621993127148, "7": 0.00400962309542903, "8": 0.0},
  "recall": 0.028954527788573648,
  "scene_recalls": {"1": 0.028954527788573648},
  "targets_count": 10292,
  "tp_count": 298
}