{
  "gt_count": 10292,
  "mean_obj_recall": 0.1293885126673111,
  "mean_scene_recall": 0.12504858142246406,
  "obj_recalls": {"1": 0.45588235294117646, "2": 0.03398558187435633, "3": 0.1364590622813156, "4": 0.025830258302583026, "5": 0.027989821882951654, "6": 0.19931271477663232, "7": 0.14113873295910184, "8": 0.014509576320371444},
  "recall": 0.12504858142246406,
  "scene_recalls": {"1": 0.12504858142246406},
  "targets_count": 10292,
  "tp_count": 1287
}