{
  "gt_count": 10292,
  "mean_obj_recall": 0.17918777376027978,
  "mean_scene_recall": 0.1739214924212981,
  "obj_recalls": {"1": 0.5816993464052288, "2": 0.04943357363542739, "3": 0.15325402379286215, "4": 0.045756457564575644, "5": 0.05173876166242578, "6": 0.26804123711340205, "7": 0.23656776263031276, "8": 0.047011027278003485},
  "recall": 0.1739214924212981,
  "scene_recalls": {"1": 0.1739214924212981},
  "targets_count": 10292,
  "tp_count": 1790
}