{
  "gt_count": 10292,
  "mean_obj_recall": 0.31788093623811964,
  "mean_scene_recall": 0.3128643606684804,
  "obj_recalls": {"1": 0.7753267973856209, "2": 0.09165808444902163, "3": 0.2218334499650105, "4": 0.12619926199261994, "5": 0.20695504664970313, "6": 0.47164948453608246, "7": 0.4578989574979952, "8": 0.1915264074289031},
  "recall": 0.3128643606684804,
  "scene_recalls": {"1": 0.3128643606684804},
  "targets_count": 10292,
  "tp_count": 3220
}