{
  "gt_count": 10292,
  "mean_obj_recall": 0.3869318425369945,
  "mean_scene_recall": 0.3826272833268558,
  "obj_recalls": {"1": 0.8022875816993464, "2": 0.13594232749742532, "3": 0.2624212736179146, "4": 0.15793357933579336, "5": 0.37150127226463103, "6": 0.5137457044673539, "7": 0.5637530072173216, "8": 0.2878699941961695},
  "recall": 0.3826272833268558,
  "scene_recalls": {"1": 0.3826272833268558},
  "targets_count": 10292,
  "tp_count": 3938
}