{
  "gt_count": 10292,
  "mean_obj_recall": 0.2752949542597436,
  "mean_scene_recall": 0.2693354061406918,
  "obj_recalls": {"1": 0.7418300653594772, "2": 0.07826982492276004, "3": 0.20293911826452066, "4": 0.1055350553505535, "5": 0.13316369804919423, "6": 0.4338487972508591, "7": 0.3785084202085004, "8": 0.1282646546720836},
  "recall": 0.2693354061406918,
  "scene_recalls": {"1": 0.2693354061406918},
  "targets_count": 10292,
  "tp_count": 2772
}