{
  "gt_count": 10292,
  "mean_obj_recall": 0.027194235617185814,
  "mean_scene_recall": 0.026039642440730666,
  "obj_recalls": {"1": 0.1323529411764706, "2": 0.005149330587023687, "3": 0.013995801259622114, "4": 0.0, "5": 0.0033927056827820186, "6": 0.013745704467353952, "7": 0.04891740176423416, "8": 0.0},
  "recall": 0.026039642440730666,
  "scene_recalls": {"1": 0.026039642440730666},
  "targets_count": 10292,
  "tp_count": 268
}