{
  "gt_count": 10292,
  "mean_obj_recall": 0.14499650684111162,
  "mean_scene_recall": 0.14059463661095997,
  "obj_recalls": {"1": 0.40441176470588236, "2": 0.082389289392379, "3": 0.04688593421973408, "4": 0.01107011070110701, "5": 0.16963528413910092, "6": 0.09192439862542956, "7": 0.2654370489174018, "8": 0.08821822402785838},
  "recall": 0.14059463661095997,
  "scene_recalls": {"1": 0.14059463661095997},
  "targets_count": 10292,
  "tp_count": 1447
}