{
  "gt_count": 10292,
  "mean_obj_recall": 0.0816306237572864,
  "mean_scene_recall": 0.07841041585697629,
  "obj_recalls": {"1": 0.3284313725490196, "2": 0.016477857878475798, "3": 0.03918824352694192, "4": 0.005904059040590406, "5": 0.05258693808312129, "6": 0.04982817869415808, "7": 0.1507618283881315, "8": 0.009866511897852582},
  "recall": 0.07841041585697629,
  "scene_recalls": {"1": 0.07841041585697629},
  "targets_count": 10292,
  "tp_count": 807
}