{
  "gt_count": 10292,
  "mean_obj_recall": 0.007953410320213773,
  "mean_scene_recall": 0.0075787019043917605,
  "obj_recalls": {"1": 0.028594771241830064, "2": 0.0020597322348094747, "3": 0.002099370188943317, "4": 0.0, "5": 0.0, "6": 0.006013745704467354, "7": 0.024859663191659984, "8": 0.0},
  "recall": 0.0075787019043917605,
  "scene_recalls": {"1": 0.0075787019043917605},
  "targets_count": 10292,
  "tp_count": 78
}