{
  "gt_count": 10292,
  "mean_obj_recall": 0.18625149012810932,
  "mean_scene_recall": 0.18208317139525845,
  "obj_recalls": {"1": 0.42892156862745096, "2": 0.13079299691040164, "3": 0.05108467459762071, "4": 0.015498154981549815, "5": 0.26208651399491095, "6": 0.1134020618556701, "7": 0.3239775461106656, "8": 0.16424840394660475},
  "recall": 0.18208317139525845,
  "scene_recalls": {"1": 0.18208317139525845},
  "targets_count": 10292,
  "tp_count": 1874
}