{
  "gt_count": 10292,
  "mean_obj_recall": 0.1628349704611941,
  "mean_scene_recall": 0.15905557714729887,
  "obj_recalls": {"1": 0.41748366013071897, "2": 0.09680741503604531, "3": 0.04758572428271519, "4": 0.013284132841328414, "5": 0.20271416454622562, "6": 0.10223367697594501, "7": 0.2943063352044908, "8": 0.1282646546720836},
  "recall": 0.15905557714729887,
  "scene_recalls": {"1": 0.15905557714729887},
  "targets_count": 10292,
  "tp_count": 1637
}