{
  "gt_count": 10292,
  "mean_obj_recall": 0.10475143451560898,
  "mean_scene_recall": 0.10114652157015157,
  "obj_recalls": {"1": 0.37173202614379086, "2": 0.030895983522142123, "3": 0.042687193841847444, "4": 0.008118081180811807, "5": 0.10008481764206956, "6": 0.06099656357388316, "7": 0.1892542101042502, "8": 0.03424260011607661},
  "recall": 0.10114652157015157,
  "scene_recalls": {"1": 0.10114652157015157},
  "targets_count": 10292,
  "tp_count": 1041
}