{
  "gt_count": 10292,
  "mean_obj_recall": 0.033837243946175384,
  "mean_scene_recall": 0.03245239020598523,
  "obj_recalls": {"1": 0.22712418300653595, "2": 0.005149330587023687, "3": 0.01959412176347096, "4": 0.0007380073800738007, "5": 0.0016963528413910093, "6": 0.012027491408934709, "7": 0.0032076984763432237, "8": 0.0011607661056297156},
  "recall": 0.03245239020598523,
  "scene_recalls": {"1": 0.03245239020598523},
  "targets_count": 10292,
  "tp_count": 334
}