{
  "gt_count": 10292,
  "mean_obj_recall": 0.023789737060643405,
  "mean_scene_recall": 0.022736105713175282,
  "obj_recalls": {"1": 0.16258169934640523, "2": 0.005149330587023687, "3": 0.013995801259622114, "4": 0.0, "5": 0.0, "6": 0.00859106529209622, "7": 0.0, "8": 0.0},
  "recall": 0.022736105713175282,
  "scene_recalls": {"1": 0.022736105713175282},
  "targets_count": 10292,
  "tp_count": 234
}