{
  "gt_count": 10292,
  "mean_obj_recall": 0.013624917820972339,
  "mean_scene_recall": 0.012922658375437233,
  "obj_recalls": {"1": 0.1053921568627451, "2": 0.0010298661174047373, "3": 0.0, "4": 0.0, "5": 0.0, "6": 0.002577319587628866, "7": 0.0, "8": 0.0},
  "recall": 0.012922658375437233,
  "scene_recalls": {"1": 0.012922658375437233},
  "targets_count": 10292,
  "tp_count": 133
}