{
  "gt_count": 10292,
  "mean_obj_recall": 0.0015318627450980392,
  "mean_scene_recall": 0.0014574426739214924,
  "obj_recalls": {"1": 0.012254901960784314, "2": 0.0, "3": 0.0, "4": 0.0, "5": 0.0, "6": 0.0, "7": 0.0, "8": 0.0},
  "recall": 0.0014574426739214924,
  "scene_recalls": {"1": 0.0014574426739214924},
  "targets_count": 10292,
  "tp_count": 15
}