{
  "gt_count": 10292,
  "mean_obj_recall": 0.028806539609201147,
  "mean_scene_recall": 0.027594247959580258,
  "obj_recalls": {"1": 0.19607843137254902, "2": 0.005149330587023687, "3": 0.016794961511546535, "4": 0.0007380073800738007, "5": 0.0, "6": 0.010309278350515464, "7": 0.0008019246190858059, "8": 0.0005803830528148578},
  "recall": 0.027594247959580258,
  "scene_recalls": {"1": 0.027594247959580258},
  "targets_count": 10292,
  "tp_count": 284
}