{
  "gt_count": 10292,
  "mean_obj_recall": 0.04075107346885776,
  "mean_scene_recall": 0.039059463661096,
  "obj_recalls": {"1": 0.2508169934640523, "2": 0.009268795056642637, "3": 0.0244926522043387, "4": 0.0007380073800738007, "5": 0.004240882103477523, "6": 0.015463917525773196, "7": 0.019246190858059342, "8": 0.0017411491584445734},
  "recall": 0.039059463661096,
  "scene_recalls": {"1": 0.039059463661096},
  "targets_count": 10292,
  "tp_count": 402
}