{
  "gt_count": 10292,
  "mean_obj_recall": 0.019567058003715682,
  "mean_scene_recall": 0.018752429071123202,
  "obj_recalls": {"1": 0.13725490196078433, "2": 0.003089598352214212, "3": 0.011896431070678797, "4": 0.0, "5": 0.0, "6": 0.00429553264604811, "7": 0.0, "8": 0.0},
  "recall": 0.018752429071123202,
  "scene_recalls": {"1": 0.018752429071123202},
  "targets_count": 10292,
  "tp_count": 193
}