{
  "gt_count": 10292,
  "mean_obj_recall": 0.03746589827109868,
  "mean_scene_recall": 0.03585308977846871,
  "obj_recalls": {"1": 0.23774509803921567, "2": 0.009268795056642637, "3": 0.021693491952414275, "4": 0.0007380073800738007, "5": 0.002544529262086514, "6": 0.013745704467353952, "7": 0.012830793905372895, "8": 0.0011607661056297156},
  "recall": 0.03585308977846871,
  "scene_recalls": {"1": 0.03585308977846871},
  "targets_count": 10292,
  "tp_count": 369
}