{
  "gt_count": 10292,
  "mean_obj_recall": 0.04493805941917348,
  "mean_scene_recall": 0.04323746599300427,
  "obj_recalls": {"1": 0.26143790849673204, "2": 0.009268795056642637, "3": 0.02729181245626312, "4": 0.0007380073800738007, "5": 0.01441899915182358, "6": 0.015463917525773196, "7": 0.02566158781074579, "8": 0.00522344747533372},
  "recall": 0.04323746599300427,
  "scene_recalls": {"1": 0.04323746599300427},
  "targets_count": 10292,
  "tp_count": 445
}