{
  "gt_count": 10292,
  "mean_obj_recall": 0.0485674463814929,
  "mean_scene_recall": 0.046735328410415854,
  "obj_recalls": {"1": 0.2647058823529412, "2": 0.012358393408856848, "3": 0.02729181245626312, "4": 0.0007380073800738007, "5": 0.02714164546225615, "6": 0.01632302405498282, "7": 0.03127506014434643, "8": 0.008705745792222866},
  "recall": 0.046735328410415854,
  "scene_recalls": {"1": 0.046735328410415854},
  "targets_count": 10292,
  "tp_count": 481
}