{
  "gt_count": 10292,
  "mean_obj_recall": 0.2963610876900027,
  "mean_scene_recall": 0.2892537893509522,
  "obj_recalls": {"1": 0.5841503267973857, "2": 0.23892893923789907, "3": 0.1371588523442967, "4": 0.24428044280442804, "5": 0.2680237489397795, "6": 0.3006872852233677, "7": 0.404971932638332, "8": 0.1926871735345328},
  "recall": 0.2892537893509522,
  "scene_recalls": {"1": 0.2892537893509522},
  "targets_count": 10292,
  "tp_count": 2977
}