{
  "gt_count": 10292,
  "mean_obj_recall": 0.09156825909807466,
  "mean_scene_recall": 0.08734939759036145,
  "obj_recalls": {"1": 0.33169934640522875, "2": 0.08959835221421215, "3": 0.09447165850244926, "4": 0.061254612546125464, "5": 0.016115351993214587, "6": 0.08161512027491409, "7": 0.053728949478749, "8": 0.004062681369704005},
  "recall": 0.08734939759036145,
  "scene_recalls": {"1": 0.08734939759036145},
  "targets_count": 10292,
  "tp_count": 899
}