{
  "gt_count": 10292,
  "mean_obj_recall": 0.2152381101539173,
  "mean_scene_recall": 0.20831713952584532,
  "obj_recalls": {"1": 0.5285947712418301, "2": 0.16889804325437693, "3": 0.1224632610216935, "4": 0.17638376383763837, "5": 0.16878710771840544, "6": 0.23625429553264604, "7": 0.22534081796311148, "8": 0.09518282066163668},
  "recall": 0.20831713952584532,
  "scene_recalls": {"1": 0.20831713952584532},
  "targets_count": 10292,
  "tp_count": 2144
}