{
  "gt_count": 10292,
  "mean_obj_recall": 0.33189746906569895,
  "mean_scene_recall": 0.3244267392149242,
  "obj_recalls": {"1": 0.6037581699346405, "2": 0.286302780638517, "3": 0.15185444366689993, "4": 0.2730627306273063, "5": 0.32145886344359625, "6": 0.3230240549828179, "7": 0.4595028067361668, "8": 0.23621590249564714},
  "recall": 0.3244267392149242,
  "scene_recalls": {"1": 0.3244267392149242},
  "targets_count": 10292,
  "tp_count": 3339
}