{
  "gt_count": 10292,
  "mean_obj_recall": 0.05232013787490844,
  "mean_scene_recall": 0.049553050913330746,
  "obj_recalls": {"1": 0.21977124183006536, "2": 0.0607621009268795, "3": 0.055283414975507345, "4": 0.02730627306273063, "5": 0.005937234944868533, "6": 0.03951890034364261, "7": 0.008821170809943865, "8": 0.0011607661056297156},
  "recall": 0.049553050913330746,
  "scene_recalls": {"1": 0.049553050913330746},
  "targets_count": 10292,
  "tp_count": 510
}