{
  "gt_count": 10279,
  "mean_obj_recall": 0.30080058354478223,
  "mean_scene_recall": 0.33665008291873966,
  "obj_recalls": {"1": 0.5849673202614379, "2": 0.24922760041194644, "3": 0.13365990202939118, "4": 0.14686346863468636, "5": 0.6132315521628499, "6": 0.3487972508591065, "7": 0.0, "8": 0.3296575739988392},
  "recall": 0.33665008291873966,
  "scene_recalls": {"1": 0.33665008291873966},
  "targets_count": 9045,
  "tp_count": 3045
}