{
  "gt_count": 10279,
  "mean_obj_recall": 0.13730187277903846,
  "mean_scene_recall": 0.1548922056384743,
  "obj_recalls": {"1": 0.4362745098039216, "2": 0.013388259526261586, "3": 0.052484254723582924, "4": 0.004428044280442804, "5": 0.24257845631891434, "6": 0.20532646048109965, "7": 0.0, "8": 0.14393499709808474},
  "recall": 0.1548922056384743,
  "scene_recalls": {"1": 0.1548922056384743},
  "targets_count": 9045,
  "tp_count": 1401
}