{
  "gt_count": 10279,
  "mean_obj_recall": 0.35418872896124903,
  "mean_scene_recall": 0.39557766721945825,
  "obj_recalls": {"1": 0.6225490196078431, "2": 0.3666323377960865, "3": 0.15535339398180545, "4": 0.25977859778597784, "5": 0.6607294317217981, "6": 0.38831615120274915, "7": 0.0, "8": 0.3801508995937319},
  "recall": 0.39557766721945825,
  "scene_recalls": {"1": 0.39557766721945825},
  "targets_count": 9045,
  "tp_count": 3578
}