{
  "gt_count": 10279,
  "mean_obj_recall": 0.1866597336685929,
  "mean_scene_recall": 0.2105030403537866,
  "obj_recalls": {"1": 0.4991830065359477, "2": 0.05046343975283213, "3": 0.07767669699090272, "4": 0.033210332103321034, "5": 0.3638676844783715, "6": 0.2663230240549828, "7": 0.0, "8": 0.20255368543238536},
  "recall": 0.2105030403537866,
  "scene_recalls": {"1": 0.2105030403537866},
  "targets_count": 9045,
  "tp_count": 1904
}