{
  "gt_count": 10279,
  "mean_obj_recall": 0.054436577686275654,
  "mean_scene_recall": 0.062133775566611385,
  "obj_recalls": {"1": 0.21405228758169934, "2": 0.0, "3": 0.02099370188943317, "4": 0.0, "5": 0.06615776081424936, "6": 0.070446735395189, "7": 0.0, "8": 0.06384213580963435},
  "recall": 0.062133775566611385,
  "scene_recalls": {"1": 0.062133775566611385},
  "targets_count": 9045,
  "tp_count": 562
}