{
  "gt_count": 10279,
  "mean_obj_recall": 0.27833925798617704,
  "mean_scene_recall": 0.3113322277501382,
  "obj_recalls": {"1": 0.5661764705882353, "2": 0.20494335736354274, "3": 0.12666200139958012, "4": 0.11143911439114391, "5": 0.5818490245971162, "6": 0.3384879725085911, "7": 0.0, "8": 0.2971561230412072},
  "recall": 0.3113322277501382,
  "scene_recalls": {"1": 0.3113322277501382},
  "targets_count": 9045,
  "tp_count": 2816
}