{
  "gt_count": 10279,
  "mean_obj_recall": 0.31926699206306536,
  "mean_scene_recall": 0.35655058043117743,
  "obj_recalls": {"1": 0.5988562091503268, "2": 0.2945417095777549, "3": 0.14275717284814557, "4": 0.17859778597785977, "5": 0.6361323155216285, "6": 0.36082474226804123, "7": 0.0, "8": 0.3424260011607661},
  "recall": 0.35655058043117743,
  "scene_recalls": {"1": 0.35655058043117743},
  "targets_count": 9045,
  "tp_count": 3225
}