{
  "gt_count": 10279,
  "mean_obj_recall": 0.3376128129757594,
  "mean_scene_recall": 0.3768933112216694,
  "obj_recalls": {"1": 0.6127450980392157, "2": 0.3336766220391349, "3": 0.14765570328901328, "4": 0.21845018450184503, "5": 0.6539440203562341, "6": 0.37285223367697595, "7": 0.0, "8": 0.3615786419036564},
  "recall": 0.3768933112216694,
  "scene_recalls": {"1": 0.3768933112216694},
  "targets_count": 9045,
  "tp_count": 3409
}