{
  "gt_count": 10279,
  "mean_obj_recall": 0.226965666790668,
  "mean_scene_recall": 0.2552791597567717,
  "obj_recalls": {"1": 0.5334967320261438, "2": 0.10298661174047374, "3": 0.099370188943317, "4": 0.05830258302583026, "5": 0.46904156064461405, "6": 0.30412371134020616, "7": 0.0, "8": 0.24840394660475915},
  "recall": 0.2552791597567717,
  "scene_recalls": {"1": 0.2552791597567717},
  "targets_count": 9045,
  "tp_count": 2309
}