{
  "gt_count": 10292,
  "mean_obj_recall": 0.05435445314492039,
  "mean_scene_recall": 0.05334240186552662,
  "obj_recalls": {"1": 0.23447712418300654, "2": 0.003089598352214212, "3": 0.04198740377886634, "4": 0.002952029520295203, "5": 0.006785411365564037, "6": 0.06013745704467354, "7": 0.06335204490777867, "8": 0.022054556006964595},
  "recall": 0.05334240186552662,
  "scene_recalls": {"1": 0.05334240186552662},
  "targets_count": 10292,
  "tp_count": 549
}