{
  "gt_count": 10292,
  "mean_obj_recall": 0.011127119754259689,
  "mean_scene_recall": 0.011173727166731443,
  "obj_recalls": {"1": 0.058823529411764705, "2": 0.0, "3": 0.0244926522043387, "4": 0.0, "5": 0.0, "6": 0.002577319587628866, "7": 0.0008019246190858059, "8": 0.0023215322112594312},
  "recall": 0.011173727166731443,
  "scene_recalls": {"1": 0.011173727166731443},
  "targets_count": 10292,
  "tp_count": 115
}