{
  "gt_count": 10292,
  "mean_obj_recall": 0.002902724155517068,
  "mean_scene_recall": 0.0028177225029148855,
  "obj_recalls": {"1": 0.021241830065359478, "2": 0.0, "3": 0.0013995801259622112, "4": 0.0, "5": 0.0, "6": 0.0, "7": 0.0, "8": 0.0005803830528148578},
  "recall": 0.0028177225029148855,
  "scene_recalls": {"1": 0.0028177225029148855},
  "targets_count": 10292,
  "tp_count": 29
}