{
  "gt_count": 10292,
  "mean_obj_recall": 0.03255620599304984,
  "mean_scene_recall": 0.03196657598134473,
  "obj_recalls": {"1": 0.1650326797385621, "2": 0.0020597322348094747, "3": 0.0363890832750175, "4": 0.0, "5": 0.0016963528413910093, "6": 0.02491408934707904, "7": 0.02165196471531676, "8": 0.008705745792222866},
  "recall": 0.03196657598134473,
  "scene_recalls": {"1": 0.03196657598134473},
  "targets_count": 10292,
  "tp_count": 329
}