{
  "gt_count": 10292,
  "mean_obj_recall": 0.04440362006334152,
  "mean_scene_recall": 0.043431791682860474,
  "obj_recalls": {"1": 0.2107843137254902, "2": 0.003089598352214212, "3": 0.0370888733379986, "4": 0.0014760147601476014, "5": 0.002544529262086514, "6": 0.04381443298969072, "7": 0.042502004811547714, "8": 0.013929193267556587},
  "recall": 0.043431791682860474,
  "scene_recalls": {"1": 0.043431791682860474},
  "targets_count": 10292,
  "tp_count": 447
}