{
  "gt_count": 10292,
  "mean_obj_recall": 0.019370597516647527,
  "mean_scene_recall": 0.0192382432957637,
  "obj_recalls": {"1": 0.09395424836601307, "2": 0.0010298661174047373, "3": 0.03219034289713086, "4": 0.0, "5": 0.0, "6": 0.013745704467353952, "7": 0.008821170809943865, "8": 0.00522344747533372},
  "recall": 0.0192382432957637,
  "scene_recalls": {"1": 0.0192382432957637},
  "targets_count": 10292,
  "tp_count": 198
}