{
  "gt_count": 10292,
  "mean_obj_recall": 0.06534342996591017,
  "mean_scene_recall": 0.06451612903225806,
  "obj_recalls": {"1": 0.2622549019607843, "2": 0.003089598352214212, "3": 0.04478656403079076, "4": 0.002952029520295203, "5": 0.009329940627650551, "6": 0.08161512027491409, "7": 0.0809943865276664, "8": 0.03772489843296576},
  "recall": 0.06451612903225806,
  "scene_recalls": {"1": 0.06451612903225806},
  "targets_count": 10292,
  "tp_count": 664
}