{
  "gt_count": 10292,
  "mean_obj_recall": 0.020139752100909264,
  "mean_scene_recall": 0.019335406140691798,
  "obj_recalls": {"1": 0.136437908496732, "2": 0.0010298661174047373, "3": 0.012596221133659902, "4": 0.0, "5": 0.0, "6": 0.009450171821305841, "7": 0.0016038492381716118, "8": 0.0},
  "recall": 0.019335406140691798,
  "scene_recalls": {"1": 0.019335406140691798},
  "targets_count": 10292,
  "tp_count": 199
}