{
  "gt_count": 10292,
  "mean_obj_recall": 0.07507924851384054,
  "mean_scene_recall": 0.07277497085114652,
  "obj_recalls": {"1": 0.3415032679738562, "2": 0.04016477857878476, "3": 0.07907627711686493, "4": 0.03173431734317343, "5": 0.01102629346904156, "6": 0.020618556701030927, "7": 0.06896551724137931, "8": 0.0075449796865931515},
  "recall": 0.07277497085114652,
  "scene_recalls": {"1": 0.07277497085114652},
  "targets_count": 10292,
  "tp_count": 749
}