{
  "gt_count": 10292,
  "mean_obj_recall": 0.004401868135570379,
  "mean_scene_recall": 0.004178002331908278,
  "obj_recalls": {"1": 0.03349673202614379, "2": 0.0, "3": 0.0, "4": 0.0, "5": 0.0, "6": 0.001718213058419244, "7": 0.0, "8": 0.0},
  "recall": 0.004178002331908278,
  "scene_recalls": {"1": 0.004178002331908278},
  "targets_count": 10292,
  "tp_count": 43
}