{
  "gt_count": 10292,
  "mean_obj_recall": 0.05484733544299261,
  "mean_scene_recall": 0.05305091333074233,
  "obj_recalls": {"1": 0.24673202614379086, "2": 0.032955715756951595, "3": 0.0734779566130161, "4": 0.007380073800738007, "5": 0.002544529262086514, "6": 0.014604810996563574, "7": 0.05934242181234964, "8": 0.0017411491584445734},
  "recall": 0.05305091333074233,
  "scene_recalls": {"1": 0.05305091333074233},
  "targets_count": 10292,
  "tp_count": 546
}