{
  "gt_count": 10292,
  "mean_obj_recall": 0.06281772717525526,
  "mean_scene_recall": 0.060823940924990286,
  "obj_recalls": {"1": 0.2826797385620915, "2": 0.03604531410916581, "3": 0.0748775367389783, "4": 0.01992619926199262, "5": 0.0033927056827820186, "6": 0.01718213058419244, "7": 0.06495589414595028, "8": 0.003482298316889147},
  "recall": 0.060823940924990286,
  "scene_recalls": {"1": 0.060823940924990286},
  "targets_count": 10292,
  "tp_count": 626
}