{
  "gt_count": 10292,
  "mean_obj_recall": 0.07951246056957727,
  "mean_scene_recall": 0.0775359502526234,
  "obj_recalls": {"1": 0.3562091503267974, "2": 0.0411946446961895, "3": 0.08047585724282715, "4": 0.03247232472324723, "5": 0.01272264631043257, "6": 0.02147766323024055, "7": 0.07297514033680834, "8": 0.01857225769007545},
  "recall": 0.0775359502526234,
  "scene_recalls": {"1": 0.0775359502526234},
  "targets_count": 10292,
  "tp_count": 798
}