{
  "gt_count": 10292,
  "mean_obj_recall": 0.06944911494949682,
  "mean_scene_recall": 0.06723668869024485,
  "obj_recalls": {"1": 0.315359477124183, "2": 0.03810504634397528, "3": 0.07767669699090272, "4": 0.02730627306273063, "5": 0.008481764206955046, "6": 0.01804123711340206, "7": 0.06655974338412189, "8": 0.004062681369704005},
  "recall": 0.06723668869024485,
  "scene_recalls": {"1": 0.06723668869024485},
  "targets_count": 10292,
  "tp_count": 692
}