{
  "gt_count": 10292,
  "mean_obj_recall": 0.0324968269342167,
  "mean_scene_recall": 0.03167508744656043,
  "obj_recalls": {"1": 0.16666666666666666, "2": 0.010298661174047374, "3": 0.05038488453463961, "4": 0.0014760147601476014, "5": 0.0008481764206955047, "6": 0.009450171821305841, "7": 0.020850040096230954, "8": 0.0},
  "recall": 0.03167508744656043,
  "scene_recalls": {"1": 0.03167508744656043},
  "targets_count": 10292,
  "tp_count": 326
}