{
  "gt_count": 10292,
  "mean_obj_recall": 0.04415755358353083,
  "mean_scene_recall": 0.04294597745821998,
  "obj_recalls": {"1": 0.2042483660130719, "2": 0.021627188465499485, "3": 0.06857942617214835, "4": 0.0014760147601476014, "5": 0.0016963528413910093, "6": 0.011168384879725086, "7": 0.04330392943063352, "8": 0.0011607661056297156},
  "recall": 0.04294597745821998,
  "scene_recalls": {"1": 0.04294597745821998},
  "targets_count": 10292,
  "tp_count": 442
}