{
  "gt_count": 10292,
  "mean_obj_recall": 0.08522833088830581,
  "mean_scene_recall": 0.08317139525845317,
  "obj_recalls": {"1": 0.3602941176470588, "2": 0.044284243048403706, "3": 0.08327501749475158, "4": 0.03468634686346864, "5": 0.02883799830364716, "6": 0.024054982817869417, "7": 0.08259823576583801, "8": 0.02379570516540917},
  "recall": 0.08317139525845317,
  "scene_recalls": {"1": 0.08317139525845317},
  "targets_count": 10292,
  "tp_count": 856
}