{
  "gt_count": 10292,
  "mean_obj_recall": 0.6850609279059354,
  "mean_scene_recall": 0.6667314418966187,
  "obj_recalls": {"1": 0.8472222222222222, "2": 0.8496395468589083, "3": 0.3960811756473058, "4": 0.6819188191881919, "5": 0.7828668363019508, "6": 0.6314432989690721, "7": 0.7834803528468324, "8": 0.5078351712130006},
  "recall": 0.6667314418966187,
  "scene_recalls": {"1": 0.6667314418966187},
  "targets_count": 10292,
  "tp_count": 6862
}