{
  "gt_count": 10279,
  "mean_obj_recall": 0.11196747370153232,
  "mean_scene_recall": 0.11940298507462686,
  "obj_recalls": {"1": 0.2916666666666667, "2": 0.21421215242018538, "3": 0.11616515045486354, "4": 0.15202952029520295, "5": 0.02714164546225615, "6": 0.09278350515463918, "7": 0.0, "8": 0.0017411491584445734},
  "recall": 0.11940298507462686,
  "scene_recalls": {"1": 0.11940298507462686},
  "targets_count": 9045,
  "tp_count": 1080
}