{
  "gt_count": 10279,
  "mean_obj_recall": 0.5871258838000815,
  "mean_scene_recall": 0.6506357103372029,
  "obj_recalls": {"1": 0.8472222222222222, "2": 0.8496395468589083, "3": 0.3960811756473058, "4": 0.6819188191881919, "5": 0.7828668363019508, "6": 0.6314432989690721, "7": 0.0, "8": 0.5078351712130006},
  "recall": 0.6506357103372029,
  "scene_recalls": {"1": 0.6506357103372029},
  "targets_count": 9045,
  "tp_count": 5885
}