{
  "gt_count": 10279,
  "mean_obj_recall": 0.19752173435490553,
  "mean_scene_recall": 0.21216141514648978,
  "obj_recalls": {"1": 0.4591503267973856, "2": 0.32646755921730175, "3": 0.20363890832750176, "4": 0.2848708487084871, "5": 0.1263782866836302, "6": 0.17096219931271478, "7": 0.0, "8": 0.008705745792222866},
  "recall": 0.21216141514648978,
  "scene_recalls": {"1": 0.21216141514648978},
  "targets_count": 9045,
  "tp_count": 1919
}