{
  "gt_count": 10292,
  "mean_obj_recall": 0.4282917653991576,
  "mean_scene_recall": 0.4078896230081617,
  "obj_recalls": {"1": 0.7066993464052288, "2": 0.607621009268795, "3": 0.25262421273617913, "4": 0.5527675276752767, "5": 0.28329092451229854, "6": 0.4063573883161512, "7": 0.49799518845228546, "8": 0.11897852582704585},
  "recall": 0.4078896230081617,
  "scene_recalls": {"1": 0.4078896230081617},
  "targets_count": 10292,
  "tp_count": 4198
}