{
  "gt_count": 10279,
  "mean_obj_recall": 0.43421823678655147,
  "mean_scene_recall": 0.4739635157545605,
  "obj_recalls": {"1": 0.7671568627450981, "2": 0.6601441812564367, "3": 0.2813156053184045, "4": 0.6265682656826568, "5": 0.40882103477523324, "6": 0.506872852233677, "7": 0.0, "8": 0.2228670922809054},
  "recall": 0.4739635157545605,
  "scene_recalls": {"1": 0.4739635157545605},
  "targets_count": 9045,
  "tp_count": 4287
}