{
  "gt_count": 10279,
  "mean_obj_recall": 0.554049805350604,
  "mean_scene_recall": 0.6123825317855168,
  "obj_recalls": {"1": 0.8333333333333334, "2": 0.7929969104016478, "3": 0.35129461161651504, "4": 0.6745387453874538, "5": 0.732824427480916, "6": 0.6005154639175257, "7": 0.0, "8": 0.4468949506674405},
  "recall": 0.6123825317855168,
  "scene_recalls": {"1": 0.6123825317855168},
  "targets_count": 9045,
  "tp_count": 5539
}