{
  "gt_count": 10292,
  "mean_obj_recall": 0.21506383539740753,
  "mean_scene_recall": 0.20345899727944033,
  "obj_recalls": {"1": 0.4591503267973856, "2": 0.32646755921730175, "3": 0.20363890832750176, "4": 0.2848708487084871, "5": 0.1263782866836302, "6": 0.17096219931271478, "7": 0.14033680834001605, "8": 0.008705745792222866},
  "recall": 0.20345899727944033,
  "scene_recalls": {"1": 0.20345899727944033},
  "targets_count": 10292,
  "tp_count": 2094
}