{
  "gt_count": 10279,
  "mean_obj_recall": 0.5017613414112755,
  "mean_scene_recall": 0.5525704809286899,
  "obj_recalls": {"1": 0.8047385620915033, "2": 0.7260556127703398, "3": 0.31490552834149754, "4": 0.6553505535055351, "5": 0.5979643765903307, "6": 0.5575601374570447, "7": 0.0, "8": 0.3575159605339524},
  "recall": 0.5525704809286899,
  "scene_recalls": {"1": 0.5525704809286899},
  "targets_count": 9045,
  "tp_count": 4998
}