{
  "gt_count": 10279,
  "mean_obj_recall": 0.041790477802846504,
  "mean_scene_recall": 0.04400221116639027,
  "obj_recalls": {"1": 0.14624183006535948, "2": 0.07929969104016478, "3": 0.023792862141357594, "4": 0.047232472324723246, "5": 0.0033927056827820186, "6": 0.03436426116838488, "7": 0.0, "8": 0.0},
  "recall": 0.04400221116639027,
  "scene_recalls": {"1": 0.04400221116639027},
  "targets_count": 9045,
  "tp_count": 398
}