{
  "gt_count": 10292,
  "mean_obj_recall": 0.5898728089333284,
  "mean_scene_recall": 0.5710260396424407,
  "obj_recalls": {"1": 0.8047385620915033, "2": 0.7260556127703398, "3": 0.31490552834149754, "4": 0.6553505535055351, "5": 0.5979643765903307, "6": 0.5575601374570447, "7": 0.7048917401764234, "8": 0.3575159605339524},
  "recall": 0.5710260396424407,
  "scene_recalls": {"1": 0.5710260396424407},
  "targets_count": 10292,
  "tp_count": 5877
}