{
  "gt_count": 10292,
  "mean_obj_recall": 0.11577661564218988,
  "mean_scene_recall": 0.10862806062961523,
  "obj_recalls": {"1": 0.2916666666666667, "2": 0.21421215242018538, "3": 0.11616515045486354, "4": 0.15202952029520295, "5": 0.02714164546225615, "6": 0.09278350515463918, "7": 0.030473135525260625, "8": 0.0017411491584445734},
  "recall": 0.10862806062961523,
  "scene_recalls": {"1": 0.10862806062961523},
  "targets_count": 10292,
  "tp_count": 1118
}