{
  "gt_count": 10279,
  "mean_obj_recall": 0.28021898267363227,
  "mean_scene_recall": 0.30105030403537864,
  "obj_recalls": {"1": 0.6127450980392157, "2": 0.470648815653965, "3": 0.22953114065780267, "4": 0.418450184501845, "5": 0.19423240033927056, "6": 0.27319587628865977, "7": 0.0, "8": 0.042948345908299476},
  "recall": 0.30105030403537864,
  "scene_recalls": {"1": 0.30105030403537864},
  "targets_count": 9045,
  "tp_count": 2723
}